year,country,region,avg_temperature_c,rainfall_mm,drought_index,flood_risk_score,heatwave_days,soil_moisture_percent,climate_risk_level
1961,Pakistan,South Asia,25.6,865.5,0.312,0.548,24,36.67,Moderate
1962,Pakistan,South Asia,24.85,1005.0,0.056,0.388,30,54.86,Low
1963,Pakistan,South Asia,25.81,737.7,0.278,0.462,20,25.41,Moderate
1964,Pakistan,South Asia,26.88,797.6,0.413,0.4,27,34.64,Moderate
1965,Pakistan,South Asia,24.79,787.3,0.259,0.315,23,30.99,Moderate
1966,Pakistan,South Asia,24.81,615.8,0.458,0.345,15,16.88,Moderate
1967,Pakistan,South Asia,27.0,897.4,0.347,0.465,26,37.29,Moderate
1968,Pakistan,South Asia,26.05,891.8,0.26,0.398,22,33.19,Moderate
1969,Pakistan,South Asia,24.58,850.8,0.154,0.431,18,36.15,Moderate
1970,Pakistan,South Asia,25.81,812.5,0.189,0.375,15,29.65,Moderate
1971,Pakistan,South Asia,24.62,623.5,0.35,0.321,18,35.96,Moderate
1972,Pakistan,South Asia,24.64,782.7,0.341,0.444,21,32.52,Moderate
1973,Pakistan,South Asia,25.51,795.2,0.324,0.524,32,29.07,Moderate
1974,Pakistan,South Asia,22.94,721.6,0.132,0.262,20,34.73,Low
1975,Pakistan,South Asia,23.18,824.2,0.184,0.583,30,36.85,Moderate
1976,Pakistan,South Asia,24.6,914.6,0.207,0.301,11,40.26,Moderate
1977,Pakistan,South Asia,24.07,1151.8,0.0,0.564,23,61.27,Moderate
1978,Pakistan,South Asia,25.68,877.9,0.269,0.486,22,43.05,Moderate
1979,Pakistan,South Asia,24.23,891.2,0.18,0.468,34,37.78,Moderate
1980,Pakistan,South Asia,23.65,838.1,0.092,0.369,8,36.6,Low
1981,Pakistan,South Asia,27.12,543.0,0.597,0.255,18,13.57,Moderate
1982,Pakistan,South Asia,25.11,845.8,0.296,0.383,14,22.55,Moderate
1983,Pakistan,South Asia,25.48,859.6,0.346,0.383,3,26.96,Moderate
1984,Pakistan,South Asia,23.7,1244.1,0.0,0.69,10,70.41,Moderate
1985,Pakistan,South Asia,24.78,819.2,0.144,0.438,12,47.96,Moderate
1986,Pakistan,South Asia,25.58,898.2,0.163,0.394,21,40.17,Moderate
1987,Pakistan,South Asia,24.09,844.4,0.242,0.494,18,40.83,Moderate
1988,Pakistan,South Asia,25.94,663.0,0.464,0.356,36,25.73,Moderate
1989,Pakistan,South Asia,24.78,1032.9,0.143,0.581,25,67.26,Moderate
1990,Pakistan,South Asia,25.17,970.3,0.474,0.536,14,45.76,High
1991,Pakistan,South Asia,24.82,976.6,0.189,0.422,11,44.28,Moderate
1992,Pakistan,South Asia,27.78,704.5,0.577,0.307,31,17.96,Moderate
1993,Pakistan,South Asia,25.56,1074.4,0.187,0.597,10,40.35,Moderate
1994,Pakistan,South Asia,24.32,625.7,0.421,0.362,31,24.08,Moderate
1995,Pakistan,South Asia,26.6,943.9,0.231,0.47,33,38.05,Moderate
1996,Pakistan,South Asia,24.16,1200.5,0.011,0.61,12,51.26,Moderate
1997,Pakistan,South Asia,25.9,691.5,0.339,0.448,7,23.91,Moderate
1998,Pakistan,South Asia,23.31,759.4,0.204,0.332,24,27.39,Moderate
1999,Pakistan,South Asia,24.09,865.9,0.147,0.477,15,50.48,Moderate
2000,Pakistan,South Asia,25.94,769.4,0.354,0.369,31,36.68,Moderate
2001,Pakistan,South Asia,26.61,601.9,0.686,0.284,11,16.34,Moderate
2002,Pakistan,South Asia,25.94,861.0,0.133,0.518,17,49.27,Moderate
2003,Pakistan,South Asia,25.62,680.0,0.45,0.406,20,25.47,Moderate
2004,Pakistan,South Asia,25.41,925.8,0.08,0.528,20,39.51,Moderate
2005,Pakistan,South Asia,24.02,702.9,0.261,0.456,12,39.06,Moderate
2006,Pakistan,South Asia,24.95,1098.0,0.15,0.551,23,55.13,Moderate
2007,Pakistan,South Asia,25.28,724.7,0.351,0.417,11,22.98,Moderate
2008,Pakistan,South Asia,27.11,798.5,0.299,0.374,24,32.8,Moderate
2009,Pakistan,South Asia,26.28,980.2,0.156,0.516,23,40.62,Moderate
2010,Pakistan,South Asia,23.77,653.1,0.376,0.316,19,16.83,Moderate
2011,Pakistan,South Asia,26.29,886.4,0.223,0.451,28,45.42,Moderate
2012,Pakistan,South Asia,25.46,1059.1,0.134,0.577,11,61.74,Moderate
2013,Pakistan,South Asia,25.12,592.8,0.436,0.231,7,12.52,Moderate
2014,Pakistan,South Asia,26.69,879.5,0.254,0.607,34,42.27,Moderate
2015,Pakistan,South Asia,27.21,891.6,0.495,0.365,28,30.77,Moderate
2016,Pakistan,South Asia,27.11,975.1,0.31,0.39,19,39.64,Moderate
2017,Pakistan,South Asia,25.0,652.1,0.222,0.419,31,24.6,Moderate
2018,Pakistan,South Asia,25.65,638.7,0.441,0.383,21,17.92,Moderate
2019,Pakistan,South Asia,26.44,933.5,0.202,0.517,32,42.92,Moderate
2020,Pakistan,South Asia,27.23,897.5,0.389,0.499,26,32.12,Moderate
2021,Pakistan,South Asia,25.5,890.1,0.176,0.444,37,42.61,Moderate
2022,Pakistan,South Asia,25.88,905.4,0.238,0.381,35,40.21,Moderate
2023,Pakistan,South Asia,24.79,741.2,0.35,0.377,16,28.62,Moderate
2024,Pakistan,South Asia,24.7,887.2,0.271,0.389,25,33.5,Moderate
2025,Pakistan,South Asia,27.13,896.9,0.22,0.526,30,36.99,Moderate
2026,Pakistan,South Asia,27.8,735.7,0.438,0.356,38,32.57,Moderate
2027,Pakistan,South Asia,26.1,1148.5,0.047,0.508,14,59.5,Moderate
2028,Pakistan,South Asia,27.41,925.8,0.257,0.437,31,35.29,Moderate
2029,Pakistan,South Asia,26.66,659.4,0.603,0.363,32,21.5,Moderate
2030,Pakistan,South Asia,25.47,955.0,0.224,0.432,6,47.79,Moderate
2031,Pakistan,South Asia,26.69,694.1,0.338,0.281,14,17.92,Moderate
2032,Pakistan,South Asia,28.12,975.9,0.383,0.507,12,44.41,Moderate
2033,Pakistan,South Asia,26.25,1035.4,0.343,0.537,20,40.94,Moderate
2034,Pakistan,South Asia,28.19,718.7,0.579,0.319,34,27.78,Moderate
2035,Pakistan,South Asia,23.19,1004.1,0.0,0.464,25,45.63,Low
2036,Pakistan,South Asia,27.34,916.0,0.274,0.477,26,29.5,Moderate
2037,Pakistan,South Asia,26.47,981.5,0.324,0.375,36,32.83,Moderate
2038,Pakistan,South Asia,26.03,1153.5,0.021,0.464,11,57.55,Low
2039,Pakistan,South Asia,26.51,810.7,0.382,0.348,9,34.45,Moderate
2040,Pakistan,South Asia,24.04,729.4,0.343,0.348,15,24.19,Moderate
2041,Pakistan,South Asia,26.18,707.7,0.329,0.379,25,32.63,Moderate
2042,Pakistan,South Asia,26.89,719.5,0.426,0.478,24,17.49,Moderate
2043,Pakistan,South Asia,28.25,837.7,0.155,0.487,12,38.39,Moderate
2044,Pakistan,South Asia,25.87,904.6,0.166,0.439,20,34.65,Moderate
2045,Pakistan,South Asia,25.54,894.3,0.218,0.446,10,36.44,Moderate
2046,Pakistan,South Asia,25.93,982.3,0.095,0.411,27,47.5,Moderate
2047,Pakistan,South Asia,27.65,852.1,0.504,0.425,29,27.36,Moderate
2048,Pakistan,South Asia,26.96,1082.6,0.06,0.518,17,50.61,Moderate
2049,Pakistan,South Asia,25.95,807.7,0.285,0.43,17,40.71,Moderate
2050,Pakistan,South Asia,27.22,1285.2,0.053,0.576,17,59.73,Moderate
1961,India,South Asia,26.0,579.2,0.511,0.275,24,19.99,Moderate
1962,India,South Asia,23.66,1094.7,0.0,0.512,11,42.49,Moderate
1963,India,South Asia,25.67,824.7,0.187,0.528,21,36.02,Moderate
1964,India,South Asia,26.78,781.7,0.44,0.407,34,26.19,Moderate
1965,India,South Asia,22.11,688.1,0.227,0.427,11,23.84,Moderate
1966,India,South Asia,24.13,585.2,0.374,0.174,16,20.1,Moderate
1967,India,South Asia,25.8,981.7,0.19,0.512,10,56.07,Moderate
1968,India,South Asia,24.88,861.7,0.256,0.502,24,41.8,Moderate
1969,India,South Asia,25.59,643.6,0.377,0.328,25,21.22,Moderate
1970,India,South Asia,24.44,642.8,0.3,0.407,34,29.57,Moderate
1971,India,South Asia,25.28,796.3,0.311,0.357,17,41.99,Moderate
1972,India,South Asia,25.01,1117.0,0.0,0.671,20,61.4,Moderate
1973,India,South Asia,26.62,808.5,0.386,0.588,25,33.06,Moderate
1974,India,South Asia,25.54,609.5,0.305,0.276,33,20.49,Moderate
1975,India,South Asia,25.66,810.7,0.386,0.37,20,37.0,Moderate
1976,India,South Asia,24.78,806.4,0.301,0.519,20,36.67,Moderate
1977,India,South Asia,24.7,418.5,0.557,0.336,22,15.16,Moderate
1978,India,South Asia,24.79,841.3,0.317,0.379,19,39.54,Moderate
1979,India,South Asia,25.8,813.1,0.442,0.373,17,38.1,Moderate
1980,India,South Asia,24.84,961.4,0.236,0.458,20,40.13,Moderate
1981,India,South Asia,25.71,1145.8,0.0,0.465,29,65.2,Low
1982,India,South Asia,27.87,1030.3,0.155,0.442,19,49.59,Moderate
1983,India,South Asia,26.44,807.0,0.296,0.323,24,46.89,Moderate
1984,India,South Asia,25.02,673.0,0.373,0.275,13,22.06,Moderate
1985,India,South Asia,26.87,1261.7,0.084,0.628,34,71.83,Moderate
1986,India,South Asia,24.96,859.5,0.176,0.448,6,40.64,Moderate
1987,India,South Asia,23.02,852.2,0.157,0.55,8,35.56,Moderate
1988,India,South Asia,24.28,846.1,0.149,0.343,19,36.42,Low
1989,India,South Asia,23.26,881.7,0.084,0.52,26,40.48,Moderate
1990,India,South Asia,25.1,826.9,0.152,0.396,18,40.85,Moderate
1991,India,South Asia,25.56,758.2,0.263,0.375,16,35.79,Moderate
1992,India,South Asia,27.57,762.5,0.326,0.435,41,28.17,Moderate
1993,India,South Asia,25.97,844.8,0.217,0.333,10,37.75,Moderate
1994,India,South Asia,25.33,763.1,0.406,0.412,2,42.89,Moderate
1995,India,South Asia,26.61,735.9,0.329,0.381,27,40.59,Moderate
1996,India,South Asia,22.98,867.0,0.34,0.473,8,39.17,Moderate
1997,India,South Asia,25.93,809.2,0.358,0.428,13,33.53,Moderate
1998,India,South Asia,26.59,1090.6,0.165,0.742,29,51.95,Moderate
1999,India,South Asia,23.91,425.8,0.423,0.162,17,16.52,Moderate
2000,India,South Asia,27.07,1024.6,0.278,0.47,20,39.54,Moderate
2001,India,South Asia,26.13,1049.4,0.111,0.475,12,48.71,Moderate
2002,India,South Asia,25.24,518.3,0.502,0.215,26,5.87,Moderate
2003,India,South Asia,26.52,795.2,0.563,0.347,28,30.9,Moderate
2004,India,South Asia,28.5,790.6,0.453,0.49,28,34.36,Moderate
2005,India,South Asia,26.01,624.8,0.546,0.426,36,17.42,Moderate
2006,India,South Asia,26.11,725.5,0.331,0.317,13,39.1,Moderate
2007,India,South Asia,25.28,672.3,0.381,0.27,7,18.64,Moderate
2008,India,South Asia,24.83,1130.4,0.176,0.603,12,44.22,Moderate
2009,India,South Asia,26.86,999.7,0.179,0.456,24,47.76,Moderate
2010,India,South Asia,24.85,1053.4,0.235,0.577,20,54.25,Moderate
2011,India,South Asia,25.99,965.5,0.266,0.499,20,53.05,Moderate
2012,India,South Asia,25.34,669.4,0.344,0.213,22,23.83,Moderate
2013,India,South Asia,26.51,766.1,0.429,0.507,13,36.2,Moderate
2014,India,South Asia,26.35,928.3,0.332,0.608,34,39.53,Moderate
2015,India,South Asia,27.22,654.5,0.543,0.278,24,20.82,Moderate
2016,India,South Asia,25.38,964.1,0.055,0.451,29,52.41,Moderate
2017,India,South Asia,25.68,811.5,0.246,0.429,23,39.56,Moderate
2018,India,South Asia,24.85,790.0,0.258,0.422,22,24.87,Moderate
2019,India,South Asia,25.51,963.8,0.181,0.535,25,53.42,Moderate
2020,India,South Asia,26.51,921.1,0.317,0.621,27,47.99,Moderate
2021,India,South Asia,26.99,792.2,0.398,0.382,30,27.9,Moderate
2022,India,South Asia,24.99,1035.5,0.003,0.454,29,54.09,Low
2023,India,South Asia,27.16,677.0,0.505,0.228,27,26.72,Moderate
2024,India,South Asia,27.76,948.5,0.359,0.416,32,41.8,Moderate
2025,India,South Asia,26.65,944.9,0.302,0.47,23,37.9,Moderate
2026,India,South Asia,28.42,800.5,0.536,0.544,40,25.28,High
2027,India,South Asia,25.26,902.2,0.285,0.41,14,39.25,Moderate
2028,India,South Asia,24.71,649.8,0.408,0.343,32,31.36,Moderate
2029,India,South Asia,24.09,997.8,0.086,0.498,15,51.43,Moderate
2030,India,South Asia,28.04,820.4,0.283,0.505,16,33.14,Moderate
2031,India,South Asia,27.05,766.4,0.439,0.585,26,34.16,High
2032,India,South Asia,26.21,1017.8,0.2,0.466,17,29.8,Moderate
2033,India,South Asia,26.63,737.3,0.427,0.329,30,35.22,Moderate
2034,India,South Asia,24.96,624.6,0.3,0.396,13,14.8,Moderate
2035,India,South Asia,29.27,600.9,0.548,0.355,28,16.92,Moderate
2036,India,South Asia,26.51,947.0,0.333,0.621,8,33.97,Moderate
2037,India,South Asia,26.5,645.1,0.461,0.369,19,15.27,Moderate
2038,India,South Asia,27.26,1130.8,0.21,0.537,6,59.31,Moderate
2039,India,South Asia,26.98,516.9,0.582,0.306,12,11.4,Moderate
2040,India,South Asia,26.69,1121.4,0.136,0.649,30,55.43,Moderate
2041,India,South Asia,25.49,883.8,0.318,0.508,26,37.54,Moderate
2042,India,South Asia,27.02,834.5,0.314,0.458,28,38.31,Moderate
2043,India,South Asia,28.73,762.8,0.5,0.467,22,28.61,Moderate
2044,India,South Asia,28.11,913.9,0.316,0.55,27,31.68,Moderate
2045,India,South Asia,28.42,844.0,0.384,0.533,29,40.5,Moderate
2046,India,South Asia,25.92,1026.5,0.138,0.565,12,45.61,Moderate
2047,India,South Asia,25.36,868.3,0.266,0.421,32,28.76,Moderate
2048,India,South Asia,26.42,874.0,0.258,0.449,30,35.97,Moderate
2049,India,South Asia,26.65,791.8,0.467,0.492,22,39.25,Moderate
2050,India,South Asia,27.92,840.9,0.324,0.355,27,40.67,Moderate
1961,Bangladesh,South Asia,24.58,971.4,0.18,0.392,23,45.82,Moderate
1962,Bangladesh,South Asia,24.6,895.0,0.197,0.303,27,30.2,Low
1963,Bangladesh,South Asia,24.65,866.7,0.257,0.477,19,40.14,Moderate
1964,Bangladesh,South Asia,27.55,840.0,0.304,0.481,16,35.04,Moderate
1965,Bangladesh,South Asia,25.53,729.4,0.369,0.319,23,26.29,Moderate
1966,Bangladesh,South Asia,25.61,805.1,0.192,0.195,15,26.84,Low
1967,Bangladesh,South Asia,26.34,579.1,0.495,0.246,18,22.14,Moderate
1968,Bangladesh,South Asia,25.41,834.3,0.202,0.448,24,34.47,Moderate
1969,Bangladesh,South Asia,24.83,691.8,0.289,0.228,28,21.8,Moderate
1970,Bangladesh,South Asia,24.93,673.4,0.464,0.351,18,7.15,Moderate
1971,Bangladesh,South Asia,25.09,878.8,0.314,0.438,21,37.49,Moderate
1972,Bangladesh,South Asia,25.15,1072.7,0.14,0.583,33,61.47,Moderate
1973,Bangladesh,South Asia,26.09,996.9,0.105,0.508,24,57.71,Moderate
1974,Bangladesh,South Asia,25.3,598.7,0.412,0.222,40,18.96,Moderate
1975,Bangladesh,South Asia,26.13,691.7,0.51,0.442,26,20.78,Moderate
1976,Bangladesh,South Asia,25.17,1000.5,0.155,0.488,5,49.73,Moderate
1977,Bangladesh,South Asia,25.38,692.8,0.56,0.344,26,17.45,Moderate
1978,Bangladesh,South Asia,22.91,814.1,0.195,0.332,15,38.61,Moderate
1979,Bangladesh,South Asia,26.42,938.0,0.267,0.434,33,46.17,Moderate
1980,Bangladesh,South Asia,25.76,695.1,0.367,0.277,26,34.78,Moderate
1981,Bangladesh,South Asia,26.56,866.9,0.319,0.42,22,36.35,Moderate
1982,Bangladesh,South Asia,21.9,636.6,0.228,0.455,0,26.04,Moderate
1983,Bangladesh,South Asia,27.9,753.8,0.513,0.267,26,22.15,Moderate
1984,Bangladesh,South Asia,25.25,901.2,0.295,0.321,12,34.19,Moderate
1985,Bangladesh,South Asia,26.76,595.1,0.45,0.415,19,19.39,Moderate
1986,Bangladesh,South Asia,24.2,920.5,0.046,0.443,21,47.31,Low
1987,Bangladesh,South Asia,26.2,846.9,0.158,0.37,35,44.66,Moderate
1988,Bangladesh,South Asia,24.22,938.4,0.181,0.552,19,38.47,Moderate
1989,Bangladesh,South Asia,24.76,885.8,0.117,0.394,8,50.91,Moderate
1990,Bangladesh,South Asia,27.82,1068.3,0.056,0.68,31,50.67,Moderate
1991,Bangladesh,South Asia,25.31,870.0,0.275,0.489,29,37.87,Moderate
1992,Bangladesh,South Asia,25.82,781.3,0.532,0.352,16,23.94,Moderate
1993,Bangladesh,South Asia,26.62,869.6,0.309,0.607,22,22.74,Moderate
1994,Bangladesh,South Asia,26.19,936.9,0.307,0.42,22,46.0,Moderate
1995,Bangladesh,South Asia,25.79,857.8,0.283,0.488,15,41.64,Moderate
1996,Bangladesh,South Asia,26.07,856.5,0.284,0.452,27,35.46,Moderate
1997,Bangladesh,South Asia,28.53,737.7,0.573,0.473,28,25.82,High
1998,Bangladesh,South Asia,25.6,743.9,0.325,0.497,24,33.79,Moderate
1999,Bangladesh,South Asia,25.93,625.6,0.471,0.315,14,12.49,Moderate
2000,Bangladesh,South Asia,26.96,1129.9,0.167,0.505,21,49.99,Moderate
2001,Bangladesh,South Asia,27.05,651.0,0.434,0.362,30,28.64,Moderate
2002,Bangladesh,South Asia,27.16,739.1,0.51,0.315,22,19.24,Moderate
2003,Bangladesh,South Asia,26.52,735.1,0.387,0.529,37,30.77,Moderate
2004,Bangladesh,South Asia,24.4,993.2,0.05,0.508,14,40.52,Moderate
2005,Bangladesh,South Asia,27.75,802.8,0.457,0.372,29,33.8,Moderate
2006,Bangladesh,South Asia,24.43,1049.6,0.0,0.54,24,52.27,Moderate
2007,Bangladesh,South Asia,26.19,742.2,0.382,0.263,11,19.79,Moderate
2008,Bangladesh,South Asia,24.94,894.6,0.207,0.37,4,47.57,Moderate
2009,Bangladesh,South Asia,25.79,716.3,0.465,0.454,9,22.12,Moderate
2010,Bangladesh,South Asia,26.28,1193.2,0.099,0.544,32,52.81,Moderate
2011,Bangladesh,South Asia,26.29,660.0,0.441,0.246,18,25.39,Moderate
2012,Bangladesh,South Asia,26.42,899.6,0.344,0.493,43,44.99,Moderate
2013,Bangladesh,South Asia,27.87,951.4,0.425,0.571,23,32.97,Moderate
2014,Bangladesh,South Asia,26.5,916.2,0.315,0.516,24,39.88,Moderate
2015,Bangladesh,South Asia,25.68,820.4,0.299,0.49,33,37.61,Moderate
2016,Bangladesh,South Asia,27.15,829.2,0.26,0.354,41,40.42,Moderate
2017,Bangladesh,South Asia,27.44,857.0,0.274,0.315,42,38.42,Moderate
2018,Bangladesh,South Asia,24.55,826.5,0.213,0.533,27,34.86,Moderate
2019,Bangladesh,South Asia,26.76,1004.2,0.172,0.476,32,41.81,Moderate
2020,Bangladesh,South Asia,26.9,1203.7,0.07,0.582,29,59.29,Moderate
2021,Bangladesh,South Asia,25.72,760.8,0.347,0.487,27,24.66,Moderate
2022,Bangladesh,South Asia,27.75,630.8,0.579,0.36,22,5.0,Moderate
2023,Bangladesh,South Asia,25.94,835.9,0.294,0.454,15,38.53,Moderate
2024,Bangladesh,South Asia,26.28,1262.8,0.051,0.805,22,67.54,Moderate
2025,Bangladesh,South Asia,25.94,721.4,0.387,0.309,20,14.15,Moderate
2026,Bangladesh,South Asia,26.19,1112.3,0.0,0.63,18,49.55,Moderate
2027,Bangladesh,South Asia,24.87,1118.4,0.0,0.564,24,59.64,Moderate
2028,Bangladesh,South Asia,24.48,761.4,0.268,0.402,25,45.05,Moderate
2029,Bangladesh,South Asia,28.14,941.0,0.238,0.593,29,42.42,Moderate
2030,Bangladesh,South Asia,25.23,1110.5,0.116,0.596,31,48.84,Moderate
2031,Bangladesh,South Asia,25.07,789.3,0.412,0.438,10,30.13,Moderate
2032,Bangladesh,South Asia,23.69,817.4,0.298,0.495,13,43.15,Moderate
2033,Bangladesh,South Asia,25.53,756.9,0.319,0.349,14,27.6,Moderate
2034,Bangladesh,South Asia,24.73,687.6,0.464,0.277,3,20.3,Moderate
2035,Bangladesh,South Asia,28.3,746.1,0.494,0.289,28,24.53,Moderate
2036,Bangladesh,South Asia,27.56,654.2,0.484,0.17,25,17.31,Moderate
2037,Bangladesh,South Asia,25.54,855.5,0.217,0.592,32,39.17,Moderate
2038,Bangladesh,South Asia,29.09,726.8,0.511,0.275,36,35.87,Moderate
2039,Bangladesh,South Asia,27.58,887.4,0.314,0.426,18,40.02,Moderate
2040,Bangladesh,South Asia,26.03,601.1,0.486,0.278,36,18.82,Moderate
2041,Bangladesh,South Asia,23.44,902.9,0.14,0.476,24,40.6,Moderate
2042,Bangladesh,South Asia,29.21,983.4,0.358,0.557,36,32.63,Moderate
2043,Bangladesh,South Asia,24.81,531.0,0.496,0.334,16,21.93,Moderate
2044,Bangladesh,South Asia,24.52,909.8,0.271,0.408,9,39.6,Moderate
2045,Bangladesh,South Asia,27.74,1046.4,0.315,0.51,24,44.93,Moderate
2046,Bangladesh,South Asia,29.46,656.5,0.485,0.351,41,42.28,Moderate
2047,Bangladesh,South Asia,28.21,1117.6,0.008,0.539,43,57.52,Moderate
2048,Bangladesh,South Asia,27.24,917.0,0.382,0.587,38,33.7,Moderate
2049,Bangladesh,South Asia,27.3,737.2,0.329,0.408,21,27.72,Moderate
2050,Bangladesh,South Asia,27.63,841.1,0.363,0.479,17,41.69,Moderate
1961,Sri Lanka,South Asia,25.14,1027.1,0.275,0.557,11,51.64,Moderate
1962,Sri Lanka,South Asia,23.29,830.7,0.166,0.416,2,45.63,Moderate
1963,Sri Lanka,South Asia,26.14,502.4,0.491,0.216,17,15.82,Moderate
1964,Sri Lanka,South Asia,24.25,985.6,0.0,0.484,23,50.46,Low
1965,Sri Lanka,South Asia,27.32,764.3,0.276,0.375,33,29.0,Moderate
1966,Sri Lanka,South Asia,26.39,835.5,0.196,0.388,27,35.96,Moderate
1967,Sri Lanka,South Asia,24.57,903.1,0.205,0.431,23,44.75,Moderate
1968,Sri Lanka,South Asia,26.66,880.5,0.345,0.568,28,44.35,Moderate
1969,Sri Lanka,South Asia,25.23,963.5,0.047,0.527,14,46.41,Moderate
1970,Sri Lanka,South Asia,26.19,780.3,0.423,0.367,26,27.85,Moderate
1971,Sri Lanka,South Asia,25.76,932.1,0.184,0.522,27,42.93,Moderate
1972,Sri Lanka,South Asia,24.18,808.5,0.243,0.378,22,39.16,Moderate
1973,Sri Lanka,South Asia,24.44,968.2,0.26,0.578,26,34.56,Moderate
1974,Sri Lanka,South Asia,26.47,948.5,0.318,0.504,29,27.29,Moderate
1975,Sri Lanka,South Asia,24.85,700.3,0.321,0.342,21,25.3,Moderate
1976,Sri Lanka,South Asia,24.79,1023.8,0.037,0.548,26,43.13,Moderate
1977,Sri Lanka,South Asia,24.14,764.2,0.089,0.256,16,33.38,Low
1978,Sri Lanka,South Asia,25.81,979.3,0.134,0.4,14,45.4,Moderate
1979,Sri Lanka,South Asia,27.8,908.8,0.324,0.359,26,36.24,Moderate
1980,Sri Lanka,South Asia,24.06,1144.1,0.0,0.583,10,65.92,Moderate
1981,Sri Lanka,South Asia,25.39,814.2,0.277,0.546,14,37.13,Moderate
1982,Sri Lanka,South Asia,27.07,794.1,0.393,0.576,24,33.66,Moderate
1983,Sri Lanka,South Asia,25.3,846.9,0.242,0.474,13,41.24,Moderate
1984,Sri Lanka,South Asia,25.96,801.5,0.273,0.441,19,27.77,Moderate
1985,Sri Lanka,South Asia,24.16,978.0,0.123,0.345,1,52.68,Low
1986,Sri Lanka,South Asia,25.96,591.4,0.511,0.252,23,18.89,Moderate
1987,Sri Lanka,South Asia,25.24,681.4,0.288,0.278,19,32.33,Moderate
1988,Sri Lanka,South Asia,26.67,679.2,0.561,0.29,17,16.3,Moderate
1989,Sri Lanka,South Asia,26.93,1002.0,0.223,0.488,30,36.32,Moderate
1990,Sri Lanka,South Asia,28.63,1123.7,0.23,0.524,37,56.49,Moderate
1991,Sri Lanka,South Asia,26.24,833.3,0.373,0.258,9,36.46,Moderate
1992,Sri Lanka,South Asia,25.95,823.0,0.328,0.471,15,29.17,Moderate
1993,Sri Lanka,South Asia,25.81,861.2,0.352,0.345,15,30.81,Moderate
1994,Sri Lanka,South Asia,25.17,1035.9,0.142,0.537,11,55.72,Moderate
1995,Sri Lanka,South Asia,26.02,701.6,0.351,0.517,28,20.93,Moderate
1996,Sri Lanka,South Asia,25.28,888.1,0.258,0.371,18,49.1,Moderate
1997,Sri Lanka,South Asia,25.85,1006.0,0.082,0.301,19,43.25,Low
1998,Sri Lanka,South Asia,27.25,930.2,0.307,0.442,9,44.21,Moderate
1999,Sri Lanka,South Asia,24.48,880.3,0.192,0.528,22,38.2,Moderate
2000,Sri Lanka,South Asia,27.07,1010.2,0.215,0.662,15,49.82,Moderate
2001,Sri Lanka,South Asia,27.3,417.5,0.657,0.11,26,5.0,Moderate
2002,Sri Lanka,South Asia,25.6,958.5,0.045,0.519,23,46.05,Moderate
2003,Sri Lanka,South Asia,23.21,745.3,0.184,0.335,24,33.83,Moderate
2004,Sri Lanka,South Asia,25.04,557.1,0.462,0.27,8,12.61,Moderate
2005,Sri Lanka,South Asia,27.35,931.8,0.315,0.677,1,44.74,Moderate
2006,Sri Lanka,South Asia,25.78,1069.8,0.043,0.415,22,49.55,Low
2007,Sri Lanka,South Asia,24.63,828.0,0.341,0.434,32,33.2,Moderate
2008,Sri Lanka,South Asia,25.24,1002.5,0.077,0.539,29,42.62,Moderate
2009,Sri Lanka,South Asia,26.87,1108.0,0.23,0.641,26,35.43,Moderate
2010,Sri Lanka,South Asia,26.54,1060.4,0.204,0.538,19,47.8,Moderate
2011,Sri Lanka,South Asia,25.61,1112.4,0.034,0.581,27,69.41,Moderate
2012,Sri Lanka,South Asia,25.48,968.7,0.324,0.453,12,46.67,Moderate
2013,Sri Lanka,South Asia,25.47,862.1,0.162,0.453,24,39.75,Moderate
2014,Sri Lanka,South Asia,24.85,593.7,0.492,0.269,22,18.27,Moderate
2015,Sri Lanka,South Asia,27.91,810.6,0.497,0.455,36,30.74,Moderate
2016,Sri Lanka,South Asia,25.6,715.1,0.316,0.328,42,32.72,Moderate
2017,Sri Lanka,South Asia,27.47,1197.4,0.23,0.629,29,48.19,Moderate
2018,Sri Lanka,South Asia,27.85,821.9,0.386,0.409,23,40.07,Moderate
2019,Sri Lanka,South Asia,27.24,869.7,0.364,0.525,25,40.5,Moderate
2020,Sri Lanka,South Asia,25.54,938.2,0.228,0.465,6,46.66,Moderate
2021,Sri Lanka,South Asia,26.56,857.0,0.305,0.287,18,39.37,Moderate
2022,Sri Lanka,South Asia,26.07,1121.2,0.167,0.662,18,52.83,Moderate
2023,Sri Lanka,South Asia,25.03,750.4,0.379,0.303,14,33.97,Moderate
2024,Sri Lanka,South Asia,26.52,881.1,0.157,0.388,24,44.47,Moderate
2025,Sri Lanka,South Asia,24.74,731.2,0.419,0.318,11,26.06,Moderate
2026,Sri Lanka,South Asia,27.6,638.8,0.39,0.429,35,20.69,Moderate
2027,Sri Lanka,South Asia,25.63,752.1,0.427,0.205,20,29.68,Moderate
2028,Sri Lanka,South Asia,26.45,844.1,0.41,0.673,23,43.31,High
2029,Sri Lanka,South Asia,26.56,781.3,0.283,0.475,21,25.97,Moderate
2030,Sri Lanka,South Asia,25.93,739.2,0.336,0.387,23,21.44,Moderate
2031,Sri Lanka,South Asia,26.96,625.0,0.413,0.308,31,23.97,Moderate
2032,Sri Lanka,South Asia,25.71,836.7,0.271,0.441,14,36.73,Moderate
2033,Sri Lanka,South Asia,27.34,609.2,0.507,0.346,20,21.36,Moderate
2034,Sri Lanka,South Asia,24.7,971.6,0.203,0.537,15,45.98,Moderate
2035,Sri Lanka,South Asia,26.48,863.2,0.412,0.476,12,33.57,Moderate
2036,Sri Lanka,South Asia,28.68,616.8,0.705,0.316,23,25.68,High
2037,Sri Lanka,South Asia,25.17,800.5,0.242,0.384,15,25.59,Moderate
2038,Sri Lanka,South Asia,25.57,729.7,0.341,0.353,27,24.7,Moderate
2039,Sri Lanka,South Asia,27.02,901.1,0.173,0.435,27,40.98,Moderate
2040,Sri Lanka,South Asia,26.64,1064.5,0.107,0.623,25,41.22,Moderate
2041,Sri Lanka,South Asia,26.86,550.0,0.627,0.322,31,13.9,Moderate
2042,Sri Lanka,South Asia,27.05,868.4,0.461,0.199,24,44.16,Moderate
2043,Sri Lanka,South Asia,27.24,824.4,0.274,0.465,28,35.86,Moderate
2044,Sri Lanka,South Asia,27.83,957.4,0.26,0.494,26,44.05,Moderate
2045,Sri Lanka,South Asia,27.0,884.1,0.317,0.441,27,30.31,Moderate
2046,Sri Lanka,South Asia,26.24,729.7,0.413,0.334,18,24.52,Moderate
2047,Sri Lanka,South Asia,27.36,799.0,0.332,0.489,6,31.05,Moderate
2048,Sri Lanka,South Asia,28.85,722.6,0.56,0.437,29,23.02,Moderate
2049,Sri Lanka,South Asia,26.42,1022.2,0.153,0.449,34,55.73,Moderate
2050,Sri Lanka,South Asia,25.43,853.4,0.261,0.459,27,40.8,Moderate
1961,Nepal,South Asia,23.67,829.6,0.247,0.46,16,40.46,Moderate
1962,Nepal,South Asia,25.31,1091.8,0.12,0.464,43,45.37,Moderate
1963,Nepal,South Asia,25.63,617.8,0.48,0.307,23,20.09,Moderate
1964,Nepal,South Asia,26.42,848.1,0.273,0.41,20,36.9,Moderate
1965,Nepal,South Asia,26.97,649.6,0.312,0.343,32,29.83,Moderate
1966,Nepal,South Asia,23.87,908.2,0.233,0.425,19,44.77,Moderate
1967,Nepal,South Asia,24.13,991.9,0.06,0.485,19,43.99,Moderate
1968,Nepal,South Asia,23.62,782.7,0.153,0.457,19,36.57,Moderate
1969,Nepal,South Asia,24.86,433.3,0.589,0.182,35,12.63,Moderate
1970,Nepal,South Asia,25.72,881.8,0.225,0.312,12,48.33,Moderate
1971,Nepal,South Asia,26.36,919.9,0.346,0.6,26,43.3,Moderate
1972,Nepal,South Asia,25.11,914.7,0.251,0.568,11,45.44,Moderate
1973,Nepal,South Asia,24.83,1047.7,0.148,0.42,22,49.93,Moderate
1974,Nepal,South Asia,25.42,678.6,0.277,0.394,12,36.86,Moderate
1975,Nepal,South Asia,24.25,958.8,0.225,0.439,13,45.91,Moderate
1976,Nepal,South Asia,27.78,1040.8,0.266,0.541,24,41.55,Moderate
1977,Nepal,South Asia,23.36,565.4,0.335,0.306,21,30.0,Moderate
1978,Nepal,South Asia,25.53,901.1,0.244,0.432,27,44.36,Moderate
1979,Nepal,South Asia,27.75,769.3,0.296,0.322,17,29.89,Moderate
1980,Nepal,South Asia,25.35,837.0,0.302,0.363,20,32.92,Moderate
1981,Nepal,South Asia,25.13,905.6,0.127,0.38,13,44.51,Moderate
1982,Nepal,South Asia,24.95,772.0,0.188,0.319,8,37.63,Moderate
1983,Nepal,South Asia,25.18,741.9,0.207,0.366,17,34.13,Moderate
1984,Nepal,South Asia,27.06,855.5,0.431,0.37,22,36.02,Moderate
1985,Nepal,South Asia,22.78,676.0,0.206,0.393,31,39.89,Moderate
1986,Nepal,South Asia,27.29,676.3,0.604,0.457,29,28.16,High
1987,Nepal,South Asia,23.76,958.7,0.06,0.433,4,47.87,Low
1988,Nepal,South Asia,25.17,666.2,0.246,0.352,14,34.04,Moderate
1989,Nepal,South Asia,24.99,956.6,0.077,0.518,27,40.1,Moderate
1990,Nepal,South Asia,26.23,924.0,0.35,0.5,39,41.58,Moderate
1991,Nepal,South Asia,23.62,573.9,0.359,0.293,2,32.37,Moderate
1992,Nepal,South Asia,26.11,741.6,0.332,0.43,7,29.13,Moderate
1993,Nepal,South Asia,28.01,1041.1,0.269,0.559,42,41.58,Moderate
1994,Nepal,South Asia,23.96,693.0,0.343,0.247,18,23.88,Moderate
1995,Nepal,South Asia,25.84,775.7,0.427,0.457,14,23.7,Moderate
1996,Nepal,South Asia,24.84,923.9,0.298,0.533,22,35.53,Moderate
1997,Nepal,South Asia,26.16,975.3,0.182,0.427,1,42.89,Moderate
1998,Nepal,South Asia,25.69,809.8,0.2,0.408,21,28.05,Moderate
1999,Nepal,South Asia,24.91,754.4,0.274,0.432,21,32.34,Moderate
2000,Nepal,South Asia,26.29,1077.6,0.165,0.522,30,55.98,Moderate
2001,Nepal,South Asia,27.89,1128.2,0.111,0.65,19,48.74,Moderate
2002,Nepal,South Asia,25.51,1006.6,0.08,0.692,21,57.85,Moderate
2003,Nepal,South Asia,26.62,863.7,0.342,0.369,16,39.42,Moderate
2004,Nepal,South Asia,24.22,720.7,0.292,0.25,18,36.37,Moderate
2005,Nepal,South Asia,24.64,717.1,0.323,0.383,10,25.46,Moderate
2006,Nepal,South Asia,26.38,933.6,0.191,0.525,19,47.98,Moderate
2007,Nepal,South Asia,27.61,916.9,0.307,0.44,18,33.15,Moderate
2008,Nepal,South Asia,26.27,1074.3,0.072,0.653,28,57.61,Moderate
2009,Nepal,South Asia,25.49,954.1,0.264,0.37,27,43.45,Moderate
2010,Nepal,South Asia,25.88,609.5,0.542,0.36,19,22.96,Moderate
2011,Nepal,South Asia,24.4,1018.3,0.0,0.461,17,43.86,Low
2012,Nepal,South Asia,26.64,690.3,0.365,0.483,12,21.85,Moderate
2013,Nepal,South Asia,26.99,788.6,0.267,0.554,22,37.68,Moderate
2014,Nepal,South Asia,25.41,890.0,0.183,0.384,19,35.15,Moderate
2015,Nepal,South Asia,25.41,1169.3,0.029,0.541,41,60.67,Moderate
2016,Nepal,South Asia,26.31,1347.6,0.0,0.743,14,59.18,Moderate
2017,Nepal,South Asia,25.48,947.1,0.124,0.443,32,49.96,Moderate
2018,Nepal,South Asia,25.95,820.7,0.231,0.407,29,29.02,Moderate
2019,Nepal,South Asia,28.56,935.5,0.377,0.47,31,42.56,Moderate
2020,Nepal,South Asia,25.77,992.0,0.185,0.342,35,49.65,Moderate
2021,Nepal,South Asia,25.65,798.7,0.254,0.398,23,30.67,Moderate
2022,Nepal,South Asia,25.32,1137.2,0.068,0.513,23,59.0,Moderate
2023,Nepal,South Asia,27.01,886.8,0.273,0.404,24,40.44,Moderate
2024,Nepal,South Asia,25.92,929.6,0.21,0.58,31,39.05,Moderate
2025,Nepal,South Asia,25.37,956.5,0.319,0.378,28,35.39,Moderate
2026,Nepal,South Asia,27.76,917.5,0.44,0.524,22,25.3,Moderate
2027,Nepal,South Asia,27.89,984.2,0.188,0.47,17,47.56,Moderate
2028,Nepal,South Asia,25.49,751.2,0.404,0.353,18,20.09,Moderate
2029,Nepal,South Asia,23.98,760.7,0.321,0.444,9,32.19,Moderate
2030,Nepal,South Asia,27.45,674.0,0.399,0.364,25,24.13,Moderate
2031,Nepal,South Asia,25.44,920.3,0.28,0.506,30,44.49,Moderate
2032,Nepal,South Asia,27.23,974.6,0.388,0.565,22,39.16,Moderate
2033,Nepal,South Asia,23.93,923.2,0.047,0.435,15,43.24,Low
2034,Nepal,South Asia,27.39,1117.9,0.097,0.51,26,58.34,Moderate
2035,Nepal,South Asia,24.88,849.1,0.319,0.338,25,38.09,Moderate
2036,Nepal,South Asia,27.23,957.0,0.299,0.412,7,43.76,Moderate
2037,Nepal,South Asia,26.39,675.3,0.481,0.574,18,26.96,High
2038,Nepal,South Asia,25.24,788.1,0.326,0.494,21,23.66,Moderate
2039,Nepal,South Asia,25.92,961.3,0.24,0.373,31,47.8,Moderate
2040,Nepal,South Asia,27.25,985.9,0.152,0.387,21,49.93,Moderate
2041,Nepal,South Asia,26.57,803.0,0.439,0.44,8,25.28,Moderate
2042,Nepal,South Asia,27.16,838.5,0.453,0.463,30,31.41,Moderate
2043,Nepal,South Asia,28.85,607.1,0.59,0.347,25,18.31,Moderate
2044,Nepal,South Asia,24.62,792.9,0.261,0.376,8,33.62,Moderate
2045,Nepal,South Asia,28.45,992.5,0.191,0.486,24,47.8,Moderate
2046,Nepal,South Asia,26.66,942.0,0.301,0.497,22,49.67,Moderate
2047,Nepal,South Asia,25.47,930.1,0.255,0.472,15,47.9,Moderate
2048,Nepal,South Asia,24.97,858.0,0.231,0.251,1,30.41,Low
2049,Nepal,South Asia,26.36,851.1,0.4,0.407,30,38.29,Moderate
2050,Nepal,South Asia,27.71,744.3,0.427,0.304,37,36.65,Moderate
1961,Afghanistan,South Asia,25.46,945.2,0.019,0.32,22,51.93,Low
1962,Afghanistan,South Asia,26.33,760.8,0.203,0.375,20,31.76,Moderate
1963,Afghanistan,South Asia,27.45,783.9,0.364,0.282,25,14.47,Moderate
1964,Afghanistan,South Asia,26.28,701.7,0.45,0.51,18,23.85,Moderate
1965,Afghanistan,South Asia,25.37,845.0,0.045,0.495,7,35.11,Moderate
1966,Afghanistan,South Asia,26.34,714.3,0.367,0.366,25,18.58,Moderate
1967,Afghanistan,South Asia,25.28,941.7,0.149,0.572,33,36.67,Moderate
1968,Afghanistan,South Asia,25.15,564.3,0.566,0.214,19,17.55,Moderate
1969,Afghanistan,South Asia,24.72,792.5,0.239,0.44,19,42.81,Moderate
1970,Afghanistan,South Asia,27.04,898.2,0.341,0.465,30,39.97,Moderate
1971,Afghanistan,South Asia,24.2,879.4,0.193,0.461,6,36.47,Moderate
1972,Afghanistan,South Asia,27.04,1280.9,0.0,0.742,38,66.78,Moderate
1973,Afghanistan,South Asia,25.82,906.0,0.305,0.512,23,36.44,Moderate
1974,Afghanistan,South Asia,23.55,689.4,0.303,0.368,27,24.25,Moderate
1975,Afghanistan,South Asia,25.69,834.7,0.329,0.285,15,28.23,Moderate
1976,Afghanistan,South Asia,22.75,565.8,0.647,0.206,26,5.0,Moderate
1977,Afghanistan,South Asia,26.04,837.1,0.137,0.409,28,36.77,Moderate
1978,Afghanistan,South Asia,26.37,716.7,0.544,0.366,27,25.89,Moderate
1979,Afghanistan,South Asia,24.61,996.5,0.096,0.408,19,47.33,Moderate
1980,Afghanistan,South Asia,25.49,762.1,0.353,0.574,18,28.54,Moderate
1981,Afghanistan,South Asia,27.7,831.3,0.388,0.537,36,28.14,Moderate
1982,Afghanistan,South Asia,24.77,748.3,0.27,0.422,19,35.66,Moderate
1983,Afghanistan,South Asia,24.13,1128.2,0.0,0.57,0,48.51,Moderate
1984,Afghanistan,South Asia,27.19,798.6,0.416,0.382,16,36.28,Moderate
1985,Afghanistan,South Asia,27.79,1143.2,0.051,0.495,25,50.12,Moderate
1986,Afghanistan,South Asia,25.45,980.3,0.233,0.496,22,39.85,Moderate
1987,Afghanistan,South Asia,26.68,927.1,0.239,0.484,23,32.78,Moderate
1988,Afghanistan,South Asia,27.1,909.0,0.215,0.355,35,38.14,Moderate
1989,Afghanistan,South Asia,24.61,913.0,0.143,0.483,2,48.65,Moderate
1990,Afghanistan,South Asia,24.94,541.6,0.561,0.258,19,18.96,Moderate
1991,Afghanistan,South Asia,27.02,805.4,0.333,0.25,10,39.48,Moderate
1992,Afghanistan,South Asia,27.58,985.2,0.304,0.424,32,46.32,Moderate
1993,Afghanistan,South Asia,26.25,842.2,0.253,0.388,21,30.44,Moderate
1994,Afghanistan,South Asia,24.54,625.2,0.441,0.464,20,20.45,Moderate
1995,Afghanistan,South Asia,28.0,841.6,0.454,0.465,21,28.33,Moderate
1996,Afghanistan,South Asia,24.99,1122.7,0.196,0.454,29,60.2,Moderate
1997,Afghanistan,South Asia,25.25,1049.5,0.099,0.564,28,43.32,Moderate
1998,Afghanistan,South Asia,26.08,840.1,0.357,0.296,26,40.22,Moderate
1999,Afghanistan,South Asia,27.55,1002.2,0.269,0.588,25,50.08,Moderate
2000,Afghanistan,South Asia,26.73,791.4,0.475,0.358,28,41.05,Moderate
2001,Afghanistan,South Asia,26.22,577.4,0.441,0.281,16,17.59,Moderate
2002,Afghanistan,South Asia,26.29,702.1,0.473,0.457,29,29.92,Moderate
2003,Afghanistan,South Asia,25.81,1100.1,0.089,0.447,34,66.91,Moderate
2004,Afghanistan,South Asia,26.44,806.2,0.341,0.291,31,29.78,Moderate
2005,Afghanistan,South Asia,22.76,811.1,0.166,0.359,6,28.03,Moderate
2006,Afghanistan,South Asia,25.45,802.0,0.32,0.484,23,22.42,Moderate
2007,Afghanistan,South Asia,26.12,1154.7,0.072,0.456,12,60.57,Moderate
2008,Afghanistan,South Asia,24.46,1110.2,0.047,0.329,21,43.26,Low
2009,Afghanistan,South Asia,26.33,1205.0,0.182,0.566,26,54.38,Moderate
2010,Afghanistan,South Asia,25.64,824.6,0.372,0.456,5,36.42,Moderate
2011,Afghanistan,South Asia,28.01,897.3,0.429,0.545,18,37.4,Moderate
2012,Afghanistan,South Asia,27.81,607.3,0.52,0.267,25,22.52,Moderate
2013,Afghanistan,South Asia,25.38,1086.3,0.022,0.51,17,55.21,Moderate
2014,Afghanistan,South Asia,25.77,663.2,0.491,0.424,11,31.0,Moderate
2015,Afghanistan,South Asia,25.88,884.7,0.332,0.293,24,31.87,Moderate
2016,Afghanistan,South Asia,25.45,674.4,0.508,0.306,22,19.49,Moderate
2017,Afghanistan,South Asia,26.24,755.8,0.324,0.393,21,26.67,Moderate
2018,Afghanistan,South Asia,25.12,716.0,0.326,0.394,13,34.26,Moderate
2019,Afghanistan,South Asia,24.69,752.7,0.166,0.336,26,39.73,Moderate
2020,Afghanistan,South Asia,26.81,763.7,0.364,0.385,37,33.62,Moderate
2021,Afghanistan,South Asia,26.84,762.3,0.477,0.182,20,35.67,Moderate
2022,Afghanistan,South Asia,25.13,983.3,0.117,0.439,14,39.76,Moderate
2023,Afghanistan,South Asia,27.19,673.2,0.53,0.373,29,33.07,Moderate
2024,Afghanistan,South Asia,25.38,885.3,0.221,0.364,17,48.98,Moderate
2025,Afghanistan,South Asia,26.46,1044.9,0.202,0.527,22,52.61,Moderate
2026,Afghanistan,South Asia,27.15,767.9,0.317,0.42,31,42.74,Moderate
2027,Afghanistan,South Asia,26.15,735.1,0.389,0.34,7,19.03,Moderate
2028,Afghanistan,South Asia,26.75,813.1,0.117,0.42,34,35.16,Moderate
2029,Afghanistan,South Asia,25.6,1038.8,0.123,0.442,21,45.06,Moderate
2030,Afghanistan,South Asia,26.01,881.1,0.141,0.424,18,45.57,Moderate
2031,Afghanistan,South Asia,26.01,765.0,0.451,0.431,21,22.94,Moderate
2032,Afghanistan,South Asia,25.38,927.4,0.269,0.476,19,45.54,Moderate
2033,Afghanistan,South Asia,26.08,673.6,0.46,0.29,8,32.7,Moderate
2034,Afghanistan,South Asia,24.46,959.0,0.259,0.497,29,46.93,Moderate
2035,Afghanistan,South Asia,25.74,915.4,0.157,0.515,21,44.32,Moderate
2036,Afghanistan,South Asia,26.01,800.8,0.468,0.236,25,24.75,Moderate
2037,Afghanistan,South Asia,26.06,715.8,0.466,0.451,29,21.38,Moderate
2038,Afghanistan,South Asia,26.1,708.1,0.38,0.327,14,35.3,Moderate
2039,Afghanistan,South Asia,26.33,935.6,0.339,0.502,26,44.67,Moderate
2040,Afghanistan,South Asia,27.0,1046.6,0.114,0.619,22,49.82,Moderate
2041,Afghanistan,South Asia,27.49,748.0,0.374,0.264,33,27.41,Moderate
2042,Afghanistan,South Asia,25.68,923.3,0.176,0.405,4,30.5,Moderate
2043,Afghanistan,South Asia,25.03,516.1,0.441,0.235,18,10.57,Moderate
2044,Afghanistan,South Asia,25.24,756.5,0.237,0.316,14,44.55,Moderate
2045,Afghanistan,South Asia,25.93,845.0,0.391,0.561,25,26.76,Moderate
2046,Afghanistan,South Asia,26.11,704.5,0.381,0.284,26,28.73,Moderate
2047,Afghanistan,South Asia,25.62,700.2,0.409,0.306,15,32.87,Moderate
2048,Afghanistan,South Asia,25.01,743.2,0.274,0.388,13,24.15,Moderate
2049,Afghanistan,South Asia,26.04,896.8,0.116,0.352,21,43.63,Low
2050,Afghanistan,South Asia,26.82,820.0,0.377,0.378,17,39.09,Moderate
1961,Bhutan,South Asia,25.01,996.2,0.091,0.596,12,51.2,Moderate
1962,Bhutan,South Asia,28.46,602.7,0.586,0.231,23,23.44,Moderate
1963,Bhutan,South Asia,23.03,1104.4,0.0,0.689,29,62.53,Moderate
1964,Bhutan,South Asia,26.32,941.9,0.277,0.331,22,47.9,Moderate
1965,Bhutan,South Asia,24.86,1073.9,0.0,0.572,24,58.93,Moderate
1966,Bhutan,South Asia,26.02,635.3,0.532,0.356,15,19.23,Moderate
1967,Bhutan,South Asia,25.64,631.5,0.451,0.252,14,19.12,Moderate
1968,Bhutan,South Asia,24.25,826.2,0.333,0.447,25,36.64,Moderate
1969,Bhutan,South Asia,25.42,930.4,0.242,0.568,9,47.28,Moderate
1970,Bhutan,South Asia,22.93,1137.4,0.022,0.391,9,55.09,Low
1971,Bhutan,South Asia,25.9,963.0,0.245,0.522,21,49.65,Moderate
1972,Bhutan,South Asia,25.56,811.2,0.406,0.206,21,41.15,Moderate
1973,Bhutan,South Asia,25.98,685.8,0.451,0.266,20,19.77,Moderate
1974,Bhutan,South Asia,26.5,1046.8,0.17,0.654,26,43.93,Moderate
1975,Bhutan,South Asia,25.69,695.6,0.57,0.301,26,22.55,Moderate
1976,Bhutan,South Asia,25.45,1110.6,0.15,0.461,26,54.37,Moderate
1977,Bhutan,South Asia,24.23,804.5,0.283,0.386,8,31.42,Moderate
1978,Bhutan,South Asia,24.45,1104.5,0.0,0.718,15,63.34,Moderate
1979,Bhutan,South Asia,26.75,958.6,0.15,0.333,33,47.48,Low
1980,Bhutan,South Asia,27.07,828.1,0.385,0.33,32,33.94,Moderate
1981,Bhutan,South Asia,25.07,766.9,0.318,0.503,8,23.38,Moderate
1982,Bhutan,South Asia,25.43,795.5,0.254,0.546,23,26.79,Moderate
1983,Bhutan,South Asia,24.31,918.5,0.171,0.451,1,44.2,Moderate
1984,Bhutan,South Asia,26.82,862.3,0.452,0.332,24,21.28,Moderate
1985,Bhutan,South Asia,26.23,755.0,0.428,0.545,37,35.27,Moderate
1986,Bhutan,South Asia,27.78,823.5,0.309,0.539,19,34.04,Moderate
1987,Bhutan,South Asia,24.41,862.6,0.196,0.486,10,58.67,Moderate
1988,Bhutan,South Asia,25.03,509.4,0.423,0.19,25,30.85,Moderate
1989,Bhutan,South Asia,25.78,923.3,0.199,0.458,9,41.11,Moderate
1990,Bhutan,South Asia,26.3,693.2,0.387,0.334,17,26.29,Moderate
1991,Bhutan,South Asia,25.28,665.5,0.351,0.359,24,32.24,Moderate
1992,Bhutan,South Asia,24.51,580.0,0.311,0.406,12,33.0,Moderate
1993,Bhutan,South Asia,26.63,563.0,0.519,0.352,22,7.93,Moderate
1994,Bhutan,South Asia,26.46,633.1,0.426,0.23,29,12.42,Moderate
1995,Bhutan,South Asia,24.51,736.6,0.065,0.478,20,31.79,Moderate
1996,Bhutan,South Asia,27.26,1162.5,0.297,0.606,27,55.69,Moderate
1997,Bhutan,South Asia,27.05,765.9,0.493,0.438,22,31.42,Moderate
1998,Bhutan,South Asia,25.83,878.4,0.234,0.557,24,45.66,Moderate
1999,Bhutan,South Asia,25.78,914.1,0.238,0.368,20,33.75,Moderate
2000,Bhutan,South Asia,26.37,871.0,0.202,0.433,26,25.6,Moderate
2001,Bhutan,South Asia,24.69,837.6,0.372,0.376,14,39.6,Moderate
2002,Bhutan,South Asia,25.77,658.8,0.57,0.204,19,16.57,Moderate
2003,Bhutan,South Asia,23.17,1082.1,0.0,0.569,5,42.0,Moderate
2004,Bhutan,South Asia,26.83,1139.2,0.209,0.771,24,53.64,Moderate
2005,Bhutan,South Asia,23.92,580.8,0.395,0.143,9,25.9,Moderate
2006,Bhutan,South Asia,27.61,686.2,0.384,0.34,17,25.9,Moderate
2007,Bhutan,South Asia,25.43,805.2,0.263,0.454,22,32.24,Moderate
2008,Bhutan,South Asia,25.59,695.7,0.393,0.358,22,25.96,Moderate
2009,Bhutan,South Asia,25.11,931.0,0.154,0.456,25,41.24,Moderate
2010,Bhutan,South Asia,25.54,733.5,0.335,0.263,17,21.88,Moderate
2011,Bhutan,South Asia,27.6,1196.4,0.118,0.617,30,53.17,Moderate
2012,Bhutan,South Asia,22.93,1040.5,0.0,0.46,17,55.15,Low
2013,Bhutan,South Asia,27.47,884.0,0.346,0.267,29,39.21,Moderate
2014,Bhutan,South Asia,26.36,1014.3,0.109,0.603,16,49.55,Moderate
2015,Bhutan,South Asia,24.52,1026.9,0.035,0.59,18,44.67,Moderate
2016,Bhutan,South Asia,24.7,759.8,0.19,0.384,21,33.11,Moderate
2017,Bhutan,South Asia,28.02,719.4,0.565,0.378,28,11.6,Moderate
2018,Bhutan,South Asia,24.89,862.5,0.06,0.517,1,43.0,Moderate
2019,Bhutan,South Asia,24.66,987.9,0.22,0.512,19,53.57,Moderate
2020,Bhutan,South Asia,27.43,872.2,0.459,0.508,43,25.58,Moderate
2021,Bhutan,South Asia,26.49,597.7,0.473,0.275,20,16.9,Moderate
2022,Bhutan,South Asia,24.97,721.5,0.125,0.466,13,35.55,Moderate
2023,Bhutan,South Asia,26.38,838.2,0.291,0.445,26,43.6,Moderate
2024,Bhutan,South Asia,24.9,837.9,0.242,0.434,21,34.37,Moderate
2025,Bhutan,South Asia,27.47,1165.6,0.06,0.481,35,52.92,Moderate
2026,Bhutan,South Asia,27.44,628.2,0.482,0.337,16,9.95,Moderate
2027,Bhutan,South Asia,26.83,930.9,0.399,0.399,30,39.19,Moderate
2028,Bhutan,South Asia,26.64,1088.3,0.208,0.493,28,62.51,Moderate
2029,Bhutan,South Asia,28.34,1213.4,0.076,0.541,27,60.81,Moderate
2030,Bhutan,South Asia,26.24,785.3,0.223,0.307,25,34.66,Moderate
2031,Bhutan,South Asia,24.84,928.6,0.153,0.634,26,45.31,Moderate
2032,Bhutan,South Asia,26.82,941.2,0.252,0.577,31,41.96,Moderate
2033,Bhutan,South Asia,28.8,881.3,0.45,0.594,21,30.18,High
2034,Bhutan,South Asia,25.1,834.2,0.216,0.319,25,42.33,Moderate
2035,Bhutan,South Asia,25.9,919.8,0.279,0.466,21,41.77,Moderate
2036,Bhutan,South Asia,26.85,444.8,0.78,0.119,25,6.76,Moderate
2037,Bhutan,South Asia,26.3,959.1,0.295,0.424,23,36.2,Moderate
2038,Bhutan,South Asia,25.21,870.2,0.235,0.362,18,46.63,Moderate
2039,Bhutan,South Asia,27.75,814.4,0.391,0.506,36,36.89,Moderate
2040,Bhutan,South Asia,29.21,1177.5,0.191,0.557,30,51.74,Moderate
2041,Bhutan,South Asia,26.68,742.0,0.498,0.456,15,33.15,Moderate
2042,Bhutan,South Asia,25.37,785.5,0.257,0.441,16,31.14,Moderate
2043,Bhutan,South Asia,24.62,1168.6,0.0,0.769,19,53.74,Moderate
2044,Bhutan,South Asia,26.8,716.9,0.432,0.24,34,22.64,Moderate
2045,Bhutan,South Asia,27.84,762.0,0.407,0.482,32,19.32,Moderate
2046,Bhutan,South Asia,27.1,826.5,0.255,0.505,18,39.06,Moderate
2047,Bhutan,South Asia,26.55,984.5,0.25,0.414,43,33.24,Moderate
2048,Bhutan,South Asia,25.86,883.2,0.257,0.522,23,31.65,Moderate
2049,Bhutan,South Asia,25.27,643.2,0.444,0.348,30,10.82,Moderate
2050,Bhutan,South Asia,27.6,764.9,0.391,0.364,25,29.9,Moderate
1961,China,East Asia,15.82,557.6,0.0,0.22,0,18.45,Low
1962,China,East Asia,15.63,805.2,0.0,0.417,3,48.4,Low
1963,China,East Asia,14.78,604.4,0.0,0.339,0,26.56,Low
1964,China,East Asia,14.65,543.7,0.006,0.287,0,30.1,Low
1965,China,East Asia,16.63,661.7,0.0,0.249,0,23.71,Low
1966,China,East Asia,15.43,970.7,0.0,0.502,0,41.46,Moderate
1967,China,East Asia,16.49,932.0,0.0,0.583,0,55.21,Moderate
1968,China,East Asia,15.06,818.9,0.0,0.445,0,38.86,Low
1969,China,East Asia,16.36,534.8,0.197,0.344,0,31.51,Moderate
1970,China,East Asia,17.73,748.6,0.055,0.355,0,35.86,Low
1971,China,East Asia,16.88,828.3,0.0,0.474,0,30.36,Low
1972,China,East Asia,15.7,808.1,0.0,0.426,0,45.76,Low
1973,China,East Asia,16.52,485.0,0.108,0.166,0,18.56,Low
1974,China,East Asia,15.95,637.5,0.0,0.344,0,36.07,Low
1975,China,East Asia,16.26,769.7,0.0,0.306,0,38.64,Low
1976,China,East Asia,15.88,865.8,0.0,0.382,0,34.03,Low
1977,China,East Asia,16.09,428.6,0.139,0.229,0,19.64,Low
1978,China,East Asia,16.56,754.1,0.005,0.401,0,50.78,Low
1979,China,East Asia,15.13,802.9,0.0,0.306,0,43.1,Low
1980,China,East Asia,15.12,915.9,0.0,0.542,0,45.45,Moderate
1981,China,East Asia,14.69,890.9,0.0,0.491,0,50.99,Low
1982,China,East Asia,14.46,873.2,0.0,0.38,0,44.92,Low
1983,China,East Asia,14.94,652.0,0.133,0.203,0,31.19,Low
1984,China,East Asia,16.61,474.7,0.001,0.226,0,17.16,Low
1985,China,East Asia,15.36,717.1,0.0,0.323,0,37.26,Low
1986,China,East Asia,17.07,940.3,0.0,0.479,1,53.23,Low
1987,China,East Asia,16.51,1003.0,0.0,0.472,0,45.13,Low
1988,China,East Asia,14.12,893.7,0.0,0.286,0,53.23,Low
1989,China,East Asia,17.29,848.7,0.012,0.393,3,41.64,Low
1990,China,East Asia,17.49,840.7,0.0,0.396,0,36.71,Low
1991,China,East Asia,15.35,691.0,0.0,0.396,0,40.54,Low
1992,China,East Asia,17.06,759.2,0.0,0.324,0,36.24,Low
1993,China,East Asia,15.55,1047.1,0.0,0.658,0,56.91,Moderate
1994,China,East Asia,16.71,629.2,0.046,0.162,0,28.78,Low
1995,China,East Asia,15.09,1038.4,0.0,0.624,0,51.56,Moderate
1996,China,East Asia,14.48,728.5,0.0,0.346,0,39.39,Low
1997,China,East Asia,16.19,992.1,0.0,0.565,0,51.35,Moderate
1998,China,East Asia,16.52,554.9,0.004,0.284,0,15.69,Low
1999,China,East Asia,16.21,873.7,0.0,0.528,7,36.96,Moderate
2000,China,East Asia,15.28,662.1,0.0,0.3,0,38.68,Low
2001,China,East Asia,16.24,553.6,0.0,0.189,0,26.89,Low
2002,China,East Asia,17.06,815.0,0.0,0.521,0,37.61,Moderate
2003,China,East Asia,16.7,941.5,0.0,0.462,0,38.92,Low
2004,China,East Asia,16.99,644.8,0.027,0.34,0,25.22,Low
2005,China,East Asia,15.99,540.2,0.0,0.369,0,14.88,Low
2006,China,East Asia,18.22,765.3,0.012,0.3,1,37.43,Low
2007,China,East Asia,15.42,766.0,0.0,0.431,9,34.71,Low
2008,China,East Asia,17.43,867.7,0.0,0.387,0,37.59,Low
2009,China,East Asia,18.28,931.9,0.0,0.455,0,46.19,Low
2010,China,East Asia,17.46,770.5,0.0,0.391,0,40.71,Low
2011,China,East Asia,16.66,1076.9,0.0,0.418,0,66.4,Low
2012,China,East Asia,16.28,815.9,0.0,0.346,0,31.72,Low
2013,China,East Asia,18.18,724.6,0.0,0.47,8,43.18,Low
2014,China,East Asia,15.25,522.1,0.005,0.332,0,31.84,Low
2015,China,East Asia,15.81,738.0,0.0,0.364,0,32.22,Low
2016,China,East Asia,16.51,726.2,0.0,0.383,0,37.53,Low
2017,China,East Asia,18.49,933.6,0.0,0.443,8,43.94,Low
2018,China,East Asia,17.48,854.0,0.0,0.536,0,43.81,Moderate
2019,China,East Asia,15.88,591.3,0.0,0.28,0,38.62,Low
2020,China,East Asia,16.69,807.6,0.0,0.422,0,44.01,Low
2021,China,East Asia,16.34,887.4,0.0,0.535,0,47.42,Moderate
2022,China,East Asia,16.25,1024.5,0.0,0.45,0,48.64,Low
2023,China,East Asia,18.29,922.0,0.0,0.586,0,37.2,Moderate
2024,China,East Asia,15.49,901.7,0.0,0.328,0,43.84,Low
2025,China,East Asia,19.08,789.6,0.0,0.525,2,46.72,Moderate
2026,China,East Asia,18.16,842.1,0.0,0.391,0,32.94,Low
2027,China,East Asia,18.5,979.9,0.0,0.471,3,42.67,Low
2028,China,East Asia,16.65,566.8,0.007,0.132,0,28.96,Low
2029,China,East Asia,17.04,724.1,0.063,0.326,0,29.04,Low
2030,China,East Asia,15.52,656.4,0.0,0.245,0,28.06,Low
2031,China,East Asia,16.63,840.7,0.0,0.372,0,39.49,Low
2032,China,East Asia,17.87,976.8,0.0,0.477,0,40.65,Low
2033,China,East Asia,18.85,684.5,0.0,0.419,6,28.38,Low
2034,China,East Asia,15.99,397.6,0.0,0.215,0,24.1,Low
2035,China,East Asia,16.89,714.0,0.0,0.382,0,27.86,Low
2036,China,East Asia,17.17,926.2,0.0,0.375,0,36.72,Low
2037,China,East Asia,15.69,866.0,0.0,0.363,5,39.52,Low
2038,China,East Asia,18.1,848.5,0.0,0.568,0,46.82,Moderate
2039,China,East Asia,16.54,735.2,0.0,0.309,0,35.58,Low
2040,China,East Asia,17.19,575.4,0.0,0.42,0,25.98,Low
2041,China,East Asia,16.9,862.4,0.0,0.412,0,43.39,Low
2042,China,East Asia,16.51,646.5,0.025,0.323,0,21.35,Low
2043,China,East Asia,17.47,1129.5,0.0,0.65,0,59.44,Moderate
2044,China,East Asia,17.24,871.3,0.0,0.537,5,45.86,Moderate
2045,China,East Asia,17.07,687.1,0.037,0.335,0,31.16,Low
2046,China,East Asia,16.66,682.2,0.0,0.31,0,40.14,Low
2047,China,East Asia,17.93,765.1,0.006,0.378,12,31.37,Low
2048,China,East Asia,19.55,741.7,0.273,0.398,6,38.39,Moderate
2049,China,East Asia,17.75,958.7,0.0,0.551,0,48.86,Moderate
2050,China,East Asia,18.8,809.8,0.0,0.405,0,38.47,Low
1961,Japan,East Asia,15.98,673.1,0.0,0.287,0,33.74,Low
1962,Japan,East Asia,15.89,770.2,0.0,0.401,0,32.66,Low
1963,Japan,East Asia,17.5,610.6,0.0,0.349,8,34.41,Low
1964,Japan,East Asia,14.76,380.3,0.099,0.016,0,17.14,Low
1965,Japan,East Asia,15.16,812.1,0.0,0.405,0,26.68,Low
1966,Japan,East Asia,17.33,877.4,0.0,0.451,1,48.57,Low
1967,Japan,East Asia,15.39,821.9,0.0,0.389,0,40.95,Low
1968,Japan,East Asia,17.21,468.1,0.147,0.337,0,27.67,Low
1969,Japan,East Asia,18.18,723.9,0.045,0.396,0,28.73,Low
1970,Japan,East Asia,15.68,425.1,0.075,0.317,0,5.0,Low
1971,Japan,East Asia,17.0,999.2,0.0,0.482,0,51.63,Low
1972,Japan,East Asia,14.81,606.2,0.0,0.378,0,32.06,Low
1973,Japan,East Asia,17.12,980.9,0.0,0.621,2,38.9,Moderate
1974,Japan,East Asia,16.47,931.3,0.0,0.571,0,40.7,Moderate
1975,Japan,East Asia,16.82,635.9,0.0,0.231,0,48.33,Low
1976,Japan,East Asia,15.5,598.8,0.0,0.279,0,28.1,Low
1977,Japan,East Asia,14.29,836.1,0.0,0.39,0,46.19,Low
1978,Japan,East Asia,16.91,644.9,0.012,0.362,4,28.09,Low
1979,Japan,East Asia,13.85,796.4,0.0,0.453,0,27.28,Low
1980,Japan,East Asia,15.96,702.7,0.0,0.284,0,34.12,Low
1981,Japan,East Asia,17.49,495.0,0.082,0.253,0,21.52,Low
1982,Japan,East Asia,16.61,423.1,0.214,0.05,0,14.47,Low
1983,Japan,East Asia,18.73,816.3,0.0,0.523,5,40.13,Moderate
1984,Japan,East Asia,17.64,690.2,0.155,0.304,1,32.99,Low
1985,Japan,East Asia,15.65,691.5,0.0,0.35,0,33.67,Low
1986,Japan,East Asia,16.48,891.3,0.0,0.421,0,36.98,Low
1987,Japan,East Asia,16.41,967.8,0.0,0.576,4,51.3,Moderate
1988,Japan,East Asia,14.59,736.4,0.0,0.141,0,25.12,Low
1989,Japan,East Asia,15.38,725.5,0.0,0.361,0,23.97,Low
1990,Japan,East Asia,15.85,860.0,0.0,0.422,0,47.44,Low
1991,Japan,East Asia,14.1,562.9,0.0,0.245,0,31.19,Low
1992,Japan,East Asia,16.61,815.7,0.0,0.546,0,40.44,Moderate
1993,Japan,East Asia,16.28,868.3,0.0,0.363,0,35.04,Low
1994,Japan,East Asia,14.59,888.8,0.0,0.506,0,40.19,Moderate
1995,Japan,East Asia,17.1,470.1,0.178,0.264,0,18.36,Low
1996,Japan,East Asia,17.49,658.2,0.0,0.43,0,23.33,Low
1997,Japan,East Asia,16.92,639.5,0.007,0.266,13,27.41,Low
1998,Japan,East Asia,16.28,796.0,0.0,0.339,2,43.71,Low
1999,Japan,East Asia,17.39,856.9,0.0,0.516,1,51.41,Moderate
2000,Japan,East Asia,17.52,1019.5,0.0,0.544,0,48.46,Moderate
2001,Japan,East Asia,17.09,700.8,0.0,0.227,3,39.58,Low
2002,Japan,East Asia,15.75,700.4,0.043,0.307,0,22.68,Low
2003,Japan,East Asia,17.09,963.9,0.0,0.513,0,52.15,Moderate
2004,Japan,East Asia,18.21,827.5,0.0,0.481,0,36.55,Low
2005,Japan,East Asia,16.08,982.8,0.0,0.437,0,50.99,Low
2006,Japan,East Asia,19.33,826.2,0.023,0.18,0,39.36,Low
2007,Japan,East Asia,16.2,594.9,0.0,0.339,0,37.67,Low
2008,Japan,East Asia,16.88,566.7,0.035,0.186,0,22.39,Low
2009,Japan,East Asia,16.06,531.8,0.056,0.104,4,29.24,Low
2010,Japan,East Asia,17.15,885.9,0.0,0.216,0,42.62,Low
2011,Japan,East Asia,14.81,970.2,0.0,0.55,0,47.56,Moderate
2012,Japan,East Asia,16.26,1075.9,0.0,0.548,0,52.69,Moderate
2013,Japan,East Asia,15.63,914.9,0.0,0.439,0,40.67,Low
2014,Japan,East Asia,17.12,966.1,0.0,0.594,0,48.22,Moderate
2015,Japan,East Asia,18.17,687.2,0.011,0.395,0,33.76,Low
2016,Japan,East Asia,17.77,595.0,0.039,0.427,4,30.41,Low
2017,Japan,East Asia,14.16,916.0,0.0,0.347,0,46.31,Low
2018,Japan,East Asia,19.48,846.8,0.0,0.421,2,47.13,Low
2019,Japan,East Asia,17.4,797.2,0.0,0.269,0,45.4,Low
2020,Japan,East Asia,16.13,842.0,0.0,0.403,0,35.8,Low
2021,Japan,East Asia,17.27,831.7,0.0,0.396,0,46.8,Low
2022,Japan,East Asia,17.31,985.4,0.0,0.543,0,42.15,Moderate
2023,Japan,East Asia,16.32,987.2,0.0,0.497,0,52.89,Low
2024,Japan,East Asia,17.37,867.1,0.0,0.483,0,47.07,Low
2025,Japan,East Asia,16.42,915.3,0.0,0.514,6,34.3,Moderate
2026,Japan,East Asia,16.68,862.3,0.0,0.604,0,43.67,Moderate
2027,Japan,East Asia,16.36,706.2,0.0,0.328,0,32.5,Low
2028,Japan,East Asia,15.49,901.1,0.0,0.375,0,40.5,Low
2029,Japan,East Asia,17.4,556.9,0.188,0.298,0,32.18,Low
2030,Japan,East Asia,17.94,948.6,0.0,0.41,0,43.51,Low
2031,Japan,East Asia,17.88,588.9,0.026,0.413,6,24.09,Low
2032,Japan,East Asia,18.26,825.7,0.0,0.39,0,41.74,Low
2033,Japan,East Asia,17.69,644.8,0.088,0.277,0,34.58,Low
2034,Japan,East Asia,16.67,868.5,0.0,0.397,0,42.58,Low
2035,Japan,East Asia,18.34,774.6,0.0,0.445,0,45.73,Low
2036,Japan,East Asia,15.72,524.8,0.0,0.25,0,29.43,Low
2037,Japan,East Asia,16.29,847.3,0.0,0.372,0,29.3,Low
2038,Japan,East Asia,16.23,687.5,0.066,0.477,2,29.88,Moderate
2039,Japan,East Asia,18.7,921.0,0.0,0.392,0,42.68,Low
2040,Japan,East Asia,18.55,780.2,0.037,0.393,5,41.15,Low
2041,Japan,East Asia,18.02,843.3,0.0,0.474,0,26.41,Low
2042,Japan,East Asia,18.74,626.8,0.011,0.183,5,46.42,Low
2043,Japan,East Asia,16.42,685.7,0.0,0.381,0,37.47,Low
2044,Japan,East Asia,17.91,706.6,0.054,0.269,0,35.15,Low
2045,Japan,East Asia,17.36,917.1,0.0,0.524,0,52.94,Moderate
2046,Japan,East Asia,18.55,1048.4,0.0,0.447,1,66.48,Low
2047,Japan,East Asia,17.41,651.2,0.087,0.381,0,36.04,Low
2048,Japan,East Asia,17.1,952.3,0.0,0.565,0,53.31,Moderate
2049,Japan,East Asia,18.23,432.9,0.166,0.285,6,19.11,Low
2050,Japan,East Asia,18.65,588.9,0.026,0.315,6,28.08,Low
1961,South Korea,East Asia,15.43,818.4,0.0,0.444,4,39.29,Low
1962,South Korea,East Asia,15.03,980.5,0.0,0.558,0,56.43,Moderate
1963,South Korea,East Asia,15.21,906.4,0.0,0.485,0,40.49,Low
1964,South Korea,East Asia,14.43,935.1,0.0,0.504,0,47.89,Moderate
1965,South Korea,East Asia,15.98,832.3,0.0,0.29,15,37.67,Low
1966,South Korea,East Asia,14.07,557.7,0.0,0.283,0,26.32,Low
1967,South Korea,East Asia,16.34,748.7,0.0,0.413,0,28.37,Low
1968,South Korea,East Asia,16.08,949.6,0.0,0.533,0,46.16,Moderate
1969,South Korea,East Asia,16.32,771.8,0.0,0.33,0,37.43,Low
1970,South Korea,East Asia,15.54,860.5,0.0,0.378,0,46.27,Low
1971,South Korea,East Asia,19.87,729.0,0.131,0.319,18,35.17,Low
1972,South Korea,East Asia,17.83,615.2,0.08,0.351,1,21.97,Low
1973,South Korea,East Asia,14.72,760.3,0.0,0.463,0,44.52,Low
1974,South Korea,East Asia,16.51,829.4,0.0,0.382,0,42.73,Low
1975,South Korea,East Asia,15.52,675.1,0.0,0.41,0,34.94,Low
1976,South Korea,East Asia,15.05,742.3,0.0,0.381,5,37.06,Low
1977,South Korea,East Asia,14.68,629.7,0.0,0.305,0,28.38,Low
1978,South Korea,East Asia,16.82,959.1,0.0,0.463,4,49.26,Low
1979,South Korea,East Asia,15.51,732.9,0.0,0.426,0,39.5,Low
1980,South Korea,East Asia,17.5,1012.4,0.0,0.532,3,40.14,Moderate
1981,South Korea,East Asia,17.55,1024.6,0.0,0.694,0,48.0,Moderate
1982,South Korea,East Asia,18.03,767.0,0.037,0.315,0,36.08,Low
1983,South Korea,East Asia,15.37,618.6,0.0,0.351,0,32.47,Low
1984,South Korea,East Asia,16.98,446.3,0.023,0.181,0,29.01,Low
1985,South Korea,East Asia,17.19,544.5,0.13,0.203,3,19.99,Low
1986,South Korea,East Asia,15.88,560.2,0.0,0.279,0,25.02,Low
1987,South Korea,East Asia,15.54,1000.6,0.0,0.511,0,46.95,Moderate
1988,South Korea,East Asia,18.42,798.5,0.079,0.633,0,33.54,Moderate
1989,South Korea,East Asia,16.78,842.3,0.0,0.406,0,40.03,Low
1990,South Korea,East Asia,17.29,424.7,0.184,0.122,0,22.18,Low
1991,South Korea,East Asia,15.55,588.3,0.0,0.316,0,23.09,Low
1992,South Korea,East Asia,15.09,921.9,0.0,0.295,0,48.66,Low
1993,South Korea,East Asia,15.89,825.9,0.0,0.406,0,31.08,Low
1994,South Korea,East Asia,16.45,756.4,0.0,0.38,0,34.45,Low
1995,South Korea,East Asia,15.33,870.4,0.0,0.499,0,41.54,Low
1996,South Korea,East Asia,16.62,1041.7,0.0,0.599,0,62.14,Moderate
1997,South Korea,East Asia,14.62,744.6,0.0,0.332,0,35.58,Low
1998,South Korea,East Asia,15.32,791.1,0.0,0.384,0,26.35,Low
1999,South Korea,East Asia,17.49,810.8,0.0,0.344,0,28.55,Low
2000,South Korea,East Asia,17.43,1162.7,0.0,0.491,12,58.34,Low
2001,South Korea,East Asia,16.25,444.1,0.016,0.247,2,25.57,Low
2002,South Korea,East Asia,15.52,889.3,0.0,0.343,0,46.72,Low
2003,South Korea,East Asia,15.52,761.6,0.0,0.348,0,39.09,Low
2004,South Korea,East Asia,16.33,870.7,0.0,0.356,0,50.51,Low
2005,South Korea,East Asia,17.57,674.8,0.073,0.381,6,29.05,Low
2006,South Korea,East Asia,17.92,772.2,0.131,0.53,0,41.37,Moderate
2007,South Korea,East Asia,16.23,893.8,0.0,0.343,1,34.9,Low
2008,South Korea,East Asia,15.46,1278.1,0.0,0.491,0,58.47,Low
2009,South Korea,East Asia,17.19,909.3,0.0,0.445,0,34.62,Low
2010,South Korea,East Asia,15.89,644.3,0.0,0.323,0,30.57,Low
2011,South Korea,East Asia,16.28,712.2,0.0,0.374,3,35.33,Low
2012,South Korea,East Asia,18.51,707.5,0.0,0.318,20,36.06,Low
2013,South Korea,East Asia,17.93,492.7,0.033,0.23,0,24.34,Low
2014,South Korea,East Asia,17.14,727.2,0.074,0.393,1,29.31,Low
2015,South Korea,East Asia,15.45,897.3,0.0,0.532,0,43.72,Moderate
2016,South Korea,East Asia,17.24,576.1,0.023,0.132,1,19.36,Low
2017,South Korea,East Asia,18.28,947.8,0.0,0.444,0,55.57,Low
2018,South Korea,East Asia,16.58,858.0,0.0,0.446,0,41.08,Low
2019,South Korea,East Asia,18.67,662.5,0.0,0.258,0,30.19,Low
2020,South Korea,East Asia,18.61,757.4,0.0,0.517,0,47.4,Moderate
2021,South Korea,East Asia,19.08,1035.7,0.0,0.467,0,44.33,Low
2022,South Korea,East Asia,17.46,897.4,0.0,0.445,1,38.11,Low
2023,South Korea,East Asia,17.82,781.4,0.0,0.435,5,32.49,Low
2024,South Korea,East Asia,18.83,742.0,0.018,0.324,5,36.33,Low
2025,South Korea,East Asia,17.69,792.3,0.0,0.248,10,42.2,Low
2026,South Korea,East Asia,16.57,698.1,0.0,0.315,0,39.34,Low
2027,South Korea,East Asia,16.65,443.2,0.033,0.304,0,36.92,Low
2028,South Korea,East Asia,17.49,1106.7,0.0,0.526,7,41.84,Moderate
2029,South Korea,East Asia,15.68,804.9,0.0,0.335,0,43.9,Low
2030,South Korea,East Asia,17.07,843.7,0.0,0.496,2,38.84,Low
2031,South Korea,East Asia,18.58,770.7,0.0,0.359,12,35.02,Low
2032,South Korea,East Asia,14.65,662.4,0.062,0.29,0,28.15,Low
2033,South Korea,East Asia,19.14,750.3,0.018,0.387,0,31.7,Low
2034,South Korea,East Asia,18.66,524.1,0.046,0.324,0,35.39,Low
2035,South Korea,East Asia,16.78,1144.3,0.0,0.763,4,62.27,Moderate
2036,South Korea,East Asia,18.0,582.5,0.126,0.357,0,26.75,Low
2037,South Korea,East Asia,17.37,614.9,0.163,0.4,0,35.59,Moderate
2038,South Korea,East Asia,18.86,709.6,0.0,0.314,6,26.4,Low
2039,South Korea,East Asia,18.58,986.1,0.0,0.411,5,41.32,Low
2040,South Korea,East Asia,15.74,782.3,0.0,0.396,0,26.05,Low
2041,South Korea,East Asia,18.14,582.2,0.0,0.3,0,24.91,Low
2042,South Korea,East Asia,17.21,980.7,0.0,0.404,0,50.0,Low
2043,South Korea,East Asia,17.58,897.0,0.0,0.434,3,45.47,Low
2044,South Korea,East Asia,16.62,866.1,0.0,0.465,0,44.2,Low
2045,South Korea,East Asia,19.61,894.5,0.0,0.476,0,36.26,Low
2046,South Korea,East Asia,18.78,1163.1,0.0,0.622,8,62.97,Moderate
2047,South Korea,East Asia,16.66,1129.6,0.0,0.588,0,57.92,Moderate
2048,South Korea,East Asia,15.96,670.1,0.0,0.295,0,37.9,Low
2049,South Korea,East Asia,17.12,1039.8,0.0,0.479,0,40.63,Low
2050,South Korea,East Asia,18.12,841.3,0.0,0.325,0,43.93,Low
1961,North Korea,East Asia,14.57,714.2,0.0,0.557,0,37.17,Moderate
1962,North Korea,East Asia,15.54,943.5,0.0,0.475,0,44.35,Low
1963,North Korea,East Asia,16.68,719.4,0.051,0.308,0,38.61,Low
1964,North Korea,East Asia,16.16,1113.2,0.0,0.783,0,49.79,Moderate
1965,North Korea,East Asia,15.05,848.9,0.0,0.319,0,34.16,Low
1966,North Korea,East Asia,16.1,575.9,0.0,0.29,0,18.01,Low
1967,North Korea,East Asia,14.27,759.4,0.0,0.394,0,24.63,Low
1968,North Korea,East Asia,17.51,675.7,0.0,0.445,0,30.68,Low
1969,North Korea,East Asia,15.9,428.9,0.183,0.243,0,15.97,Low
1970,North Korea,East Asia,17.5,1035.9,0.0,0.478,0,48.01,Low
1971,North Korea,East Asia,15.55,892.5,0.0,0.37,5,52.09,Low
1972,North Korea,East Asia,15.57,865.3,0.0,0.405,0,50.63,Low
1973,North Korea,East Asia,15.3,806.5,0.0,0.323,0,38.31,Low
1974,North Korea,East Asia,17.29,558.9,0.096,0.283,0,15.27,Low
1975,North Korea,East Asia,15.4,702.6,0.0,0.306,0,31.73,Low
1976,North Korea,East Asia,17.04,914.7,0.0,0.338,0,42.14,Low
1977,North Korea,East Asia,15.83,611.8,0.0,0.406,0,26.65,Low
1978,North Korea,East Asia,13.93,374.9,0.007,0.148,0,14.42,Low
1979,North Korea,East Asia,15.64,743.7,0.0,0.27,0,33.26,Low
1980,North Korea,East Asia,14.93,757.3,0.0,0.365,0,35.55,Low
1981,North Korea,East Asia,16.4,801.7,0.0,0.406,0,36.27,Low
1982,North Korea,East Asia,14.95,896.6,0.0,0.309,0,46.08,Low
1983,North Korea,East Asia,17.51,882.0,0.0,0.468,0,46.26,Low
1984,North Korea,East Asia,16.3,821.4,0.0,0.327,9,35.61,Low
1985,North Korea,East Asia,16.22,971.3,0.0,0.623,0,56.19,Moderate
1986,North Korea,East Asia,17.24,537.0,0.096,0.31,0,19.05,Low
1987,North Korea,East Asia,17.62,860.7,0.0,0.398,0,33.33,Low
1988,North Korea,East Asia,16.46,880.2,0.0,0.381,8,46.3,Low
1989,North Korea,East Asia,15.58,581.7,0.035,0.282,0,23.47,Low
1990,North Korea,East Asia,14.39,539.5,0.0,0.319,0,28.9,Low
1991,North Korea,East Asia,15.72,660.6,0.0,0.328,0,18.61,Low
1992,North Korea,East Asia,15.82,674.2,0.051,0.32,0,41.05,Low
1993,North Korea,East Asia,16.7,900.5,0.0,0.455,0,49.06,Low
1994,North Korea,East Asia,16.18,681.7,0.0,0.293,0,25.08,Low
1995,North Korea,East Asia,17.44,643.0,0.0,0.294,0,23.28,Low
1996,North Korea,East Asia,15.89,682.1,0.0,0.174,0,44.14,Low
1997,North Korea,East Asia,16.58,959.0,0.0,0.557,18,43.52,Moderate
1998,North Korea,East Asia,18.09,782.1,0.0,0.415,0,34.1,Low
1999,North Korea,East Asia,17.09,751.3,0.0,0.314,0,23.97,Low
2000,North Korea,East Asia,16.63,762.4,0.0,0.533,0,36.02,Moderate
2001,North Korea,East Asia,16.0,986.7,0.0,0.5,0,47.97,Low
2002,North Korea,East Asia,15.98,660.1,0.0,0.247,0,37.3,Low
2003,North Korea,East Asia,15.74,990.5,0.0,0.564,0,41.13,Moderate
2004,North Korea,East Asia,16.12,813.7,0.0,0.439,6,31.56,Low
2005,North Korea,East Asia,17.7,754.3,0.083,0.409,6,38.75,Low
2006,North Korea,East Asia,16.54,1180.1,0.0,0.556,0,65.05,Moderate
2007,North Korea,East Asia,15.21,611.1,0.0,0.342,0,21.13,Low
2008,North Korea,East Asia,18.97,723.4,0.108,0.341,0,40.5,Low
2009,North Korea,East Asia,17.25,582.8,0.0,0.336,17,29.37,Low
2010,North Korea,East Asia,15.19,932.4,0.0,0.314,0,53.17,Low
2011,North Korea,East Asia,16.37,1050.3,0.0,0.49,1,52.09,Low
2012,North Korea,East Asia,17.05,1047.2,0.0,0.661,6,37.23,Moderate
2013,North Korea,East Asia,18.98,975.8,0.0,0.427,2,47.88,Low
2014,North Korea,East Asia,15.62,748.4,0.0,0.326,0,43.78,Low
2015,North Korea,East Asia,18.14,721.6,0.0,0.325,0,30.72,Low
2016,North Korea,East Asia,18.67,512.6,0.224,0.159,5,18.83,Low
2017,North Korea,East Asia,16.25,1105.7,0.0,0.376,0,54.23,Low
2018,North Korea,East Asia,16.69,855.0,0.0,0.409,0,25.35,Low
2019,North Korea,East Asia,15.8,701.3,0.0,0.362,0,45.09,Low
2020,North Korea,East Asia,16.82,992.5,0.0,0.492,0,44.22,Low
2021,North Korea,East Asia,17.04,624.4,0.069,0.301,0,32.88,Low
2022,North Korea,East Asia,17.89,845.1,0.0,0.426,0,41.73,Low
2023,North Korea,East Asia,18.42,752.4,0.0,0.458,0,45.16,Low
2024,North Korea,East Asia,16.24,882.2,0.0,0.426,2,46.55,Low
2025,North Korea,East Asia,14.79,769.8,0.0,0.339,0,37.08,Low
2026,North Korea,East Asia,17.14,547.9,0.0,0.251,0,22.03,Low
2027,North Korea,East Asia,17.54,792.1,0.0,0.442,0,44.39,Low
2028,North Korea,East Asia,17.51,947.8,0.0,0.587,0,36.15,Moderate
2029,North Korea,East Asia,16.83,775.3,0.004,0.337,0,42.57,Low
2030,North Korea,East Asia,17.39,904.0,0.0,0.46,7,38.61,Low
2031,North Korea,East Asia,19.08,612.7,0.102,0.333,0,36.11,Low
2032,North Korea,East Asia,17.74,775.8,0.0,0.308,0,39.76,Low
2033,North Korea,East Asia,16.85,680.1,0.0,0.342,0,37.87,Low
2034,North Korea,East Asia,16.71,899.5,0.0,0.333,0,45.47,Low
2035,North Korea,East Asia,17.13,785.0,0.0,0.251,0,28.74,Low
2036,North Korea,East Asia,19.31,890.4,0.0,0.475,0,39.36,Low
2037,North Korea,East Asia,17.15,954.0,0.0,0.446,0,51.74,Low
2038,North Korea,East Asia,17.36,890.7,0.0,0.462,7,45.53,Low
2039,North Korea,East Asia,16.83,823.7,0.0,0.41,0,48.27,Low
2040,North Korea,East Asia,18.74,620.3,0.04,0.232,0,32.63,Low
2041,North Korea,East Asia,19.79,779.6,0.028,0.386,6,32.61,Low
2042,North Korea,East Asia,18.0,694.7,0.0,0.249,0,29.96,Low
2043,North Korea,East Asia,17.58,724.9,0.0,0.474,0,36.86,Low
2044,North Korea,East Asia,17.54,720.1,0.0,0.252,0,22.12,Low
2045,North Korea,East Asia,14.65,623.2,0.0,0.296,0,41.2,Low
2046,North Korea,East Asia,18.42,466.8,0.073,0.15,0,24.53,Low
2047,North Korea,East Asia,17.71,673.1,0.06,0.382,20,39.81,Low
2048,North Korea,East Asia,18.08,810.9,0.0,0.379,0,31.06,Low
2049,North Korea,East Asia,16.73,564.3,0.0,0.241,0,35.68,Low
2050,North Korea,East Asia,17.14,782.5,0.005,0.46,0,52.42,Low
1961,Mongolia,East Asia,14.41,518.6,0.0,0.338,0,14.28,Low
1962,Mongolia,East Asia,16.94,712.0,0.0,0.366,0,35.58,Low
1963,Mongolia,East Asia,16.04,860.4,0.0,0.392,0,33.48,Low
1964,Mongolia,East Asia,14.2,637.5,0.0,0.214,0,27.89,Low
1965,Mongolia,East Asia,16.66,551.7,0.162,0.204,0,18.94,Low
1966,Mongolia,East Asia,17.09,791.1,0.0,0.264,3,44.41,Low
1967,Mongolia,East Asia,15.39,918.0,0.0,0.46,0,46.6,Low
1968,Mongolia,East Asia,17.53,508.8,0.233,0.159,3,13.07,Low
1969,Mongolia,East Asia,14.14,911.2,0.0,0.434,0,50.84,Low
1970,Mongolia,East Asia,14.37,910.8,0.0,0.565,0,36.94,Moderate
1971,Mongolia,East Asia,16.34,932.7,0.0,0.562,0,48.61,Moderate
1972,Mongolia,East Asia,16.23,975.0,0.0,0.485,2,43.86,Low
1973,Mongolia,East Asia,15.36,1132.3,0.0,0.559,0,54.42,Moderate
1974,Mongolia,East Asia,17.21,723.0,0.0,0.512,0,39.18,Moderate
1975,Mongolia,East Asia,16.89,797.5,0.0,0.44,3,43.01,Low
1976,Mongolia,East Asia,17.3,713.4,0.0,0.33,1,43.69,Low
1977,Mongolia,East Asia,16.14,780.3,0.0,0.276,11,38.52,Low
1978,Mongolia,East Asia,17.03,1025.3,0.0,0.544,0,53.1,Moderate
1979,Mongolia,East Asia,15.79,564.8,0.0,0.349,0,25.61,Low
1980,Mongolia,East Asia,18.81,642.2,0.158,0.271,0,30.04,Low
1981,Mongolia,East Asia,15.38,1000.3,0.0,0.523,0,52.65,Moderate
1982,Mongolia,East Asia,18.9,943.2,0.0,0.443,0,46.57,Low
1983,Mongolia,East Asia,16.44,721.9,0.0,0.346,0,25.27,Low
1984,Mongolia,East Asia,14.76,916.7,0.0,0.259,0,47.82,Low
1985,Mongolia,East Asia,18.07,834.6,0.0,0.4,0,43.92,Low
1986,Mongolia,East Asia,16.6,1020.0,0.0,0.588,0,46.92,Moderate
1987,Mongolia,East Asia,17.49,791.9,0.0,0.345,0,31.89,Low
1988,Mongolia,East Asia,17.95,944.1,0.0,0.476,2,56.06,Low
1989,Mongolia,East Asia,16.91,1202.7,0.0,0.541,5,63.08,Moderate
1990,Mongolia,East Asia,15.81,875.7,0.0,0.467,0,42.41,Low
1991,Mongolia,East Asia,17.71,787.9,0.074,0.377,7,31.09,Low
1992,Mongolia,East Asia,16.56,895.6,0.0,0.373,0,39.85,Low
1993,Mongolia,East Asia,17.4,721.6,0.0,0.467,0,43.89,Low
1994,Mongolia,East Asia,14.01,1162.1,0.0,0.655,0,58.93,Moderate
1995,Mongolia,East Asia,17.15,808.8,0.0,0.356,0,37.14,Low
1996,Mongolia,East Asia,15.86,736.3,0.0,0.408,0,39.87,Low
1997,Mongolia,East Asia,18.63,646.3,0.057,0.366,5,26.28,Low
1998,Mongolia,East Asia,17.41,955.6,0.0,0.529,0,56.78,Moderate
1999,Mongolia,East Asia,16.97,918.7,0.0,0.324,0,54.05,Low
2000,Mongolia,East Asia,17.29,700.4,0.0,0.431,0,32.22,Low
2001,Mongolia,East Asia,15.52,872.2,0.0,0.391,0,39.84,Low
2002,Mongolia,East Asia,18.69,538.6,0.219,0.241,0,6.84,Low
2003,Mongolia,East Asia,19.15,809.6,0.0,0.616,0,31.59,Moderate
2004,Mongolia,East Asia,17.25,852.4,0.0,0.45,0,34.59,Low
2005,Mongolia,East Asia,18.7,1053.2,0.0,0.496,0,53.47,Low
2006,Mongolia,East Asia,16.13,656.7,0.0,0.152,0,30.88,Low
2007,Mongolia,East Asia,15.87,575.5,0.073,0.399,0,19.23,Low
2008,Mongolia,East Asia,16.9,636.7,0.0,0.211,4,30.15,Low
2009,Mongolia,East Asia,17.39,566.1,0.052,0.203,0,30.3,Low
2010,Mongolia,East Asia,16.41,993.9,0.0,0.47,0,52.86,Low
2011,Mongolia,East Asia,17.55,1027.8,0.0,0.627,18,39.99,Moderate
2012,Mongolia,East Asia,17.29,831.2,0.0,0.477,0,40.79,Low
2013,Mongolia,East Asia,15.74,975.4,0.0,0.475,0,40.47,Low
2014,Mongolia,East Asia,17.58,801.4,0.0,0.425,2,45.48,Low
2015,Mongolia,East Asia,18.01,764.8,0.0,0.334,0,42.94,Low
2016,Mongolia,East Asia,17.2,726.7,0.0,0.375,0,30.95,Low
2017,Mongolia,East Asia,18.39,730.3,0.0,0.371,16,31.92,Low
2018,Mongolia,East Asia,15.57,532.4,0.0,0.344,0,23.85,Low
2019,Mongolia,East Asia,17.61,822.3,0.02,0.489,0,27.19,Moderate
2020,Mongolia,East Asia,15.66,773.5,0.0,0.426,0,40.69,Low
2021,Mongolia,East Asia,15.74,899.3,0.0,0.421,0,43.33,Low
2022,Mongolia,East Asia,16.34,795.0,0.0,0.457,2,45.57,Low
2023,Mongolia,East Asia,15.99,754.0,0.0,0.37,0,31.11,Low
2024,Mongolia,East Asia,16.48,640.6,0.122,0.234,0,25.87,Low
2025,Mongolia,East Asia,16.9,791.5,0.0,0.364,5,30.54,Low
2026,Mongolia,East Asia,18.17,898.1,0.0,0.456,12,38.88,Low
2027,Mongolia,East Asia,16.8,597.1,0.047,0.371,0,21.82,Low
2028,Mongolia,East Asia,15.3,794.0,0.0,0.382,0,45.68,Low
2029,Mongolia,East Asia,18.59,817.3,0.0,0.312,0,36.67,Low
2030,Mongolia,East Asia,16.24,665.1,0.039,0.337,0,33.22,Low
2031,Mongolia,East Asia,17.19,685.9,0.056,0.352,0,30.89,Low
2032,Mongolia,East Asia,17.81,816.9,0.0,0.423,0,33.23,Low
2033,Mongolia,East Asia,17.54,598.7,0.0,0.373,5,28.92,Low
2034,Mongolia,East Asia,18.63,836.0,0.011,0.5,10,45.18,Moderate
2035,Mongolia,East Asia,17.91,636.7,0.0,0.271,0,24.59,Low
2036,Mongolia,East Asia,16.32,950.1,0.0,0.426,1,52.36,Low
2037,Mongolia,East Asia,19.98,1154.1,0.0,0.494,6,52.6,Low
2038,Mongolia,East Asia,17.62,642.3,0.0,0.377,0,29.22,Low
2039,Mongolia,East Asia,17.23,865.5,0.0,0.549,2,46.46,Moderate
2040,Mongolia,East Asia,18.58,663.7,0.026,0.307,0,28.68,Low
2041,Mongolia,East Asia,17.74,946.6,0.0,0.454,13,47.55,Low
2042,Mongolia,East Asia,17.94,577.6,0.0,0.406,0,26.99,Low
2043,Mongolia,East Asia,20.47,856.9,0.195,0.469,1,39.73,Moderate
2044,Mongolia,East Asia,17.16,640.3,0.15,0.355,0,14.73,Moderate
2045,Mongolia,East Asia,17.13,746.9,0.0,0.278,0,26.37,Low
2046,Mongolia,East Asia,17.67,615.0,0.171,0.362,7,31.03,Moderate
2047,Mongolia,East Asia,18.83,911.6,0.0,0.381,0,51.8,Low
2048,Mongolia,East Asia,15.76,646.1,0.0,0.232,0,26.84,Low
2049,Mongolia,East Asia,15.23,868.3,0.0,0.406,0,41.95,Low
2050,Mongolia,East Asia,16.9,724.9,0.0,0.316,0,38.02,Low
1961,Indonesia,Southeast Asia,27.83,1578.7,0.0,0.861,22,74.24,Moderate
1962,Indonesia,Southeast Asia,24.58,1388.7,0.0,0.633,13,74.55,Moderate
1963,Indonesia,Southeast Asia,25.97,1942.9,0.0,0.95,36,95.0,Moderate
1964,Indonesia,Southeast Asia,26.65,1524.8,0.0,0.792,17,76.18,Moderate
1965,Indonesia,Southeast Asia,27.92,1625.4,0.0,0.657,47,86.54,Moderate
1966,Indonesia,Southeast Asia,30.09,1785.0,0.0,0.702,37,92.13,Moderate
1967,Indonesia,Southeast Asia,26.83,1502.6,0.0,0.779,25,83.81,Moderate
1968,Indonesia,Southeast Asia,25.44,1438.7,0.0,0.759,24,69.18,Moderate
1969,Indonesia,Southeast Asia,27.63,1640.6,0.0,0.985,47,79.45,Moderate
1970,Indonesia,Southeast Asia,28.75,1313.1,0.156,0.669,22,54.74,Moderate
1971,Indonesia,Southeast Asia,27.31,1553.9,0.0,0.843,16,75.12,Moderate
1972,Indonesia,Southeast Asia,26.11,1639.2,0.0,0.804,16,87.75,Moderate
1973,Indonesia,Southeast Asia,28.37,1556.8,0.0,0.802,29,85.64,Moderate
1974,Indonesia,Southeast Asia,28.03,1353.0,0.045,0.81,14,72.51,Moderate
1975,Indonesia,Southeast Asia,26.02,1855.1,0.0,0.758,22,81.99,Moderate
1976,Indonesia,Southeast Asia,27.73,1616.6,0.0,0.841,40,87.33,Moderate
1977,Indonesia,Southeast Asia,28.48,1829.0,0.0,1.0,30,80.42,Moderate
1978,Indonesia,Southeast Asia,28.72,1558.4,0.0,0.802,27,83.31,Moderate
1979,Indonesia,Southeast Asia,27.24,1459.2,0.0,0.862,20,70.75,Moderate
1980,Indonesia,Southeast Asia,26.91,1643.1,0.0,0.771,31,86.37,Moderate
1981,Indonesia,Southeast Asia,28.83,1565.5,0.0,0.78,23,70.28,Moderate
1982,Indonesia,Southeast Asia,25.93,1411.6,0.0,0.708,36,77.6,Moderate
1983,Indonesia,Southeast Asia,27.92,1835.2,0.0,0.74,43,82.97,Moderate
1984,Indonesia,Southeast Asia,25.77,1500.4,0.0,0.657,23,71.01,Moderate
1985,Indonesia,Southeast Asia,28.71,1305.6,0.104,0.565,30,57.2,Moderate
1986,Indonesia,Southeast Asia,27.14,1812.5,0.0,0.972,33,80.1,Moderate
1987,Indonesia,Southeast Asia,28.99,1519.3,0.0,0.829,39,76.53,Moderate
1988,Indonesia,Southeast Asia,28.08,1502.7,0.0,0.777,21,85.97,Moderate
1989,Indonesia,Southeast Asia,26.04,1317.5,0.0,0.725,17,81.88,Moderate
1990,Indonesia,Southeast Asia,29.23,1878.6,0.0,0.926,21,94.51,Moderate
1991,Indonesia,Southeast Asia,29.4,1393.7,0.112,0.793,35,74.14,Moderate
1992,Indonesia,Southeast Asia,28.62,1609.4,0.0,0.805,35,81.86,Moderate
1993,Indonesia,Southeast Asia,26.66,1746.0,0.0,0.878,13,90.29,Moderate
1994,Indonesia,Southeast Asia,27.23,1667.5,0.0,0.812,22,81.32,Moderate
1995,Indonesia,Southeast Asia,27.79,1590.5,0.0,0.85,16,80.69,Moderate
1996,Indonesia,Southeast Asia,26.79,1327.7,0.0,0.63,17,69.61,Moderate
1997,Indonesia,Southeast Asia,29.68,1470.4,0.113,0.813,37,67.78,Moderate
1998,Indonesia,Southeast Asia,27.84,1630.0,0.0,0.724,21,81.04,Moderate
1999,Indonesia,Southeast Asia,24.44,1474.1,0.0,0.649,14,73.35,Moderate
2000,Indonesia,Southeast Asia,28.11,1632.5,0.0,0.871,15,86.59,Moderate
2001,Indonesia,Southeast Asia,27.3,1709.1,0.0,0.847,27,79.06,Moderate
2002,Indonesia,Southeast Asia,27.65,1754.0,0.0,0.841,26,87.39,Moderate
2003,Indonesia,Southeast Asia,27.31,1403.8,0.0,0.773,20,81.66,Moderate
2004,Indonesia,Southeast Asia,28.74,1951.5,0.0,0.927,28,95.0,Moderate
2005,Indonesia,Southeast Asia,29.14,1722.8,0.0,0.845,32,94.23,Moderate
2006,Indonesia,Southeast Asia,28.15,1599.7,0.0,0.912,21,80.13,Moderate
2007,Indonesia,Southeast Asia,27.42,1774.3,0.0,1.0,14,90.64,Moderate
2008,Indonesia,Southeast Asia,27.8,1978.5,0.0,1.0,41,95.0,Moderate
2009,Indonesia,Southeast Asia,27.89,1369.8,0.133,0.662,22,75.19,Moderate
2010,Indonesia,Southeast Asia,26.92,1564.0,0.0,0.88,23,66.49,Moderate
2011,Indonesia,Southeast Asia,28.59,1219.5,0.245,0.534,37,48.19,Moderate
2012,Indonesia,Southeast Asia,28.47,1630.8,0.0,0.743,57,89.4,Moderate
2013,Indonesia,Southeast Asia,29.78,1658.5,0.019,0.641,23,80.87,Moderate
2014,Indonesia,Southeast Asia,29.46,1593.7,0.0,0.931,35,75.66,Moderate
2015,Indonesia,Southeast Asia,27.15,1495.3,0.0,0.679,19,67.24,Moderate
2016,Indonesia,Southeast Asia,28.97,1272.1,0.177,0.626,26,56.73,Moderate
2017,Indonesia,Southeast Asia,26.87,1659.8,0.0,0.757,18,74.57,Moderate
2018,Indonesia,Southeast Asia,28.86,1832.9,0.0,0.972,21,95.0,Moderate
2019,Indonesia,Southeast Asia,27.42,1505.4,0.035,0.723,25,74.43,Moderate
2020,Indonesia,Southeast Asia,26.83,1670.4,0.0,0.731,12,83.17,Moderate
2021,Indonesia,Southeast Asia,28.42,1349.1,0.103,0.71,36,68.93,Moderate
2022,Indonesia,Southeast Asia,24.89,1673.2,0.0,0.722,19,89.43,Moderate
2023,Indonesia,Southeast Asia,26.01,1537.1,0.0,0.702,25,82.53,Moderate
2024,Indonesia,Southeast Asia,27.92,1478.0,0.0,0.57,24,80.34,Moderate
2025,Indonesia,Southeast Asia,28.25,1478.3,0.0,0.625,25,70.13,Moderate
2026,Indonesia,Southeast Asia,27.73,1537.0,0.0,0.783,29,75.06,Moderate
2027,Indonesia,Southeast Asia,26.29,1661.2,0.0,0.673,13,87.67,Moderate
2028,Indonesia,Southeast Asia,27.22,1390.1,0.0,0.577,22,66.34,Moderate
2029,Indonesia,Southeast Asia,28.69,1536.5,0.0,0.768,23,76.79,Moderate
2030,Indonesia,Southeast Asia,28.94,1593.4,0.052,0.753,23,81.03,Moderate
2031,Indonesia,Southeast Asia,28.24,1424.2,0.129,0.871,11,73.33,Moderate
2032,Indonesia,Southeast Asia,29.67,1887.5,0.0,1.0,43,83.71,Moderate
2033,Indonesia,Southeast Asia,28.77,1463.4,0.005,0.662,24,77.36,Moderate
2034,Indonesia,Southeast Asia,27.42,1492.9,0.0,0.791,35,73.24,Moderate
2035,Indonesia,Southeast Asia,28.0,1443.5,0.018,0.782,36,76.06,Moderate
2036,Indonesia,Southeast Asia,26.67,1887.8,0.0,0.896,13,95.0,Moderate
2037,Indonesia,Southeast Asia,28.24,1688.5,0.0,0.725,20,94.07,Moderate
2038,Indonesia,Southeast Asia,29.72,1450.1,0.077,0.724,53,79.09,Moderate
2039,Indonesia,Southeast Asia,29.23,1777.0,0.027,0.875,45,95.0,Moderate
2040,Indonesia,Southeast Asia,30.1,1632.1,0.0,0.781,34,90.27,Moderate
2041,Indonesia,Southeast Asia,28.08,1641.2,0.0,0.856,30,83.81,Moderate
2042,Indonesia,Southeast Asia,30.07,1544.9,0.0,0.712,29,77.44,Moderate
2043,Indonesia,Southeast Asia,28.24,1480.1,0.0,0.648,32,79.24,Moderate
2044,Indonesia,Southeast Asia,30.26,1654.0,0.0,0.836,29,87.09,Moderate
2045,Indonesia,Southeast Asia,28.49,1512.8,0.0,0.787,13,73.78,Moderate
2046,Indonesia,Southeast Asia,29.38,1890.7,0.0,0.851,21,95.0,Moderate
2047,Indonesia,Southeast Asia,30.32,1396.9,0.042,0.773,35,68.8,Moderate
2048,Indonesia,Southeast Asia,28.33,1845.8,0.0,0.781,19,87.17,Moderate
2049,Indonesia,Southeast Asia,28.85,1582.2,0.0,0.745,29,86.85,Moderate
2050,Indonesia,Southeast Asia,30.15,1647.9,0.0,0.803,25,82.72,Moderate
1961,Vietnam,Southeast Asia,29.46,1443.3,0.053,0.485,39,76.79,Moderate
1962,Vietnam,Southeast Asia,25.07,1626.1,0.0,0.762,22,79.47,Moderate
1963,Vietnam,Southeast Asia,26.37,1810.3,0.0,0.855,20,83.09,Moderate
1964,Vietnam,Southeast Asia,27.09,1448.2,0.0,0.646,18,80.06,Moderate
1965,Vietnam,Southeast Asia,28.44,1769.8,0.0,0.895,27,87.92,Moderate
1966,Vietnam,Southeast Asia,27.57,1530.7,0.0,0.732,29,86.91,Moderate
1967,Vietnam,Southeast Asia,27.48,1880.5,0.0,0.874,23,80.55,Moderate
1968,Vietnam,Southeast Asia,25.77,1541.6,0.0,0.686,23,78.25,Moderate
1969,Vietnam,Southeast Asia,25.76,1465.5,0.0,0.676,24,84.79,Moderate
1970,Vietnam,Southeast Asia,27.55,1710.0,0.0,0.945,33,83.38,Moderate
1971,Vietnam,Southeast Asia,25.54,1530.3,0.0,0.712,30,75.16,Moderate
1972,Vietnam,Southeast Asia,26.56,1465.4,0.0,0.691,24,75.04,Moderate
1973,Vietnam,Southeast Asia,27.82,1523.5,0.0,0.725,16,72.82,Moderate
1974,Vietnam,Southeast Asia,26.06,1592.9,0.0,0.824,19,77.77,Moderate
1975,Vietnam,Southeast Asia,29.18,1814.7,0.0,0.944,31,88.71,Moderate
1976,Vietnam,Southeast Asia,28.74,1290.5,0.16,0.402,15,57.56,Moderate
1977,Vietnam,Southeast Asia,25.4,1603.7,0.0,0.884,31,87.56,Moderate
1978,Vietnam,Southeast Asia,26.19,1700.0,0.0,0.965,23,87.77,Moderate
1979,Vietnam,Southeast Asia,24.58,1631.0,0.0,0.731,20,83.05,Moderate
1980,Vietnam,Southeast Asia,26.4,1809.6,0.0,0.827,34,95.0,Moderate
1981,Vietnam,Southeast Asia,28.28,1588.1,0.0,0.758,23,77.82,Moderate
1982,Vietnam,Southeast Asia,26.88,1570.5,0.0,0.725,29,73.88,Moderate
1983,Vietnam,Southeast Asia,27.95,1694.8,0.0,0.865,26,81.12,Moderate
1984,Vietnam,Southeast Asia,25.59,1615.9,0.0,0.652,19,80.81,Moderate
1985,Vietnam,Southeast Asia,28.39,1537.5,0.0,0.679,22,70.52,Moderate
1986,Vietnam,Southeast Asia,26.78,1682.6,0.0,0.964,37,81.13,Moderate
1987,Vietnam,Southeast Asia,27.48,1495.6,0.0,0.674,23,71.68,Moderate
1988,Vietnam,Southeast Asia,27.37,1502.2,0.0,0.851,31,87.86,Moderate
1989,Vietnam,Southeast Asia,25.98,1515.5,0.0,0.786,6,59.13,Moderate
1990,Vietnam,Southeast Asia,26.14,1816.5,0.0,0.764,31,89.75,Moderate
1991,Vietnam,Southeast Asia,28.7,1084.6,0.177,0.593,38,61.04,Moderate
1992,Vietnam,Southeast Asia,28.04,1663.3,0.0,0.822,28,83.9,Moderate
1993,Vietnam,Southeast Asia,28.84,1605.5,0.0,0.766,28,84.79,Moderate
1994,Vietnam,Southeast Asia,27.98,1331.1,0.107,0.685,31,65.02,Moderate
1995,Vietnam,Southeast Asia,27.78,1649.6,0.0,0.863,45,78.47,Moderate
1996,Vietnam,Southeast Asia,25.56,1676.1,0.0,0.895,6,70.35,Moderate
1997,Vietnam,Southeast Asia,27.32,1694.3,0.0,0.941,32,85.95,Moderate
1998,Vietnam,Southeast Asia,27.63,1175.7,0.164,0.621,19,50.85,Moderate
1999,Vietnam,Southeast Asia,30.03,1818.6,0.0,0.799,33,86.13,Moderate
2000,Vietnam,Southeast Asia,28.53,1482.0,0.0,0.703,27,71.1,Moderate
2001,Vietnam,Southeast Asia,29.56,1709.9,0.0,1.0,29,95.0,Moderate
2002,Vietnam,Southeast Asia,28.46,1718.6,0.0,0.917,29,95.0,Moderate
2003,Vietnam,Southeast Asia,26.9,1459.7,0.0,0.919,15,74.29,Moderate
2004,Vietnam,Southeast Asia,27.91,1705.7,0.0,0.964,35,82.5,Moderate
2005,Vietnam,Southeast Asia,28.08,1538.3,0.0,0.789,13,69.85,Moderate
2006,Vietnam,Southeast Asia,26.68,1268.6,0.0,0.658,28,66.24,Moderate
2007,Vietnam,Southeast Asia,27.37,1786.8,0.0,0.89,23,95.0,Moderate
2008,Vietnam,Southeast Asia,27.6,1476.0,0.0,0.599,17,72.32,Moderate
2009,Vietnam,Southeast Asia,29.79,1463.3,0.0,0.733,34,58.89,Moderate
2010,Vietnam,Southeast Asia,25.39,1535.5,0.0,0.865,7,80.8,Moderate
2011,Vietnam,Southeast Asia,29.35,1643.6,0.0,0.774,32,88.09,Moderate
2012,Vietnam,Southeast Asia,26.79,1590.8,0.0,0.828,12,70.03,Moderate
2013,Vietnam,Southeast Asia,26.29,1687.7,0.0,0.912,26,85.44,Moderate
2014,Vietnam,Southeast Asia,29.37,1385.7,0.156,0.62,24,68.87,Moderate
2015,Vietnam,Southeast Asia,28.85,1481.2,0.042,0.705,26,72.78,Moderate
2016,Vietnam,Southeast Asia,29.5,1581.4,0.091,0.709,34,72.51,Moderate
2017,Vietnam,Southeast Asia,28.97,1903.7,0.0,0.886,24,95.0,Moderate
2018,Vietnam,Southeast Asia,30.5,1581.8,0.047,0.688,35,75.73,Moderate
2019,Vietnam,Southeast Asia,28.71,1773.6,0.0,0.815,18,79.77,Moderate
2020,Vietnam,Southeast Asia,27.87,1606.2,0.043,0.917,32,67.16,Moderate
2021,Vietnam,Southeast Asia,28.49,1522.6,0.096,0.688,43,81.78,Moderate
2022,Vietnam,Southeast Asia,29.59,1560.5,0.0,0.79,55,81.73,Moderate
2023,Vietnam,Southeast Asia,27.18,1573.1,0.0,0.746,26,79.18,Moderate
2024,Vietnam,Southeast Asia,27.35,1696.6,0.0,0.943,32,82.19,Moderate
2025,Vietnam,Southeast Asia,27.78,1819.9,0.0,1.0,13,87.82,Moderate
2026,Vietnam,Southeast Asia,25.64,1657.5,0.0,0.898,32,76.42,Moderate
2027,Vietnam,Southeast Asia,28.35,1789.9,0.0,0.919,35,86.91,Moderate
2028,Vietnam,Southeast Asia,25.94,1445.6,0.0,0.704,17,59.56,Moderate
2029,Vietnam,Southeast Asia,28.29,1533.7,0.0,0.671,38,72.27,Moderate
2030,Vietnam,Southeast Asia,29.28,1484.1,0.0,0.898,29,72.34,Moderate
2031,Vietnam,Southeast Asia,27.69,1650.3,0.0,0.764,23,86.17,Moderate
2032,Vietnam,Southeast Asia,30.29,1542.6,0.032,0.824,38,76.26,Moderate
2033,Vietnam,Southeast Asia,26.54,1716.8,0.0,0.943,15,90.61,Moderate
2034,Vietnam,Southeast Asia,29.74,1451.0,0.033,0.681,41,79.99,Moderate
2035,Vietnam,Southeast Asia,29.14,1606.9,0.024,0.886,22,86.21,Moderate
2036,Vietnam,Southeast Asia,26.29,1709.9,0.0,0.916,14,88.32,Moderate
2037,Vietnam,Southeast Asia,31.62,1269.6,0.19,0.773,31,59.75,Moderate
2038,Vietnam,Southeast Asia,28.31,1939.5,0.0,0.932,35,91.09,Moderate
2039,Vietnam,Southeast Asia,27.35,1554.7,0.0,0.674,21,82.17,Moderate
2040,Vietnam,Southeast Asia,26.73,1276.0,0.087,0.598,13,72.14,Moderate
2041,Vietnam,Southeast Asia,28.18,1625.3,0.0,0.829,23,83.32,Moderate
2042,Vietnam,Southeast Asia,28.31,1605.4,0.0,0.807,28,91.77,Moderate
2043,Vietnam,Southeast Asia,28.6,1586.9,0.054,0.762,20,69.12,Moderate
2044,Vietnam,Southeast Asia,28.14,1758.6,0.0,0.727,19,81.0,Moderate
2045,Vietnam,Southeast Asia,29.27,1719.6,0.0,0.897,48,91.11,Moderate
2046,Vietnam,Southeast Asia,28.06,1647.7,0.0,0.982,21,83.97,Moderate
2047,Vietnam,Southeast Asia,26.23,1672.0,0.0,0.873,20,91.48,Moderate
2048,Vietnam,Southeast Asia,28.39,1583.3,0.0,0.84,26,79.07,Moderate
2049,Vietnam,Southeast Asia,25.74,1884.1,0.0,0.988,17,89.0,Moderate
2050,Vietnam,Southeast Asia,29.03,1363.3,0.076,0.713,36,65.36,Moderate
1961,Thailand,Southeast Asia,25.16,1776.6,0.0,0.873,29,87.1,Moderate
1962,Thailand,Southeast Asia,25.66,1538.5,0.0,0.829,30,79.51,Moderate
1963,Thailand,Southeast Asia,28.2,1589.9,0.0,0.846,18,78.81,Moderate
1964,Thailand,Southeast Asia,28.1,1677.2,0.0,0.817,38,83.53,Moderate
1965,Thailand,Southeast Asia,27.51,1773.4,0.0,0.904,23,86.4,Moderate
1966,Thailand,Southeast Asia,25.02,1546.6,0.0,0.707,23,85.4,Moderate
1967,Thailand,Southeast Asia,26.68,1843.2,0.0,0.978,16,87.76,Moderate
1968,Thailand,Southeast Asia,25.66,1258.3,0.008,0.623,22,58.32,Moderate
1969,Thailand,Southeast Asia,28.56,1721.6,0.0,0.839,32,95.0,Moderate
1970,Thailand,Southeast Asia,26.46,1465.7,0.0,0.704,11,79.15,Moderate
1971,Thailand,Southeast Asia,25.88,1819.6,0.0,0.905,26,76.67,Moderate
1972,Thailand,Southeast Asia,27.23,1622.7,0.0,0.776,36,77.74,Moderate
1973,Thailand,Southeast Asia,26.45,1492.3,0.0,0.799,21,63.74,Moderate
1974,Thailand,Southeast Asia,29.01,1706.1,0.0,0.821,41,79.6,Moderate
1975,Thailand,Southeast Asia,26.37,1742.9,0.0,0.999,21,68.31,Moderate
1976,Thailand,Southeast Asia,25.59,1702.7,0.0,0.969,27,84.31,Moderate
1977,Thailand,Southeast Asia,24.7,1435.2,0.0,0.646,0,64.91,Moderate
1978,Thailand,Southeast Asia,27.27,1522.6,0.061,0.767,45,75.26,Moderate
1979,Thailand,Southeast Asia,26.65,1599.3,0.0,0.748,35,70.22,Moderate
1980,Thailand,Southeast Asia,25.63,1593.4,0.0,0.771,18,80.17,Moderate
1981,Thailand,Southeast Asia,28.79,1720.0,0.0,1.0,14,83.51,Moderate
1982,Thailand,Southeast Asia,28.18,1277.6,0.153,0.614,30,69.82,Moderate
1983,Thailand,Southeast Asia,27.36,1653.5,0.0,0.856,14,91.14,Moderate
1984,Thailand,Southeast Asia,29.05,1553.6,0.0,0.82,34,82.39,Moderate
1985,Thailand,Southeast Asia,28.23,1465.8,0.082,0.653,31,69.7,Moderate
1986,Thailand,Southeast Asia,26.46,1481.2,0.0,0.672,15,85.97,Moderate
1987,Thailand,Southeast Asia,26.22,1565.7,0.001,0.686,31,68.95,Moderate
1988,Thailand,Southeast Asia,28.47,1023.8,0.154,0.441,35,39.69,Moderate
1989,Thailand,Southeast Asia,27.98,1487.8,0.0,0.516,35,73.89,Moderate
1990,Thailand,Southeast Asia,27.73,1459.9,0.037,0.774,27,85.78,Moderate
1991,Thailand,Southeast Asia,26.52,1685.2,0.0,1.0,12,83.05,Moderate
1992,Thailand,Southeast Asia,28.29,1471.1,0.0,0.747,36,72.46,Moderate
1993,Thailand,Southeast Asia,26.67,1565.6,0.0,0.669,21,69.63,Moderate
1994,Thailand,Southeast Asia,27.47,1846.8,0.0,0.872,15,95.0,Moderate
1995,Thailand,Southeast Asia,29.35,1759.1,0.0,0.843,42,93.67,Moderate
1996,Thailand,Southeast Asia,26.84,1744.4,0.0,0.791,41,91.95,Moderate
1997,Thailand,Southeast Asia,25.76,1520.0,0.0,0.829,20,72.23,Moderate
1998,Thailand,Southeast Asia,26.4,1686.9,0.0,0.908,40,80.1,Moderate
1999,Thailand,Southeast Asia,28.88,1562.6,0.0,0.689,31,70.37,Moderate
2000,Thailand,Southeast Asia,28.01,1568.6,0.0,0.842,24,78.93,Moderate
2001,Thailand,Southeast Asia,27.57,1665.5,0.0,0.955,21,76.8,Moderate
2002,Thailand,Southeast Asia,27.13,1504.5,0.0,0.904,38,68.16,Moderate
2003,Thailand,Southeast Asia,28.34,1838.9,0.0,1.0,22,89.4,Moderate
2004,Thailand,Southeast Asia,26.76,1574.4,0.022,0.715,30,75.35,Moderate
2005,Thailand,Southeast Asia,28.16,1698.9,0.0,1.0,24,81.72,Moderate
2006,Thailand,Southeast Asia,26.93,1832.9,0.0,0.888,21,94.44,Moderate
2007,Thailand,Southeast Asia,26.75,1765.1,0.0,0.835,32,88.73,Moderate
2008,Thailand,Southeast Asia,27.08,1374.6,0.0,0.713,22,67.0,Moderate
2009,Thailand,Southeast Asia,27.41,1671.2,0.0,0.789,23,84.66,Moderate
2010,Thailand,Southeast Asia,27.82,1736.1,0.0,0.9,36,80.86,Moderate
2011,Thailand,Southeast Asia,28.18,1742.7,0.0,0.766,41,87.77,Moderate
2012,Thailand,Southeast Asia,23.49,1421.9,0.0,0.692,19,72.0,Moderate
2013,Thailand,Southeast Asia,26.97,1494.9,0.0,0.85,19,65.73,Moderate
2014,Thailand,Southeast Asia,27.48,1759.1,0.0,0.875,22,93.93,Moderate
2015,Thailand,Southeast Asia,29.78,1478.1,0.039,0.75,33,67.84,Moderate
2016,Thailand,Southeast Asia,26.69,1552.0,0.0,0.814,26,78.14,Moderate
2017,Thailand,Southeast Asia,28.2,1852.1,0.0,1.0,20,95.0,Moderate
2018,Thailand,Southeast Asia,29.82,1592.4,0.0,0.664,39,85.17,Moderate
2019,Thailand,Southeast Asia,26.47,1483.7,0.0,0.789,24,74.39,Moderate
2020,Thailand,Southeast Asia,28.53,1459.6,0.0,0.708,15,70.8,Moderate
2021,Thailand,Southeast Asia,27.12,1653.2,0.0,0.84,17,88.35,Moderate
2022,Thailand,Southeast Asia,27.49,1386.7,0.0,0.778,22,73.38,Moderate
2023,Thailand,Southeast Asia,27.15,1560.4,0.0,0.685,24,74.31,Moderate
2024,Thailand,Southeast Asia,27.26,1653.3,0.0,0.746,40,77.9,Moderate
2025,Thailand,Southeast Asia,31.42,1807.9,0.0,0.749,40,77.96,Moderate
2026,Thailand,Southeast Asia,29.18,1706.8,0.0,0.809,24,86.26,Moderate
2027,Thailand,Southeast Asia,29.51,1485.7,0.048,0.849,34,72.82,Moderate
2028,Thailand,Southeast Asia,28.8,1788.5,0.0,0.885,27,95.0,Moderate
2029,Thailand,Southeast Asia,26.3,1552.1,0.0,0.669,25,79.76,Moderate
2030,Thailand,Southeast Asia,28.72,1402.3,0.0,0.662,34,78.12,Moderate
2031,Thailand,Southeast Asia,29.55,1572.5,0.0,0.667,42,74.43,Moderate
2032,Thailand,Southeast Asia,27.25,1830.1,0.0,0.825,25,95.0,Moderate
2033,Thailand,Southeast Asia,29.45,1626.4,0.0,0.844,45,78.15,Moderate
2034,Thailand,Southeast Asia,29.16,1602.0,0.0,0.707,38,84.77,Moderate
2035,Thailand,Southeast Asia,30.55,1862.0,0.0,1.0,30,84.35,Moderate
2036,Thailand,Southeast Asia,27.85,1371.0,0.025,0.68,45,69.45,Moderate
2037,Thailand,Southeast Asia,27.05,1394.3,0.0,0.704,27,57.81,Moderate
2038,Thailand,Southeast Asia,27.95,1341.5,0.0,0.648,21,65.47,Moderate
2039,Thailand,Southeast Asia,30.13,1659.6,0.0,0.892,47,85.62,Moderate
2040,Thailand,Southeast Asia,26.23,1626.6,0.0,0.876,39,78.21,Moderate
2041,Thailand,Southeast Asia,25.96,1846.8,0.0,0.95,21,86.04,Moderate
2042,Thailand,Southeast Asia,28.57,1639.0,0.0,0.865,25,87.02,Moderate
2043,Thailand,Southeast Asia,27.94,1535.3,0.0,0.751,26,76.15,Moderate
2044,Thailand,Southeast Asia,28.5,1600.3,0.0,0.844,35,77.08,Moderate
2045,Thailand,Southeast Asia,29.65,1618.8,0.003,0.782,43,81.13,Moderate
2046,Thailand,Southeast Asia,27.87,1332.5,0.135,0.666,32,79.75,Moderate
2047,Thailand,Southeast Asia,26.3,2033.7,0.0,0.995,23,95.0,Moderate
2048,Thailand,Southeast Asia,31.02,1683.2,0.0,0.805,49,91.13,Moderate
2049,Thailand,Southeast Asia,27.39,1633.6,0.0,0.762,23,84.29,Moderate
2050,Thailand,Southeast Asia,27.33,1698.4,0.0,0.887,34,85.92,Moderate
1961,Philippines,Southeast Asia,24.12,1696.6,0.0,0.817,10,76.86,Moderate
1962,Philippines,Southeast Asia,26.2,1534.4,0.0,0.694,5,72.27,Moderate
1963,Philippines,Southeast Asia,26.46,1588.7,0.0,0.814,27,82.6,Moderate
1964,Philippines,Southeast Asia,24.8,1614.6,0.0,0.612,9,80.77,Moderate
1965,Philippines,Southeast Asia,25.68,1617.2,0.0,0.794,28,86.52,Moderate
1966,Philippines,Southeast Asia,24.71,1759.7,0.0,0.863,15,89.07,Moderate
1967,Philippines,Southeast Asia,27.06,1703.0,0.0,0.742,30,83.03,Moderate
1968,Philippines,Southeast Asia,28.11,1932.4,0.0,0.892,39,95.0,Moderate
1969,Philippines,Southeast Asia,28.47,1953.0,0.0,1.0,19,95.0,Moderate
1970,Philippines,Southeast Asia,27.66,1612.7,0.0,0.825,22,87.62,Moderate
1971,Philippines,Southeast Asia,26.02,986.1,0.19,0.501,21,43.1,Moderate
1972,Philippines,Southeast Asia,24.88,1797.9,0.0,0.923,30,94.15,Moderate
1973,Philippines,Southeast Asia,25.11,1513.5,0.0,0.764,14,81.25,Moderate
1974,Philippines,Southeast Asia,25.71,1471.8,0.01,0.835,16,74.65,Moderate
1975,Philippines,Southeast Asia,26.19,1536.2,0.0,0.778,26,62.69,Moderate
1976,Philippines,Southeast Asia,27.08,1528.5,0.0,0.648,20,76.54,Moderate
1977,Philippines,Southeast Asia,26.07,1698.0,0.0,0.979,23,92.28,Moderate
1978,Philippines,Southeast Asia,27.71,1350.5,0.051,0.705,14,69.67,Moderate
1979,Philippines,Southeast Asia,27.05,1427.6,0.0,0.667,42,74.05,Moderate
1980,Philippines,Southeast Asia,27.35,1654.9,0.0,0.727,15,72.41,Moderate
1981,Philippines,Southeast Asia,28.73,1699.7,0.0,0.882,27,80.66,Moderate
1982,Philippines,Southeast Asia,25.96,1702.6,0.0,0.842,21,87.6,Moderate
1983,Philippines,Southeast Asia,27.9,1474.1,0.0,0.863,42,76.17,Moderate
1984,Philippines,Southeast Asia,27.4,1443.5,0.0,0.694,15,79.46,Moderate
1985,Philippines,Southeast Asia,27.03,1518.9,0.0,0.692,40,75.08,Moderate
1986,Philippines,Southeast Asia,28.51,1638.4,0.0,0.891,35,84.35,Moderate
1987,Philippines,Southeast Asia,28.52,1837.7,0.0,0.993,32,91.98,Moderate
1988,Philippines,Southeast Asia,26.35,1272.4,0.162,0.65,15,54.47,Moderate
1989,Philippines,Southeast Asia,27.29,1564.7,0.0,0.836,30,64.7,Moderate
1990,Philippines,Southeast Asia,27.86,1386.8,0.0,0.69,21,71.92,Moderate
1991,Philippines,Southeast Asia,27.21,1335.6,0.0,0.687,35,67.83,Moderate
1992,Philippines,Southeast Asia,28.26,1754.7,0.0,0.971,21,84.03,Moderate
1993,Philippines,Southeast Asia,27.91,1687.1,0.0,0.894,26,74.64,Moderate
1994,Philippines,Southeast Asia,29.79,1671.9,0.0,0.822,28,87.37,Moderate
1995,Philippines,Southeast Asia,25.78,1747.4,0.0,0.982,13,85.77,Moderate
1996,Philippines,Southeast Asia,27.48,1523.2,0.0,0.572,32,79.5,Moderate
1997,Philippines,Southeast Asia,26.56,1530.8,0.0,0.93,27,87.72,Moderate
1998,Philippines,Southeast Asia,28.39,1949.7,0.0,0.838,38,84.64,Moderate
1999,Philippines,Southeast Asia,25.74,1560.5,0.0,0.73,6,73.83,Moderate
2000,Philippines,Southeast Asia,28.12,1717.6,0.0,0.856,36,84.62,Moderate
2001,Philippines,Southeast Asia,26.96,1601.0,0.0,0.789,44,88.78,Moderate
2002,Philippines,Southeast Asia,26.86,1304.3,0.0,0.733,20,55.4,Moderate
2003,Philippines,Southeast Asia,26.02,1272.9,0.136,0.552,37,72.53,Moderate
2004,Philippines,Southeast Asia,27.22,1507.4,0.015,0.775,23,75.87,Moderate
2005,Philippines,Southeast Asia,29.09,1769.0,0.0,0.838,20,87.87,Moderate
2006,Philippines,Southeast Asia,27.78,1726.1,0.0,0.887,24,85.12,Moderate
2007,Philippines,Southeast Asia,28.58,1746.3,0.0,0.868,38,84.7,Moderate
2008,Philippines,Southeast Asia,29.84,1442.1,0.043,0.728,26,77.54,Moderate
2009,Philippines,Southeast Asia,28.18,1858.5,0.0,0.885,23,86.52,Moderate
2010,Philippines,Southeast Asia,27.21,1445.6,0.0,0.682,30,74.35,Moderate
2011,Philippines,Southeast Asia,28.46,1634.1,0.0,0.84,29,79.4,Moderate
2012,Philippines,Southeast Asia,27.26,1598.3,0.0,0.875,30,75.34,Moderate
2013,Philippines,Southeast Asia,27.33,1572.2,0.0,0.738,27,94.12,Moderate
2014,Philippines,Southeast Asia,26.13,1814.2,0.0,0.838,26,93.22,Moderate
2015,Philippines,Southeast Asia,29.08,1487.2,0.074,0.793,27,76.55,Moderate
2016,Philippines,Southeast Asia,27.53,1384.1,0.019,0.689,28,75.65,Moderate
2017,Philippines,Southeast Asia,28.23,1603.2,0.0,0.868,21,71.63,Moderate
2018,Philippines,Southeast Asia,26.78,1536.0,0.0,0.696,34,87.32,Moderate
2019,Philippines,Southeast Asia,28.57,2140.4,0.0,0.928,24,91.97,Moderate
2020,Philippines,Southeast Asia,27.15,1708.2,0.0,0.811,34,80.8,Moderate
2021,Philippines,Southeast Asia,27.91,1534.5,0.0,0.706,25,73.97,Moderate
2022,Philippines,Southeast Asia,29.15,1431.0,0.034,0.709,33,74.36,Moderate
2023,Philippines,Southeast Asia,29.06,1299.2,0.332,0.599,27,59.63,Moderate
2024,Philippines,Southeast Asia,28.11,1436.0,0.0,0.777,20,70.8,Moderate
2025,Philippines,Southeast Asia,26.03,1618.4,0.0,0.786,8,80.85,Moderate
2026,Philippines,Southeast Asia,31.76,1828.4,0.0,0.926,30,85.55,Moderate
2027,Philippines,Southeast Asia,30.28,1779.5,0.0,0.902,32,79.99,Moderate
2028,Philippines,Southeast Asia,29.07,1636.7,0.0,0.834,32,86.19,Moderate
2029,Philippines,Southeast Asia,27.32,1548.3,0.0,0.772,34,81.58,Moderate
2030,Philippines,Southeast Asia,28.11,1643.0,0.0,0.862,24,91.66,Moderate
2031,Philippines,Southeast Asia,27.61,1517.0,0.0,0.695,19,71.11,Moderate
2032,Philippines,Southeast Asia,29.79,1874.9,0.0,1.0,21,95.0,Moderate
2033,Philippines,Southeast Asia,28.61,1569.7,0.0,0.766,33,76.78,Moderate
2034,Philippines,Southeast Asia,27.37,1586.2,0.0,0.688,37,86.45,Moderate
2035,Philippines,Southeast Asia,27.77,1245.5,0.274,0.638,37,62.92,Moderate
2036,Philippines,Southeast Asia,29.7,1568.7,0.041,0.716,38,78.89,Moderate
2037,Philippines,Southeast Asia,30.29,1733.8,0.0,0.92,39,84.65,Moderate
2038,Philippines,Southeast Asia,30.22,1429.2,0.019,0.891,48,76.85,Moderate
2039,Philippines,Southeast Asia,29.31,1479.9,0.0,0.677,34,77.88,Moderate
2040,Philippines,Southeast Asia,28.12,1726.8,0.0,0.89,33,82.24,Moderate
2041,Philippines,Southeast Asia,24.55,1363.7,0.0,0.541,15,60.22,Moderate
2042,Philippines,Southeast Asia,28.81,1769.2,0.0,0.921,19,86.73,Moderate
2043,Philippines,Southeast Asia,28.47,1514.9,0.0,0.687,23,84.84,Moderate
2044,Philippines,Southeast Asia,28.66,1537.8,0.0,0.719,29,83.77,Moderate
2045,Philippines,Southeast Asia,28.58,1420.2,0.085,0.622,30,62.64,Moderate
2046,Philippines,Southeast Asia,26.94,1660.5,0.0,0.889,40,76.02,Moderate
2047,Philippines,Southeast Asia,29.22,1993.6,0.0,1.0,32,95.0,Moderate
2048,Philippines,Southeast Asia,29.32,1725.0,0.0,0.864,41,79.44,Moderate
2049,Philippines,Southeast Asia,29.4,1461.7,0.156,0.662,28,73.02,Moderate
2050,Philippines,Southeast Asia,29.74,1781.7,0.0,1.0,30,85.39,Moderate
1961,Malaysia,Southeast Asia,28.94,1527.8,0.0,0.694,36,80.57,Moderate
1962,Malaysia,Southeast Asia,26.09,1579.1,0.0,0.724,30,76.87,Moderate
1963,Malaysia,Southeast Asia,28.41,1646.9,0.0,0.806,33,75.4,Moderate
1964,Malaysia,Southeast Asia,27.28,1299.1,0.0,0.672,10,72.64,Moderate
1965,Malaysia,Southeast Asia,27.37,1348.9,0.076,0.662,24,73.23,Moderate
1966,Malaysia,Southeast Asia,24.73,1498.1,0.0,0.784,8,75.84,Moderate
1967,Malaysia,Southeast Asia,24.46,1633.1,0.0,0.958,15,74.08,Moderate
1968,Malaysia,Southeast Asia,26.86,1561.7,0.0,0.74,32,70.71,Moderate
1969,Malaysia,Southeast Asia,27.44,1836.5,0.0,0.781,28,92.47,Moderate
1970,Malaysia,Southeast Asia,25.81,1362.8,0.0,0.747,30,65.14,Moderate
1971,Malaysia,Southeast Asia,25.87,1479.8,0.0,0.875,24,71.94,Moderate
1972,Malaysia,Southeast Asia,27.87,1843.2,0.0,0.953,17,95.0,Moderate
1973,Malaysia,Southeast Asia,27.89,1621.0,0.0,0.723,7,85.45,Moderate
1974,Malaysia,Southeast Asia,27.07,1741.6,0.0,0.861,26,95.0,Moderate
1975,Malaysia,Southeast Asia,28.19,1928.2,0.0,0.875,26,90.47,Moderate
1976,Malaysia,Southeast Asia,25.86,1489.0,0.0,0.796,13,72.39,Moderate
1977,Malaysia,Southeast Asia,26.86,1584.1,0.0,0.684,10,83.76,Moderate
1978,Malaysia,Southeast Asia,29.28,1556.4,0.0,0.754,25,80.51,Moderate
1979,Malaysia,Southeast Asia,27.41,1287.3,0.164,0.563,24,70.27,Moderate
1980,Malaysia,Southeast Asia,27.49,1550.3,0.0,0.785,31,80.04,Moderate
1981,Malaysia,Southeast Asia,30.13,1741.0,0.0,0.841,35,95.0,Moderate
1982,Malaysia,Southeast Asia,25.7,1686.5,0.0,0.857,33,87.56,Moderate
1983,Malaysia,Southeast Asia,28.35,1699.1,0.0,0.851,20,91.33,Moderate
1984,Malaysia,Southeast Asia,29.41,1539.9,0.0,0.691,39,75.05,Moderate
1985,Malaysia,Southeast Asia,27.04,1495.0,0.0,0.798,25,74.84,Moderate
1986,Malaysia,Southeast Asia,28.48,1803.1,0.0,0.898,35,95.0,Moderate
1987,Malaysia,Southeast Asia,26.29,1520.4,0.0,0.681,19,85.7,Moderate
1988,Malaysia,Southeast Asia,26.66,1647.1,0.0,1.0,32,86.73,Moderate
1989,Malaysia,Southeast Asia,27.97,1626.1,0.0,0.851,30,80.81,Moderate
1990,Malaysia,Southeast Asia,28.48,1833.9,0.0,0.905,24,95.0,Moderate
1991,Malaysia,Southeast Asia,28.89,1755.4,0.0,0.991,30,74.62,Moderate
1992,Malaysia,Southeast Asia,29.44,1392.8,0.017,0.844,30,60.77,Moderate
1993,Malaysia,Southeast Asia,27.5,1410.0,0.0,0.693,30,74.59,Moderate
1994,Malaysia,Southeast Asia,29.03,1692.6,0.0,0.874,21,84.72,Moderate
1995,Malaysia,Southeast Asia,27.2,1589.7,0.0,0.716,25,83.12,Moderate
1996,Malaysia,Southeast Asia,28.71,1527.2,0.0,0.752,33,76.75,Moderate
1997,Malaysia,Southeast Asia,27.9,1762.5,0.0,0.865,27,91.55,Moderate
1998,Malaysia,Southeast Asia,28.2,1630.0,0.0,0.83,39,76.61,Moderate
1999,Malaysia,Southeast Asia,28.19,1608.4,0.0,0.831,34,83.84,Moderate
2000,Malaysia,Southeast Asia,25.78,1724.8,0.0,0.907,21,92.21,Moderate
2001,Malaysia,Southeast Asia,26.37,1540.0,0.0,0.789,24,84.32,Moderate
2002,Malaysia,Southeast Asia,27.86,1851.0,0.0,0.829,29,95.0,Moderate
2003,Malaysia,Southeast Asia,25.73,1473.9,0.0,0.662,24,75.16,Moderate
2004,Malaysia,Southeast Asia,28.77,1705.1,0.0,0.809,15,86.9,Moderate
2005,Malaysia,Southeast Asia,28.84,1829.4,0.0,0.892,28,82.33,Moderate
2006,Malaysia,Southeast Asia,28.2,1379.6,0.126,0.774,16,63.26,Moderate
2007,Malaysia,Southeast Asia,26.48,1545.1,0.0,0.679,33,76.09,Moderate
2008,Malaysia,Southeast Asia,29.5,1782.8,0.0,0.863,32,95.0,Moderate
2009,Malaysia,Southeast Asia,30.31,1785.2,0.0,0.969,33,85.59,Moderate
2010,Malaysia,Southeast Asia,28.06,1572.6,0.0,0.762,35,83.41,Moderate
2011,Malaysia,Southeast Asia,28.51,1482.5,0.051,0.778,32,73.09,Moderate
2012,Malaysia,Southeast Asia,28.16,1752.9,0.0,0.865,19,86.58,Moderate
2013,Malaysia,Southeast Asia,28.57,1789.4,0.0,0.915,29,90.96,Moderate
2014,Malaysia,Southeast Asia,27.81,1413.7,0.0,0.689,24,68.34,Moderate
2015,Malaysia,Southeast Asia,27.93,1407.4,0.028,0.757,13,67.23,Moderate
2016,Malaysia,Southeast Asia,29.08,1636.0,0.0,0.694,25,71.57,Moderate
2017,Malaysia,Southeast Asia,30.82,1700.7,0.0,0.821,34,83.55,Moderate
2018,Malaysia,Southeast Asia,26.35,1552.1,0.0,0.8,22,74.73,Moderate
2019,Malaysia,Southeast Asia,27.92,1708.7,0.0,0.897,15,82.34,Moderate
2020,Malaysia,Southeast Asia,26.65,1486.4,0.0,0.863,33,76.82,Moderate
2021,Malaysia,Southeast Asia,29.99,1261.6,0.026,0.6,33,66.52,Moderate
2022,Malaysia,Southeast Asia,27.39,1532.2,0.0,0.884,26,78.0,Moderate
2023,Malaysia,Southeast Asia,26.38,1610.1,0.0,0.752,26,86.48,Moderate
2024,Malaysia,Southeast Asia,28.9,1555.9,0.0,0.884,24,81.25,Moderate
2025,Malaysia,Southeast Asia,30.25,1414.6,0.241,0.773,38,64.14,High
2026,Malaysia,Southeast Asia,28.97,1309.5,0.147,0.582,27,59.75,Moderate
2027,Malaysia,Southeast Asia,28.43,1517.7,0.0,0.783,22,77.76,Moderate
2028,Malaysia,Southeast Asia,28.7,1743.6,0.0,0.868,34,90.62,Moderate
2029,Malaysia,Southeast Asia,29.92,1801.0,0.0,0.951,45,95.0,Moderate
2030,Malaysia,Southeast Asia,27.19,1790.0,0.0,0.877,31,95.0,Moderate
2031,Malaysia,Southeast Asia,28.13,1469.5,0.0,0.71,35,70.22,Moderate
2032,Malaysia,Southeast Asia,27.73,1415.4,0.018,0.817,23,69.79,Moderate
2033,Malaysia,Southeast Asia,26.89,1679.5,0.0,0.832,11,88.0,Moderate
2034,Malaysia,Southeast Asia,27.92,1701.6,0.0,0.917,39,91.49,Moderate
2035,Malaysia,Southeast Asia,29.66,1664.0,0.0,0.814,49,88.84,Moderate
2036,Malaysia,Southeast Asia,29.03,1277.7,0.302,0.772,43,57.45,High
2037,Malaysia,Southeast Asia,29.14,1461.3,0.056,0.676,28,64.43,Moderate
2038,Malaysia,Southeast Asia,28.56,1595.2,0.0,0.748,20,73.77,Moderate
2039,Malaysia,Southeast Asia,29.03,1678.0,0.0,0.961,22,85.53,Moderate
2040,Malaysia,Southeast Asia,27.46,1722.8,0.0,0.826,12,88.19,Moderate
2041,Malaysia,Southeast Asia,28.07,1623.1,0.0,0.94,27,74.56,Moderate
2042,Malaysia,Southeast Asia,28.69,1652.9,0.0,0.898,42,82.91,Moderate
2043,Malaysia,Southeast Asia,28.81,1613.6,0.0,0.794,29,84.47,Moderate
2044,Malaysia,Southeast Asia,28.88,1709.7,0.0,0.71,33,78.58,Moderate
2045,Malaysia,Southeast Asia,28.35,1650.1,0.0,0.823,40,89.13,Moderate
2046,Malaysia,Southeast Asia,28.08,1610.5,0.0,0.813,24,78.26,Moderate
2047,Malaysia,Southeast Asia,32.34,1557.1,0.163,0.872,57,82.13,High
2048,Malaysia,Southeast Asia,29.65,1613.0,0.0,0.934,48,77.45,Moderate
2049,Malaysia,Southeast Asia,29.08,1677.5,0.0,0.784,30,77.72,Moderate
2050,Malaysia,Southeast Asia,28.32,1642.8,0.0,0.885,24,79.39,Moderate
1961,Myanmar,Southeast Asia,26.89,1839.3,0.0,0.906,27,95.0,Moderate
1962,Myanmar,Southeast Asia,26.55,1804.5,0.0,0.936,19,89.64,Moderate
1963,Myanmar,Southeast Asia,26.78,1439.8,0.0,0.67,30,70.2,Moderate
1964,Myanmar,Southeast Asia,27.45,1765.3,0.0,0.901,21,84.11,Moderate
1965,Myanmar,Southeast Asia,26.87,1495.8,0.0,0.81,35,74.38,Moderate
1966,Myanmar,Southeast Asia,27.01,1301.3,0.0,0.592,24,56.63,Moderate
1967,Myanmar,Southeast Asia,25.06,1532.1,0.0,0.829,24,76.15,Moderate
1968,Myanmar,Southeast Asia,27.6,1663.6,0.0,0.836,32,92.16,Moderate
1969,Myanmar,Southeast Asia,27.04,1526.0,0.0,0.847,20,72.63,Moderate
1970,Myanmar,Southeast Asia,29.09,1550.9,0.0,0.759,14,76.1,Moderate
1971,Myanmar,Southeast Asia,26.05,1783.0,0.0,0.922,25,78.94,Moderate
1972,Myanmar,Southeast Asia,25.03,1617.0,0.0,0.805,19,83.1,Moderate
1973,Myanmar,Southeast Asia,27.96,1465.1,0.0,0.725,32,74.84,Moderate
1974,Myanmar,Southeast Asia,27.65,1712.3,0.0,0.877,25,86.0,Moderate
1975,Myanmar,Southeast Asia,26.04,1631.6,0.0,0.859,18,80.28,Moderate
1976,Myanmar,Southeast Asia,25.43,1196.5,0.0,0.498,36,58.07,Low
1977,Myanmar,Southeast Asia,29.13,1668.5,0.0,0.949,19,86.44,Moderate
1978,Myanmar,Southeast Asia,29.0,1662.7,0.0,0.683,36,82.96,Moderate
1979,Myanmar,Southeast Asia,24.34,1603.2,0.0,0.747,12,82.05,Moderate
1980,Myanmar,Southeast Asia,26.79,1742.7,0.0,0.864,21,88.42,Moderate
1981,Myanmar,Southeast Asia,29.36,1492.4,0.002,0.779,29,81.33,Moderate
1982,Myanmar,Southeast Asia,26.81,1653.8,0.0,0.953,17,86.75,Moderate
1983,Myanmar,Southeast Asia,26.81,1349.3,0.0,0.526,28,68.62,Moderate
1984,Myanmar,Southeast Asia,27.07,1665.1,0.0,0.792,36,92.37,Moderate
1985,Myanmar,Southeast Asia,26.09,1912.5,0.0,0.786,26,95.0,Moderate
1986,Myanmar,Southeast Asia,25.4,1440.8,0.0,0.723,21,79.87,Moderate
1987,Myanmar,Southeast Asia,28.73,1478.4,0.0,0.761,22,77.56,Moderate
1988,Myanmar,Southeast Asia,25.27,1486.4,0.0,0.87,23,63.27,Moderate
1989,Myanmar,Southeast Asia,27.8,1620.8,0.0,0.82,44,88.87,Moderate
1990,Myanmar,Southeast Asia,28.59,1429.9,0.073,0.798,26,70.85,Moderate
1991,Myanmar,Southeast Asia,25.8,1667.4,0.0,0.88,18,83.06,Moderate
1992,Myanmar,Southeast Asia,26.45,1735.5,0.0,0.833,18,88.46,Moderate
1993,Myanmar,Southeast Asia,29.03,1685.5,0.0,0.73,27,82.2,Moderate
1994,Myanmar,Southeast Asia,28.23,1317.1,0.068,0.681,6,65.85,Moderate
1995,Myanmar,Southeast Asia,26.87,1759.2,0.0,0.76,27,84.41,Moderate
1996,Myanmar,Southeast Asia,29.07,1750.0,0.0,0.979,24,95.0,Moderate
1997,Myanmar,Southeast Asia,29.1,1732.8,0.0,0.853,18,85.96,Moderate
1998,Myanmar,Southeast Asia,27.99,1659.7,0.0,0.925,33,80.69,Moderate
1999,Myanmar,Southeast Asia,26.6,1635.2,0.0,0.779,15,76.21,Moderate
2000,Myanmar,Southeast Asia,27.21,1765.2,0.0,0.904,22,89.87,Moderate
2001,Myanmar,Southeast Asia,28.06,1907.8,0.0,0.971,39,95.0,Moderate
2002,Myanmar,Southeast Asia,27.51,1447.5,0.0,0.72,15,74.71,Moderate
2003,Myanmar,Southeast Asia,28.88,1772.5,0.0,0.852,18,82.46,Moderate
2004,Myanmar,Southeast Asia,25.94,1586.2,0.0,0.824,23,69.7,Moderate
2005,Myanmar,Southeast Asia,26.0,1579.3,0.0,0.716,31,82.72,Moderate
2006,Myanmar,Southeast Asia,28.03,1354.2,0.179,0.58,15,73.04,Moderate
2007,Myanmar,Southeast Asia,27.24,1554.4,0.0,0.877,28,71.56,Moderate
2008,Myanmar,Southeast Asia,27.09,1440.4,0.0,0.778,29,81.56,Moderate
2009,Myanmar,Southeast Asia,25.74,1525.8,0.0,0.768,4,77.99,Moderate
2010,Myanmar,Southeast Asia,27.91,1424.3,0.086,0.845,34,69.44,Moderate
2011,Myanmar,Southeast Asia,27.84,1528.2,0.0,0.743,34,74.02,Moderate
2012,Myanmar,Southeast Asia,28.7,1535.0,0.0,0.873,27,68.44,Moderate
2013,Myanmar,Southeast Asia,28.02,1615.5,0.0,0.822,38,86.7,Moderate
2014,Myanmar,Southeast Asia,27.79,1341.6,0.0,0.589,36,62.43,Moderate
2015,Myanmar,Southeast Asia,29.38,1368.7,0.0,0.832,32,63.76,Moderate
2016,Myanmar,Southeast Asia,26.42,1657.9,0.0,0.908,19,88.85,Moderate
2017,Myanmar,Southeast Asia,28.65,1472.4,0.12,0.727,22,59.93,Moderate
2018,Myanmar,Southeast Asia,26.02,1771.9,0.0,0.944,21,79.45,Moderate
2019,Myanmar,Southeast Asia,27.04,1636.0,0.0,0.786,29,81.69,Moderate
2020,Myanmar,Southeast Asia,26.61,1697.1,0.0,0.915,21,86.61,Moderate
2021,Myanmar,Southeast Asia,29.02,1825.7,0.0,0.722,13,94.19,Moderate
2022,Myanmar,Southeast Asia,28.02,1550.4,0.0,0.694,38,75.71,Moderate
2023,Myanmar,Southeast Asia,28.1,1508.1,0.0,0.832,29,90.59,Moderate
2024,Myanmar,Southeast Asia,26.81,1739.5,0.0,0.85,21,85.61,Moderate
2025,Myanmar,Southeast Asia,27.79,1681.5,0.0,0.857,34,82.69,Moderate
2026,Myanmar,Southeast Asia,27.25,1570.0,0.0,0.677,37,73.72,Moderate
2027,Myanmar,Southeast Asia,28.65,1822.6,0.0,1.0,7,91.88,Moderate
2028,Myanmar,Southeast Asia,27.02,1566.0,0.0,0.878,28,81.99,Moderate
2029,Myanmar,Southeast Asia,29.82,1605.2,0.0,0.787,22,87.48,Moderate
2030,Myanmar,Southeast Asia,26.23,1603.4,0.0,0.769,26,71.23,Moderate
2031,Myanmar,Southeast Asia,27.29,1450.5,0.0,0.808,26,71.05,Moderate
2032,Myanmar,Southeast Asia,30.29,1612.4,0.0,0.965,39,83.3,Moderate
2033,Myanmar,Southeast Asia,27.77,1823.5,0.0,0.988,23,94.7,Moderate
2034,Myanmar,Southeast Asia,26.74,1671.2,0.0,1.0,9,83.6,Moderate
2035,Myanmar,Southeast Asia,28.59,1605.0,0.007,0.729,26,83.37,Moderate
2036,Myanmar,Southeast Asia,27.78,1574.1,0.0,0.722,30,73.85,Moderate
2037,Myanmar,Southeast Asia,27.36,1652.9,0.0,0.731,34,91.99,Moderate
2038,Myanmar,Southeast Asia,27.07,1720.0,0.0,0.895,15,91.95,Moderate
2039,Myanmar,Southeast Asia,31.73,1697.5,0.04,0.863,47,76.01,Moderate
2040,Myanmar,Southeast Asia,28.12,1546.9,0.0,0.761,23,70.89,Moderate
2041,Myanmar,Southeast Asia,26.13,1652.0,0.0,0.891,25,76.32,Moderate
2042,Myanmar,Southeast Asia,30.25,1676.8,0.0,0.937,30,87.91,Moderate
2043,Myanmar,Southeast Asia,29.21,1438.8,0.0,0.597,33,64.23,Moderate
2044,Myanmar,Southeast Asia,27.57,1626.9,0.0,0.766,33,79.36,Moderate
2045,Myanmar,Southeast Asia,27.39,1254.2,0.188,0.693,16,61.67,Moderate
2046,Myanmar,Southeast Asia,29.34,1677.2,0.0,0.801,26,83.46,Moderate
2047,Myanmar,Southeast Asia,28.25,1705.7,0.0,0.789,30,86.84,Moderate
2048,Myanmar,Southeast Asia,26.25,1719.6,0.0,0.941,41,79.59,Moderate
2049,Myanmar,Southeast Asia,30.73,1536.8,0.008,0.665,29,80.24,Moderate
2050,Myanmar,Southeast Asia,28.08,1649.4,0.0,0.801,44,78.79,Moderate
1961,Cambodia,Southeast Asia,26.61,1509.9,0.0,0.87,38,86.11,Moderate
1962,Cambodia,Southeast Asia,27.3,1487.7,0.0,0.759,15,79.84,Moderate
1963,Cambodia,Southeast Asia,27.16,1661.6,0.0,0.884,27,86.92,Moderate
1964,Cambodia,Southeast Asia,27.08,1779.3,0.0,0.77,37,91.1,Moderate
1965,Cambodia,Southeast Asia,26.17,1578.7,0.0,0.885,27,74.97,Moderate
1966,Cambodia,Southeast Asia,26.73,1632.9,0.0,0.921,25,80.44,Moderate
1967,Cambodia,Southeast Asia,27.11,1618.3,0.0,0.649,17,80.45,Moderate
1968,Cambodia,Southeast Asia,25.48,1600.3,0.0,0.744,9,83.31,Moderate
1969,Cambodia,Southeast Asia,26.59,1425.7,0.0,0.753,29,80.34,Moderate
1970,Cambodia,Southeast Asia,27.63,1777.4,0.0,0.94,38,95.0,Moderate
1971,Cambodia,Southeast Asia,25.65,1647.2,0.0,0.769,17,73.85,Moderate
1972,Cambodia,Southeast Asia,28.59,1663.2,0.0,0.807,20,84.5,Moderate
1973,Cambodia,Southeast Asia,28.74,1471.0,0.0,0.688,10,77.97,Moderate
1974,Cambodia,Southeast Asia,25.74,1526.5,0.0,0.772,13,80.04,Moderate
1975,Cambodia,Southeast Asia,28.88,1571.8,0.0,0.882,29,74.82,Moderate
1976,Cambodia,Southeast Asia,27.1,1354.5,0.011,0.616,38,85.0,Moderate
1977,Cambodia,Southeast Asia,27.79,1329.9,0.145,0.745,32,55.94,Moderate
1978,Cambodia,Southeast Asia,26.71,1503.9,0.0,0.689,26,68.69,Moderate
1979,Cambodia,Southeast Asia,28.43,1683.6,0.0,0.774,26,85.58,Moderate
1980,Cambodia,Southeast Asia,27.83,1495.5,0.0,0.813,22,87.48,Moderate
1981,Cambodia,Southeast Asia,26.38,1437.0,0.0,0.792,34,66.83,Moderate
1982,Cambodia,Southeast Asia,25.98,1469.7,0.0,0.803,23,71.89,Moderate
1983,Cambodia,Southeast Asia,25.64,1527.1,0.0,0.658,4,82.82,Moderate
1984,Cambodia,Southeast Asia,27.64,1543.4,0.0,0.734,21,77.06,Moderate
1985,Cambodia,Southeast Asia,28.12,1946.5,0.0,1.0,21,95.0,Moderate
1986,Cambodia,Southeast Asia,28.23,1768.7,0.0,0.888,24,91.83,Moderate
1987,Cambodia,Southeast Asia,27.33,1764.0,0.0,0.796,30,89.83,Moderate
1988,Cambodia,Southeast Asia,26.1,1787.0,0.0,0.93,21,95.0,Moderate
1989,Cambodia,Southeast Asia,26.69,1440.2,0.0,0.663,23,79.76,Moderate
1990,Cambodia,Southeast Asia,28.9,1404.4,0.086,0.846,41,70.35,Moderate
1991,Cambodia,Southeast Asia,26.96,1422.9,0.0,0.835,19,72.9,Moderate
1992,Cambodia,Southeast Asia,27.73,1813.5,0.0,0.955,42,91.96,Moderate
1993,Cambodia,Southeast Asia,26.29,1512.4,0.0,0.865,17,78.56,Moderate
1994,Cambodia,Southeast Asia,28.0,1399.8,0.0,0.705,28,70.32,Moderate
1995,Cambodia,Southeast Asia,27.06,1531.0,0.0,0.827,22,76.55,Moderate
1996,Cambodia,Southeast Asia,28.89,1561.8,0.0,0.899,31,85.27,Moderate
1997,Cambodia,Southeast Asia,28.58,1642.9,0.0,0.841,33,91.24,Moderate
1998,Cambodia,Southeast Asia,27.07,1640.2,0.0,0.8,28,72.96,Moderate
1999,Cambodia,Southeast Asia,27.53,1467.5,0.0,0.597,20,73.43,Moderate
2000,Cambodia,Southeast Asia,27.04,1709.7,0.0,0.848,16,81.35,Moderate
2001,Cambodia,Southeast Asia,26.02,1497.7,0.0,0.815,42,73.02,Moderate
2002,Cambodia,Southeast Asia,26.71,1575.0,0.0,0.863,20,81.16,Moderate
2003,Cambodia,Southeast Asia,27.99,1709.9,0.0,0.895,33,89.51,Moderate
2004,Cambodia,Southeast Asia,28.16,1497.3,0.085,0.705,15,72.49,Moderate
2005,Cambodia,Southeast Asia,27.97,1508.9,0.0,0.596,25,63.97,Moderate
2006,Cambodia,Southeast Asia,27.45,1694.7,0.0,0.808,25,78.94,Moderate
2007,Cambodia,Southeast Asia,28.95,1462.8,0.0,0.707,34,78.52,Moderate
2008,Cambodia,Southeast Asia,27.92,1538.4,0.0,0.744,5,60.48,Moderate
2009,Cambodia,Southeast Asia,28.71,1688.9,0.0,0.894,31,91.57,Moderate
2010,Cambodia,Southeast Asia,25.75,1928.7,0.0,1.0,12,95.0,Moderate
2011,Cambodia,Southeast Asia,23.19,1696.9,0.0,0.858,16,92.74,Moderate
2012,Cambodia,Southeast Asia,28.26,1675.6,0.0,0.82,20,82.59,Moderate
2013,Cambodia,Southeast Asia,26.23,1684.9,0.0,0.822,15,71.88,Moderate
2014,Cambodia,Southeast Asia,27.7,1428.3,0.0,0.724,24,74.0,Moderate
2015,Cambodia,Southeast Asia,27.61,1618.5,0.0,0.743,18,88.57,Moderate
2016,Cambodia,Southeast Asia,29.89,1595.2,0.011,0.807,29,85.09,Moderate
2017,Cambodia,Southeast Asia,28.49,1651.5,0.0,0.862,19,78.6,Moderate
2018,Cambodia,Southeast Asia,28.23,1618.6,0.0,0.826,14,81.45,Moderate
2019,Cambodia,Southeast Asia,29.05,1660.8,0.0,0.867,39,79.84,Moderate
2020,Cambodia,Southeast Asia,28.5,1550.2,0.0,0.81,19,72.59,Moderate
2021,Cambodia,Southeast Asia,27.53,1609.4,0.0,0.663,25,86.2,Moderate
2022,Cambodia,Southeast Asia,29.38,1403.5,0.004,0.753,38,62.91,Moderate
2023,Cambodia,Southeast Asia,26.78,1548.8,0.0,0.721,19,72.08,Moderate
2024,Cambodia,Southeast Asia,28.52,1822.5,0.0,0.824,22,84.5,Moderate
2025,Cambodia,Southeast Asia,26.29,1651.0,0.0,0.737,24,73.61,Moderate
2026,Cambodia,Southeast Asia,28.41,1596.7,0.0,0.833,38,80.71,Moderate
2027,Cambodia,Southeast Asia,28.42,1903.4,0.0,0.934,19,95.0,Moderate
2028,Cambodia,Southeast Asia,30.22,1382.3,0.123,0.557,33,65.55,Moderate
2029,Cambodia,Southeast Asia,26.35,1422.5,0.0,0.749,9,62.09,Moderate
2030,Cambodia,Southeast Asia,27.52,1874.0,0.0,0.822,23,95.0,Moderate
2031,Cambodia,Southeast Asia,29.25,1607.4,0.0,0.815,32,90.48,Moderate
2032,Cambodia,Southeast Asia,28.68,1561.2,0.0,0.8,23,74.18,Moderate
2033,Cambodia,Southeast Asia,28.51,1408.1,0.087,0.775,25,65.79,Moderate
2034,Cambodia,Southeast Asia,27.17,1671.6,0.0,0.978,14,86.68,Moderate
2035,Cambodia,Southeast Asia,27.62,1687.1,0.0,0.734,27,94.09,Moderate
2036,Cambodia,Southeast Asia,29.84,1424.9,0.031,0.708,41,67.5,Moderate
2037,Cambodia,Southeast Asia,28.31,1577.6,0.022,0.767,20,70.43,Moderate
2038,Cambodia,Southeast Asia,28.84,1546.3,0.0,0.808,25,81.1,Moderate
2039,Cambodia,Southeast Asia,28.27,1641.0,0.0,0.838,32,86.84,Moderate
2040,Cambodia,Southeast Asia,27.0,1420.9,0.0,0.682,34,71.08,Moderate
2041,Cambodia,Southeast Asia,29.56,1800.3,0.0,0.865,20,86.67,Moderate
2042,Cambodia,Southeast Asia,29.06,1746.5,0.0,0.784,29,93.29,Moderate
2043,Cambodia,Southeast Asia,31.24,1541.9,0.103,0.85,39,78.21,Moderate
2044,Cambodia,Southeast Asia,27.28,1565.4,0.0,0.819,25,73.66,Moderate
2045,Cambodia,Southeast Asia,29.5,1578.2,0.0,0.863,12,79.2,Moderate
2046,Cambodia,Southeast Asia,26.96,1475.5,0.0,0.713,28,65.66,Moderate
2047,Cambodia,Southeast Asia,28.74,1529.1,0.0,0.712,42,80.57,Moderate
2048,Cambodia,Southeast Asia,29.74,1556.8,0.0,0.692,34,76.26,Moderate
2049,Cambodia,Southeast Asia,26.1,1858.1,0.0,0.958,14,90.29,Moderate
2050,Cambodia,Southeast Asia,28.36,1751.5,0.0,0.793,24,87.38,Moderate
1961,Turkey,Middle East,24.05,302.6,0.561,0.275,12,10.96,Moderate
1962,Turkey,Middle East,25.09,80.0,0.754,0.0,22,5.0,Moderate
1963,Turkey,Middle East,24.75,258.6,0.646,0.095,21,5.0,Moderate
1964,Turkey,Middle East,23.87,142.3,0.645,0.136,26,5.0,Moderate
1965,Turkey,Middle East,24.99,391.1,0.609,0.066,28,5.9,Moderate
1966,Turkey,Middle East,24.57,691.6,0.35,0.249,15,18.47,Moderate
1967,Turkey,Middle East,23.6,360.0,0.585,0.268,25,6.58,Moderate
1968,Turkey,Middle East,23.98,80.0,0.658,0.0,10,5.0,Moderate
1969,Turkey,Middle East,23.97,222.2,0.612,0.0,23,7.83,Moderate
1970,Turkey,Middle East,24.77,299.6,0.606,0.299,32,5.0,Moderate
1971,Turkey,Middle East,23.74,294.0,0.613,0.035,24,5.0,Moderate
1972,Turkey,Middle East,23.73,163.1,0.607,0.096,16,5.0,Moderate
1973,Turkey,Middle East,26.58,319.2,0.774,0.165,21,5.0,Moderate
1974,Turkey,Middle East,25.36,81.2,0.905,0.0,7,5.0,Moderate
1975,Turkey,Middle East,23.34,128.8,0.596,0.043,16,5.0,Moderate
1976,Turkey,Middle East,24.96,383.3,0.535,0.228,9,5.0,Moderate
1977,Turkey,Middle East,24.43,117.5,0.695,0.087,10,5.0,Moderate
1978,Turkey,Middle East,24.78,366.1,0.788,0.255,8,5.0,High
1979,Turkey,Middle East,24.49,80.0,0.733,0.009,13,5.0,Moderate
1980,Turkey,Middle East,25.77,562.4,0.621,0.338,21,9.05,Moderate
1981,Turkey,Middle East,24.77,156.1,0.626,0.023,20,5.0,Moderate
1982,Turkey,Middle East,24.3,244.2,0.562,0.009,12,5.0,Moderate
1983,Turkey,Middle East,25.65,332.9,0.59,0.063,29,5.0,Moderate
1984,Turkey,Middle East,24.69,189.5,0.632,0.0,16,5.0,Moderate
1985,Turkey,Middle East,24.58,302.9,0.591,0.232,11,5.0,Moderate
1986,Turkey,Middle East,24.83,372.1,0.519,0.065,20,5.0,Moderate
1987,Turkey,Middle East,24.36,433.7,0.442,0.239,32,21.89,Moderate
1988,Turkey,Middle East,24.5,406.6,0.627,0.182,20,5.0,Moderate
1989,Turkey,Middle East,23.8,252.5,0.708,0.118,12,5.0,Moderate
1990,Turkey,Middle East,23.62,256.5,0.674,0.237,2,5.0,Moderate
1991,Turkey,Middle East,23.34,655.9,0.341,0.293,12,31.81,Moderate
1992,Turkey,Middle East,22.89,432.0,0.443,0.265,14,13.59,Moderate
1993,Turkey,Middle East,23.52,132.5,0.642,0.069,11,5.0,Moderate
1994,Turkey,Middle East,24.38,296.0,0.532,0.136,3,5.0,Moderate
1995,Turkey,Middle East,24.74,226.4,0.704,0.297,11,7.31,High
1996,Turkey,Middle East,24.3,258.3,0.537,0.014,28,5.0,Moderate
1997,Turkey,Middle East,21.82,83.3,0.552,0.145,20,5.0,Moderate
1998,Turkey,Middle East,26.56,214.1,0.867,0.16,16,5.0,High
1999,Turkey,Middle East,25.99,569.8,0.644,0.247,27,5.0,Moderate
2000,Turkey,Middle East,25.24,372.7,0.627,0.317,10,5.13,Moderate
2001,Turkey,Middle East,27.01,80.0,0.982,0.0,36,5.0,Moderate
2002,Turkey,Middle East,23.57,474.7,0.42,0.196,16,21.94,Moderate
2003,Turkey,Middle East,27.02,454.3,0.52,0.13,32,5.0,Moderate
2004,Turkey,Middle East,23.62,222.5,0.671,0.144,1,5.0,Moderate
2005,Turkey,Middle East,25.08,394.8,0.617,0.108,24,5.0,Moderate
2006,Turkey,Middle East,23.28,142.5,0.668,0.106,13,5.0,Moderate
2007,Turkey,Middle East,24.85,204.8,0.677,0.087,25,5.0,Moderate
2008,Turkey,Middle East,25.31,519.8,0.571,0.222,27,13.83,Moderate
2009,Turkey,Middle East,24.68,236.5,0.586,0.149,18,5.0,Moderate
2010,Turkey,Middle East,25.74,80.0,0.768,0.019,16,5.0,Moderate
2011,Turkey,Middle East,25.02,269.9,0.578,0.048,25,7.55,Moderate
2012,Turkey,Middle East,24.29,267.4,0.63,0.358,16,5.0,Moderate
2013,Turkey,Middle East,24.26,471.7,0.389,0.197,9,13.89,Moderate
2014,Turkey,Middle East,25.93,282.3,0.64,0.0,14,10.92,Moderate
2015,Turkey,Middle East,24.19,212.5,0.601,0.039,4,7.94,Moderate
2016,Turkey,Middle East,26.09,447.2,0.564,0.122,18,16.68,Moderate
2017,Turkey,Middle East,26.48,299.3,0.591,0.216,32,5.0,Moderate
2018,Turkey,Middle East,23.02,160.0,0.644,0.106,14,5.0,Moderate
2019,Turkey,Middle East,26.4,464.8,0.688,0.264,18,14.25,Moderate
2020,Turkey,Middle East,27.53,311.0,0.765,0.126,33,12.28,Moderate
2021,Turkey,Middle East,25.38,280.5,0.792,0.118,13,5.61,Moderate
2022,Turkey,Middle East,25.82,308.5,0.777,0.125,22,9.35,Moderate
2023,Turkey,Middle East,26.36,108.7,0.903,0.048,21,5.0,Moderate
2024,Turkey,Middle East,24.8,195.6,0.706,0.165,24,5.0,Moderate
2025,Turkey,Middle East,25.37,280.6,0.67,0.167,7,12.59,Moderate
2026,Turkey,Middle East,23.59,248.9,0.663,0.164,7,5.0,Moderate
2027,Turkey,Middle East,25.35,483.6,0.491,0.282,6,5.0,Moderate
2028,Turkey,Middle East,25.8,314.8,0.515,0.228,19,5.0,Moderate
2029,Turkey,Middle East,25.84,416.8,0.634,0.231,31,10.5,Moderate
2030,Turkey,Middle East,26.52,281.5,0.634,0.169,19,5.0,Moderate
2031,Turkey,Middle East,24.33,449.0,0.419,0.32,12,6.59,Moderate
2032,Turkey,Middle East,24.64,343.6,0.587,0.119,24,5.0,Moderate
2033,Turkey,Middle East,27.57,282.1,0.769,0.073,35,5.0,Moderate
2034,Turkey,Middle East,25.13,277.9,0.545,0.044,18,7.84,Moderate
2035,Turkey,Middle East,25.57,127.3,0.801,0.078,26,5.0,Moderate
2036,Turkey,Middle East,25.27,361.1,0.683,0.032,11,9.9,Moderate
2037,Turkey,Middle East,24.38,273.6,0.533,0.174,28,9.35,Moderate
2038,Turkey,Middle East,27.33,199.7,0.926,0.091,43,5.0,High
2039,Turkey,Middle East,24.77,457.0,0.387,0.319,22,5.0,Moderate
2040,Turkey,Middle East,24.07,80.0,0.916,0.0,0,5.0,Moderate
2041,Turkey,Middle East,24.9,212.4,0.66,0.09,14,5.0,Moderate
2042,Turkey,Middle East,23.06,444.4,0.447,0.312,18,10.3,Moderate
2043,Turkey,Middle East,24.69,330.5,0.447,0.276,14,7.91,Moderate
2044,Turkey,Middle East,24.33,272.3,0.617,0.082,27,5.0,Moderate
2045,Turkey,Middle East,26.25,320.2,0.702,0.175,27,7.08,Moderate
2046,Turkey,Middle East,24.72,308.7,0.609,0.178,12,5.0,Moderate
2047,Turkey,Middle East,26.61,80.0,0.828,0.07,24,5.0,Moderate
2048,Turkey,Middle East,27.24,224.1,0.726,0.091,18,5.0,Moderate
2049,Turkey,Middle East,26.52,538.6,0.632,0.372,22,14.56,High
2050,Turkey,Middle East,25.34,174.5,0.745,0.0,15,5.0,Moderate
1961,Iran,Middle East,23.32,293.3,0.369,0.091,24,14.98,Low
1962,Iran,Middle East,24.63,355.7,0.602,0.048,10,5.13,Moderate
1963,Iran,Middle East,24.38,275.2,0.59,0.048,1,5.0,Moderate
1964,Iran,Middle East,24.11,363.9,0.588,0.188,35,10.51,Moderate
1965,Iran,Middle East,25.19,226.2,0.773,0.061,37,5.0,Moderate
1966,Iran,Middle East,23.3,323.0,0.55,0.177,15,8.88,Moderate
1967,Iran,Middle East,23.42,80.0,0.847,0.0,4,5.0,Moderate
1968,Iran,Middle East,24.11,170.0,0.67,0.0,24,5.0,Moderate
1969,Iran,Middle East,23.38,171.7,0.696,0.0,13,5.0,Moderate
1970,Iran,Middle East,24.77,220.1,0.746,0.235,17,5.0,Moderate
1971,Iran,Middle East,23.32,131.8,0.664,0.137,21,5.0,Moderate
1972,Iran,Middle East,24.47,194.6,0.747,0.236,20,5.0,Moderate
1973,Iran,Middle East,24.1,80.0,0.7,0.083,6,5.0,Moderate
1974,Iran,Middle East,24.49,367.8,0.528,0.149,14,5.0,Moderate
1975,Iran,Middle East,23.7,266.8,0.489,0.239,20,5.45,Moderate
1976,Iran,Middle East,23.86,80.0,0.755,0.037,19,5.0,Moderate
1977,Iran,Middle East,24.4,146.4,0.742,0.091,19,5.0,Moderate
1978,Iran,Middle East,24.55,333.9,0.683,0.164,25,7.88,Moderate
1979,Iran,Middle East,24.32,193.1,0.741,0.0,14,5.0,Moderate
1980,Iran,Middle East,26.39,168.5,0.776,0.213,24,5.0,Moderate
1981,Iran,Middle East,23.17,268.1,0.473,0.173,0,15.17,Moderate
1982,Iran,Middle East,24.3,335.0,0.61,0.194,13,5.0,Moderate
1983,Iran,Middle East,22.51,80.0,0.757,0.035,17,5.0,Moderate
1984,Iran,Middle East,24.86,368.0,0.641,0.197,15,10.29,Moderate
1985,Iran,Middle East,23.09,152.0,0.733,0.028,9,5.0,Moderate
1986,Iran,Middle East,24.12,277.1,0.591,0.188,8,6.69,Moderate
1987,Iran,Middle East,24.02,274.3,0.568,0.033,24,13.7,Moderate
1988,Iran,Middle East,24.82,195.7,0.642,0.113,22,5.0,Moderate
1989,Iran,Middle East,23.84,116.2,0.705,0.103,22,5.0,Moderate
1990,Iran,Middle East,23.81,234.3,0.617,0.101,1,5.0,Moderate
1991,Iran,Middle East,26.26,540.1,0.544,0.3,21,28.94,Moderate
1992,Iran,Middle East,24.9,80.0,0.777,0.0,16,5.0,Moderate
1993,Iran,Middle East,23.9,550.8,0.391,0.198,13,17.87,Moderate
1994,Iran,Middle East,24.29,238.4,0.582,0.138,11,5.0,Moderate
1995,Iran,Middle East,26.59,285.7,0.801,0.197,20,5.0,Moderate
1996,Iran,Middle East,24.35,106.1,0.748,0.0,23,5.0,Moderate
1997,Iran,Middle East,23.82,156.6,0.665,0.12,0,5.0,Moderate
1998,Iran,Middle East,23.84,199.5,0.59,0.056,29,5.0,Moderate
1999,Iran,Middle East,24.03,112.7,0.614,0.041,19,5.0,Moderate
2000,Iran,Middle East,23.99,246.6,0.728,0.016,15,9.46,Moderate
2001,Iran,Middle East,23.18,214.9,0.65,0.039,20,5.0,Moderate
2002,Iran,Middle East,23.39,576.1,0.228,0.365,2,29.8,Moderate
2003,Iran,Middle East,23.76,93.4,0.782,0.049,9,5.0,Moderate
2004,Iran,Middle East,25.48,296.4,0.736,0.118,19,11.1,Moderate
2005,Iran,Middle East,24.33,319.7,0.598,0.151,27,5.0,Moderate
2006,Iran,Middle East,24.56,108.7,0.878,0.094,17,5.0,Moderate
2007,Iran,Middle East,26.35,389.9,0.656,0.23,26,5.0,Moderate
2008,Iran,Middle East,26.4,216.3,0.652,0.102,18,5.0,Moderate
2009,Iran,Middle East,24.53,80.0,0.798,0.127,21,5.0,Moderate
2010,Iran,Middle East,24.12,385.6,0.55,0.27,29,5.59,Moderate
2011,Iran,Middle East,23.86,101.3,0.673,0.084,23,5.0,Moderate
2012,Iran,Middle East,25.75,112.4,0.853,0.061,20,5.0,Moderate
2013,Iran,Middle East,24.69,390.1,0.422,0.248,23,6.72,Moderate
2014,Iran,Middle East,24.49,224.5,0.743,0.137,22,5.0,Moderate
2015,Iran,Middle East,24.0,426.8,0.425,0.298,20,6.89,Moderate
2016,Iran,Middle East,24.07,473.6,0.386,0.309,25,12.66,Moderate
2017,Iran,Middle East,25.39,176.8,0.734,0.007,29,5.0,Moderate
2018,Iran,Middle East,23.45,406.9,0.516,0.117,13,5.0,Moderate
2019,Iran,Middle East,26.24,159.1,0.811,0.023,27,5.0,Moderate
2020,Iran,Middle East,24.42,637.3,0.306,0.397,14,18.95,Moderate
2021,Iran,Middle East,24.9,169.1,0.684,0.0,11,5.0,Moderate
2022,Iran,Middle East,23.49,444.2,0.367,0.254,12,8.43,Moderate
2023,Iran,Middle East,25.1,415.0,0.541,0.237,18,5.0,Moderate
2024,Iran,Middle East,24.74,330.6,0.687,0.258,4,5.0,Moderate
2025,Iran,Middle East,25.09,172.7,0.731,0.101,26,5.0,Moderate
2026,Iran,Middle East,26.94,255.8,0.833,0.02,2,5.0,Moderate
2027,Iran,Middle East,25.4,80.0,0.929,0.0,41,5.0,Moderate
2028,Iran,Middle East,24.25,315.9,0.54,0.063,28,7.43,Moderate
2029,Iran,Middle East,24.37,335.9,0.564,0.125,15,5.11,Moderate
2030,Iran,Middle East,25.96,301.4,0.856,0.136,21,5.0,Moderate
2031,Iran,Middle East,26.82,80.0,0.999,0.0,26,5.0,Moderate
2032,Iran,Middle East,25.62,80.0,0.69,0.158,16,5.0,Moderate
2033,Iran,Middle East,26.12,160.3,0.823,0.0,23,5.0,Moderate
2034,Iran,Middle East,26.05,326.7,0.669,0.271,20,12.58,Moderate
2035,Iran,Middle East,27.03,326.3,0.785,0.258,24,5.0,High
2036,Iran,Middle East,23.01,252.8,0.51,0.198,14,7.91,Moderate
2037,Iran,Middle East,26.17,381.6,0.569,0.135,11,8.51,Moderate
2038,Iran,Middle East,26.57,115.8,0.792,0.085,24,5.0,Moderate
2039,Iran,Middle East,23.8,377.6,0.474,0.087,16,5.0,Moderate
2040,Iran,Middle East,24.36,356.0,0.629,0.251,18,5.0,Moderate
2041,Iran,Middle East,24.42,340.4,0.483,0.164,15,9.45,Moderate
2042,Iran,Middle East,24.58,250.9,0.6,0.093,26,5.0,Moderate
2043,Iran,Middle East,24.9,572.9,0.293,0.189,15,25.84,Low
2044,Iran,Middle East,25.79,358.9,0.713,0.0,23,10.28,Moderate
2045,Iran,Middle East,26.55,125.1,0.94,0.0,34,5.0,Moderate
2046,Iran,Middle East,26.83,319.7,0.687,0.249,23,5.0,Moderate
2047,Iran,Middle East,24.54,400.4,0.517,0.168,19,11.05,Moderate
2048,Iran,Middle East,24.55,185.9,0.731,0.079,16,5.0,Moderate
2049,Iran,Middle East,27.16,454.3,0.752,0.28,35,27.95,High
2050,Iran,Middle East,26.38,341.1,0.708,0.315,21,5.99,High
1961,Iraq,Middle East,23.91,237.0,0.731,0.172,20,5.0,Moderate
1962,Iraq,Middle East,23.4,335.6,0.298,0.376,19,19.86,Moderate
1963,Iraq,Middle East,23.46,80.0,0.618,0.078,1,5.0,Moderate
1964,Iraq,Middle East,24.09,270.9,0.538,0.062,28,5.0,Moderate
1965,Iraq,Middle East,24.21,80.0,0.688,0.011,20,5.0,Moderate
1966,Iraq,Middle East,23.54,86.7,0.742,0.046,20,5.0,Moderate
1967,Iraq,Middle East,23.78,250.1,0.634,0.097,9,5.0,Moderate
1968,Iraq,Middle East,25.74,484.2,0.573,0.314,26,8.2,Moderate
1969,Iraq,Middle East,25.81,339.4,0.696,0.187,30,13.43,Moderate
1970,Iraq,Middle East,24.46,282.9,0.545,0.214,16,5.0,Moderate
1971,Iraq,Middle East,22.57,276.9,0.433,0.113,27,5.17,Moderate
1972,Iraq,Middle East,24.84,165.8,0.755,0.189,18,5.0,Moderate
1973,Iraq,Middle East,26.08,193.0,0.716,0.083,31,5.0,Moderate
1974,Iraq,Middle East,25.88,348.4,0.519,0.096,23,5.0,Moderate
1975,Iraq,Middle East,25.13,80.0,0.877,0.214,24,5.0,High
1976,Iraq,Middle East,25.98,374.9,0.743,0.041,8,5.0,Moderate
1977,Iraq,Middle East,24.35,217.8,0.787,0.05,20,5.0,Moderate
1978,Iraq,Middle East,25.06,412.1,0.574,0.156,13,10.42,Moderate
1979,Iraq,Middle East,23.51,433.8,0.516,0.418,7,17.82,Moderate
1980,Iraq,Middle East,24.69,80.0,0.887,0.185,32,5.0,High
1981,Iraq,Middle East,25.96,186.9,0.713,0.213,20,5.0,Moderate
1982,Iraq,Middle East,23.67,143.1,0.77,0.045,6,5.0,Moderate
1983,Iraq,Middle East,23.36,80.0,0.733,0.234,11,5.0,Moderate
1984,Iraq,Middle East,24.53,114.8,0.818,0.087,7,5.0,Moderate
1985,Iraq,Middle East,24.16,670.6,0.344,0.413,27,30.53,Moderate
1986,Iraq,Middle East,25.23,377.5,0.695,0.203,14,9.19,Moderate
1987,Iraq,Middle East,23.92,586.8,0.395,0.289,20,26.78,Moderate
1988,Iraq,Middle East,26.55,412.7,0.514,0.186,34,12.88,Moderate
1989,Iraq,Middle East,22.96,161.3,0.749,0.064,8,5.0,Moderate
1990,Iraq,Middle East,26.03,218.9,0.669,0.158,26,5.0,Moderate
1991,Iraq,Middle East,23.62,374.1,0.614,0.216,6,5.0,Moderate
1992,Iraq,Middle East,22.4,350.0,0.463,0.172,30,5.0,Moderate
1993,Iraq,Middle East,24.86,187.6,0.803,0.215,26,5.0,High
1994,Iraq,Middle East,24.29,80.0,0.848,0.0,15,5.0,Moderate
1995,Iraq,Middle East,23.28,806.0,0.223,0.444,7,29.14,Moderate
1996,Iraq,Middle East,22.61,257.4,0.587,0.186,10,6.05,Moderate
1997,Iraq,Middle East,24.64,227.9,0.703,0.206,15,7.42,Moderate
1998,Iraq,Middle East,25.84,298.1,0.518,0.144,37,5.0,Moderate
1999,Iraq,Middle East,25.39,241.2,0.707,0.137,10,5.0,Moderate
2000,Iraq,Middle East,24.77,299.6,0.535,0.229,19,5.02,Moderate
2001,Iraq,Middle East,25.29,485.9,0.531,0.362,19,10.37,Moderate
2002,Iraq,Middle East,24.71,260.1,0.558,0.106,17,5.0,Moderate
2003,Iraq,Middle East,23.04,94.0,0.59,0.068,12,5.0,Moderate
2004,Iraq,Middle East,23.07,254.1,0.7,0.261,12,5.0,Moderate
2005,Iraq,Middle East,24.55,205.7,0.766,0.0,24,5.0,Moderate
2006,Iraq,Middle East,24.62,507.8,0.468,0.199,22,16.15,Moderate
2007,Iraq,Middle East,25.85,467.4,0.573,0.351,24,11.77,Moderate
2008,Iraq,Middle East,25.75,297.2,0.656,0.236,0,5.0,Moderate
2009,Iraq,Middle East,25.59,80.0,0.868,0.082,23,5.0,Moderate
2010,Iraq,Middle East,24.55,83.9,0.713,0.006,4,5.0,Moderate
2011,Iraq,Middle East,23.24,282.4,0.64,0.071,18,5.0,Moderate
2012,Iraq,Middle East,25.41,333.8,0.612,0.12,32,5.0,Moderate
2013,Iraq,Middle East,25.57,220.1,0.688,0.234,13,5.0,Moderate
2014,Iraq,Middle East,22.09,203.2,0.561,0.051,8,5.0,Moderate
2015,Iraq,Middle East,23.97,185.2,0.619,0.101,11,5.0,Moderate
2016,Iraq,Middle East,24.16,276.3,0.637,0.078,26,5.0,Moderate
2017,Iraq,Middle East,25.15,80.0,0.757,0.107,20,5.0,Moderate
2018,Iraq,Middle East,24.06,103.8,0.766,0.009,30,5.0,Moderate
2019,Iraq,Middle East,25.0,179.7,0.819,0.082,22,5.0,Moderate
2020,Iraq,Middle East,24.81,473.2,0.445,0.102,20,13.48,Moderate
2021,Iraq,Middle East,24.89,149.8,0.727,0.0,19,5.0,Moderate
2022,Iraq,Middle East,24.24,308.9,0.628,0.155,23,5.0,Moderate
2023,Iraq,Middle East,24.35,316.2,0.557,0.052,3,12.07,Moderate
2024,Iraq,Middle East,23.84,487.7,0.481,0.412,16,17.39,Moderate
2025,Iraq,Middle East,25.61,482.0,0.581,0.076,20,9.11,Moderate
2026,Iraq,Middle East,25.86,270.8,0.786,0.071,27,5.0,Moderate
2027,Iraq,Middle East,24.26,203.9,0.619,0.103,15,5.0,Moderate
2028,Iraq,Middle East,27.03,173.8,0.752,0.058,16,5.0,Moderate
2029,Iraq,Middle East,24.85,241.4,0.645,0.032,18,5.0,Moderate
2030,Iraq,Middle East,27.08,210.6,0.726,0.029,16,5.0,Moderate
2031,Iraq,Middle East,24.49,368.6,0.606,0.105,2,8.83,Moderate
2032,Iraq,Middle East,22.85,347.2,0.401,0.151,18,5.0,Moderate
2033,Iraq,Middle East,25.78,374.7,0.808,0.343,25,6.32,High
2034,Iraq,Middle East,25.61,481.5,0.64,0.247,24,21.09,Moderate
2035,Iraq,Middle East,25.37,578.1,0.457,0.384,30,18.73,Moderate
2036,Iraq,Middle East,24.58,299.9,0.684,0.191,12,5.0,Moderate
2037,Iraq,Middle East,25.33,455.9,0.41,0.317,8,14.2,Moderate
2038,Iraq,Middle East,24.77,223.7,0.881,0.0,17,5.0,Moderate
2039,Iraq,Middle East,25.04,469.6,0.469,0.21,16,16.11,Moderate
2040,Iraq,Middle East,26.43,449.8,0.591,0.329,16,13.39,Moderate
2041,Iraq,Middle East,25.66,441.3,0.419,0.175,20,23.73,Moderate
2042,Iraq,Middle East,26.19,295.1,0.738,0.289,17,5.0,High
2043,Iraq,Middle East,25.2,173.1,0.648,0.205,4,5.0,Moderate
2044,Iraq,Middle East,25.08,80.0,0.805,0.002,15,5.0,Moderate
2045,Iraq,Middle East,24.13,273.6,0.567,0.097,7,5.0,Moderate
2046,Iraq,Middle East,25.09,525.3,0.393,0.182,21,9.26,Moderate
2047,Iraq,Middle East,21.56,230.4,0.449,0.065,3,5.0,Moderate
2048,Iraq,Middle East,24.86,405.6,0.571,0.104,27,7.02,Moderate
2049,Iraq,Middle East,25.49,415.0,0.475,0.242,33,13.04,Moderate
2050,Iraq,Middle East,26.28,234.6,0.686,0.001,28,5.0,Moderate
1961,Saudi Arabia,Middle East,24.1,322.0,0.529,0.0,7,5.0,Moderate
1962,Saudi Arabia,Middle East,23.62,80.0,0.618,0.019,15,5.0,Moderate
1963,Saudi Arabia,Middle East,23.64,125.4,0.644,0.157,20,5.0,Moderate
1964,Saudi Arabia,Middle East,24.15,150.1,0.718,0.0,23,5.0,Moderate
1965,Saudi Arabia,Middle East,24.12,173.9,0.736,0.143,28,5.0,Moderate
1966,Saudi Arabia,Middle East,25.0,80.0,0.806,0.0,42,5.0,Moderate
1967,Saudi Arabia,Middle East,23.96,312.6,0.603,0.165,17,5.0,Moderate
1968,Saudi Arabia,Middle East,23.71,80.0,0.701,0.097,9,5.0,Moderate
1969,Saudi Arabia,Middle East,23.93,337.1,0.595,0.116,19,7.88,Moderate
1970,Saudi Arabia,Middle East,23.3,637.9,0.428,0.333,11,26.16,Moderate
1971,Saudi Arabia,Middle East,23.75,80.0,0.787,0.007,22,5.0,Moderate
1972,Saudi Arabia,Middle East,26.64,234.5,0.829,0.174,13,5.0,High
1973,Saudi Arabia,Middle East,23.12,80.0,0.722,0.059,32,5.0,Moderate
1974,Saudi Arabia,Middle East,23.9,231.9,0.509,0.12,22,6.02,Moderate
1975,Saudi Arabia,Middle East,23.79,382.8,0.432,0.316,1,5.0,Moderate
1976,Saudi Arabia,Middle East,23.97,395.3,0.553,0.251,10,13.81,Moderate
1977,Saudi Arabia,Middle East,23.89,292.4,0.585,0.091,22,5.0,Moderate
1978,Saudi Arabia,Middle East,24.64,422.3,0.566,0.204,27,9.53,Moderate
1979,Saudi Arabia,Middle East,22.27,687.4,0.357,0.338,0,23.29,Moderate
1980,Saudi Arabia,Middle East,25.59,554.0,0.542,0.283,26,8.73,Moderate
1981,Saudi Arabia,Middle East,25.12,196.4,0.816,0.3,3,5.0,High
1982,Saudi Arabia,Middle East,22.89,80.0,0.695,0.07,11,5.0,Moderate
1983,Saudi Arabia,Middle East,21.67,215.0,0.465,0.0,17,5.0,Low
1984,Saudi Arabia,Middle East,23.24,128.5,0.666,0.021,9,5.0,Moderate
1985,Saudi Arabia,Middle East,24.14,352.2,0.491,0.022,4,13.34,Moderate
1986,Saudi Arabia,Middle East,27.55,91.0,1.0,0.019,27,5.0,High
1987,Saudi Arabia,Middle East,25.12,268.3,0.728,0.0,14,5.0,Moderate
1988,Saudi Arabia,Middle East,22.32,414.1,0.462,0.137,15,11.75,Moderate
1989,Saudi Arabia,Middle East,23.68,263.9,0.694,0.01,7,5.0,Moderate
1990,Saudi Arabia,Middle East,24.46,128.6,0.569,0.095,11,5.0,Moderate
1991,Saudi Arabia,Middle East,24.84,468.0,0.555,0.234,2,21.54,Moderate
1992,Saudi Arabia,Middle East,22.98,80.0,0.587,0.064,14,5.0,Moderate
1993,Saudi Arabia,Middle East,24.41,227.6,0.658,0.105,15,5.0,Moderate
1994,Saudi Arabia,Middle East,23.73,273.3,0.566,0.025,5,5.0,Moderate
1995,Saudi Arabia,Middle East,23.29,282.5,0.615,0.182,15,6.32,Moderate
1996,Saudi Arabia,Middle East,24.94,308.9,0.645,0.308,27,5.0,Moderate
1997,Saudi Arabia,Middle East,25.58,377.7,0.717,0.222,19,5.0,Moderate
1998,Saudi Arabia,Middle East,25.68,274.3,0.64,0.103,23,5.0,Moderate
1999,Saudi Arabia,Middle East,25.37,221.1,0.767,0.0,22,5.0,Moderate
2000,Saudi Arabia,Middle East,24.11,214.8,0.665,0.035,6,5.0,Moderate
2001,Saudi Arabia,Middle East,25.58,182.2,0.618,0.127,37,5.0,Moderate
2002,Saudi Arabia,Middle East,25.11,406.0,0.492,0.289,15,9.29,Moderate
2003,Saudi Arabia,Middle East,24.92,176.6,0.708,0.109,23,5.0,Moderate
2004,Saudi Arabia,Middle East,24.04,415.5,0.594,0.272,22,5.0,Moderate
2005,Saudi Arabia,Middle East,24.2,283.0,0.645,0.198,15,5.0,Moderate
2006,Saudi Arabia,Middle East,24.9,196.6,0.611,0.139,23,5.0,Moderate
2007,Saudi Arabia,Middle East,27.76,378.9,0.706,0.137,29,5.87,Moderate
2008,Saudi Arabia,Middle East,25.21,163.6,0.905,0.096,8,5.0,High
2009,Saudi Arabia,Middle East,24.13,382.1,0.542,0.123,13,10.99,Moderate
2010,Saudi Arabia,Middle East,23.88,314.0,0.544,0.158,10,9.46,Moderate
2011,Saudi Arabia,Middle East,24.31,184.6,0.723,0.119,13,5.0,Moderate
2012,Saudi Arabia,Middle East,27.53,364.6,0.777,0.317,16,16.93,High
2013,Saudi Arabia,Middle East,24.46,367.5,0.524,0.079,26,5.0,Moderate
2014,Saudi Arabia,Middle East,26.04,465.2,0.61,0.271,34,8.89,Moderate
2015,Saudi Arabia,Middle East,24.52,434.6,0.489,0.336,25,9.57,Moderate
2016,Saudi Arabia,Middle East,25.3,358.6,0.667,0.24,30,5.0,Moderate
2017,Saudi Arabia,Middle East,25.96,99.6,0.84,0.116,19,5.0,Moderate
2018,Saudi Arabia,Middle East,24.34,671.8,0.376,0.383,11,17.63,Moderate
2019,Saudi Arabia,Middle East,24.27,80.0,0.696,0.144,10,5.0,Moderate
2020,Saudi Arabia,Middle East,27.05,431.9,0.578,0.129,30,9.44,Moderate
2021,Saudi Arabia,Middle East,26.26,349.0,0.739,0.064,24,10.03,Moderate
2022,Saudi Arabia,Middle East,26.05,92.1,0.83,0.046,21,5.0,Moderate
2023,Saudi Arabia,Middle East,26.06,260.1,0.74,0.0,32,6.22,Moderate
2024,Saudi Arabia,Middle East,25.69,267.4,0.669,0.232,24,5.0,Moderate
2025,Saudi Arabia,Middle East,27.57,488.9,0.701,0.342,20,6.24,High
2026,Saudi Arabia,Middle East,25.22,165.9,0.694,0.048,14,5.0,Moderate
2027,Saudi Arabia,Middle East,25.88,238.1,0.713,0.089,27,8.35,Moderate
2028,Saudi Arabia,Middle East,23.46,80.0,0.779,0.034,22,5.0,Moderate
2029,Saudi Arabia,Middle East,24.23,557.6,0.507,0.283,21,9.77,Moderate
2030,Saudi Arabia,Middle East,23.8,108.7,0.67,0.065,30,5.0,Moderate
2031,Saudi Arabia,Middle East,26.79,332.3,0.859,0.211,37,5.0,High
2032,Saudi Arabia,Middle East,22.21,263.8,0.547,0.118,14,6.38,Moderate
2033,Saudi Arabia,Middle East,24.81,264.3,0.568,0.208,11,5.0,Moderate
2034,Saudi Arabia,Middle East,21.72,409.6,0.423,0.24,0,16.12,Moderate
2035,Saudi Arabia,Middle East,24.33,547.4,0.395,0.225,13,5.83,Moderate
2036,Saudi Arabia,Middle East,24.76,320.2,0.644,0.267,24,5.0,Moderate
2037,Saudi Arabia,Middle East,27.03,384.8,0.673,0.084,39,10.94,Moderate
2038,Saudi Arabia,Middle East,25.86,332.6,0.661,0.159,24,5.0,Moderate
2039,Saudi Arabia,Middle East,24.4,442.8,0.431,0.299,26,8.5,Moderate
2040,Saudi Arabia,Middle East,26.7,205.9,0.867,0.045,22,5.0,Moderate
2041,Saudi Arabia,Middle East,25.46,452.1,0.458,0.251,25,22.99,Moderate
2042,Saudi Arabia,Middle East,25.5,457.7,0.46,0.272,27,9.37,Moderate
2043,Saudi Arabia,Middle East,24.03,453.2,0.507,0.158,0,13.96,Moderate
2044,Saudi Arabia,Middle East,24.31,174.4,0.819,0.081,13,5.0,Moderate
2045,Saudi Arabia,Middle East,24.52,253.1,0.617,0.114,25,9.38,Moderate
2046,Saudi Arabia,Middle East,25.59,318.3,0.708,0.115,22,5.0,Moderate
2047,Saudi Arabia,Middle East,25.64,80.0,0.911,0.224,11,5.0,High
2048,Saudi Arabia,Middle East,27.42,535.2,0.654,0.207,6,14.72,Moderate
2049,Saudi Arabia,Middle East,26.05,278.0,0.679,0.219,19,8.03,Moderate
2050,Saudi Arabia,Middle East,22.35,325.4,0.398,0.131,10,7.29,Moderate
1961,Syria,Middle East,22.85,155.1,0.732,0.045,21,5.0,Moderate
1962,Syria,Middle East,22.17,298.8,0.485,0.16,0,5.92,Moderate
1963,Syria,Middle East,22.57,223.3,0.54,0.083,14,5.0,Moderate
1964,Syria,Middle East,25.09,414.1,0.531,0.21,13,10.52,Moderate
1965,Syria,Middle East,23.69,254.8,0.671,0.073,12,5.0,Moderate
1966,Syria,Middle East,23.36,270.6,0.604,0.224,21,5.0,Moderate
1967,Syria,Middle East,23.25,357.7,0.53,0.293,15,5.0,Moderate
1968,Syria,Middle East,24.23,617.1,0.434,0.298,0,27.08,Moderate
1969,Syria,Middle East,23.86,422.2,0.327,0.1,7,19.53,Low
1970,Syria,Middle East,23.83,265.8,0.627,0.091,23,5.82,Moderate
1971,Syria,Middle East,25.8,280.5,0.707,0.126,24,5.0,Moderate
1972,Syria,Middle East,26.04,196.0,0.896,0.138,36,5.0,High
1973,Syria,Middle East,22.28,128.0,0.5,0.0,24,5.0,Low
1974,Syria,Middle East,24.63,191.6,0.819,0.034,15,5.0,Moderate
1975,Syria,Middle East,23.32,156.5,0.66,0.119,33,5.0,Moderate
1976,Syria,Middle East,23.97,384.5,0.563,0.267,16,6.63,Moderate
1977,Syria,Middle East,24.66,108.6,0.889,0.005,10,5.0,Moderate
1978,Syria,Middle East,24.05,493.3,0.495,0.14,11,14.83,Moderate
1979,Syria,Middle East,24.6,400.3,0.576,0.463,0,9.22,High
1980,Syria,Middle East,25.15,283.3,0.675,0.204,32,5.0,Moderate
1981,Syria,Middle East,24.71,280.1,0.597,0.119,30,7.96,Moderate
1982,Syria,Middle East,23.6,190.8,0.641,0.165,6,5.0,Moderate
1983,Syria,Middle East,23.64,323.2,0.494,0.152,13,5.0,Moderate
1984,Syria,Middle East,22.69,454.1,0.406,0.296,12,9.95,Moderate
1985,Syria,Middle East,23.41,167.5,0.464,0.096,6,5.0,Moderate
1986,Syria,Middle East,26.8,80.0,0.917,0.047,10,5.0,Moderate
1987,Syria,Middle East,23.52,392.5,0.486,0.187,12,9.66,Moderate
1988,Syria,Middle East,23.05,331.9,0.489,0.05,10,5.7,Moderate
1989,Syria,Middle East,24.89,100.8,0.79,0.205,15,5.0,Moderate
1990,Syria,Middle East,24.39,162.7,0.589,0.006,18,5.0,Moderate
1991,Syria,Middle East,24.31,142.5,0.868,0.0,28,5.0,Moderate
1992,Syria,Middle East,26.25,164.1,0.787,0.065,20,5.0,Moderate
1993,Syria,Middle East,25.23,228.2,0.687,0.037,21,6.55,Moderate
1994,Syria,Middle East,23.96,237.4,0.551,0.115,21,5.0,Moderate
1995,Syria,Middle East,24.1,175.9,0.681,0.143,20,5.0,Moderate
1996,Syria,Middle East,24.03,158.7,0.799,0.159,11,5.0,Moderate
1997,Syria,Middle East,25.7,243.4,0.794,0.187,21,5.0,Moderate
1998,Syria,Middle East,24.3,306.8,0.664,0.129,21,5.0,Moderate
1999,Syria,Middle East,22.53,229.4,0.606,0.119,2,5.0,Moderate
2000,Syria,Middle East,24.64,465.4,0.471,0.265,28,14.1,Moderate
2001,Syria,Middle East,22.88,361.3,0.37,0.04,24,11.66,Low
2002,Syria,Middle East,27.36,80.0,0.895,0.086,20,5.0,Moderate
2003,Syria,Middle East,23.6,363.8,0.501,0.065,16,18.62,Moderate
2004,Syria,Middle East,24.58,376.9,0.644,0.352,22,23.03,Moderate
2005,Syria,Middle East,25.1,210.4,0.73,0.073,14,5.0,Moderate
2006,Syria,Middle East,24.46,80.0,0.895,0.025,21,5.0,Moderate
2007,Syria,Middle East,24.48,281.3,0.719,0.079,18,5.0,Moderate
2008,Syria,Middle East,25.35,278.8,0.632,0.089,8,5.0,Moderate
2009,Syria,Middle East,26.7,100.5,0.719,0.232,27,5.0,Moderate
2010,Syria,Middle East,25.8,80.0,0.944,0.115,12,5.0,High
2011,Syria,Middle East,26.67,266.0,0.852,0.009,31,5.0,Moderate
2012,Syria,Middle East,23.66,242.7,0.5,0.242,9,5.0,Moderate
2013,Syria,Middle East,25.32,213.2,0.834,0.202,18,5.0,High
2014,Syria,Middle East,25.14,266.7,0.697,0.111,30,5.0,Moderate
2015,Syria,Middle East,25.39,103.6,0.809,0.076,24,5.0,Moderate
2016,Syria,Middle East,26.64,210.4,0.911,0.104,15,5.0,High
2017,Syria,Middle East,24.74,365.3,0.684,0.34,10,12.67,High
2018,Syria,Middle East,24.54,224.0,0.719,0.048,12,5.0,Moderate
2019,Syria,Middle East,25.68,80.0,0.865,0.052,24,5.0,Moderate
2020,Syria,Middle East,22.93,204.4,0.65,0.068,15,5.0,Moderate
2021,Syria,Middle East,24.8,108.8,0.73,0.0,11,5.0,Moderate
2022,Syria,Middle East,24.94,322.7,0.612,0.337,9,5.0,Moderate
2023,Syria,Middle East,24.01,331.0,0.492,0.071,18,12.37,Moderate
2024,Syria,Middle East,26.4,80.0,0.836,0.058,21,5.0,Moderate
2025,Syria,Middle East,23.88,401.4,0.478,0.061,32,17.32,Moderate
2026,Syria,Middle East,25.01,102.1,0.727,0.019,19,5.0,Moderate
2027,Syria,Middle East,25.54,529.5,0.51,0.298,35,22.07,Moderate
2028,Syria,Middle East,26.83,272.2,0.721,0.07,15,5.0,Moderate
2029,Syria,Middle East,25.21,80.6,0.843,0.087,7,5.0,Moderate
2030,Syria,Middle East,26.37,97.3,0.719,0.027,14,5.0,Moderate
2031,Syria,Middle East,26.1,335.7,0.656,0.261,31,5.0,Moderate
2032,Syria,Middle East,25.43,217.4,0.727,0.218,34,5.0,Moderate
2033,Syria,Middle East,23.99,264.5,0.586,0.085,9,5.0,Moderate
2034,Syria,Middle East,23.59,538.0,0.382,0.275,11,26.92,Moderate
2035,Syria,Middle East,25.46,168.1,0.626,0.099,11,5.0,Moderate
2036,Syria,Middle East,24.7,289.6,0.657,0.194,3,6.34,Moderate
2037,Syria,Middle East,26.47,507.2,0.613,0.255,29,18.02,Moderate
2038,Syria,Middle East,26.28,323.3,0.723,0.177,24,5.0,Moderate
2039,Syria,Middle East,25.18,80.0,0.885,0.021,19,5.0,Moderate
2040,Syria,Middle East,24.03,360.9,0.56,0.19,4,8.23,Moderate
2041,Syria,Middle East,26.05,93.9,0.874,0.151,35,5.0,High
2042,Syria,Middle East,24.24,505.1,0.464,0.304,12,6.82,Moderate
2043,Syria,Middle East,24.57,148.3,0.777,0.13,21,5.0,Moderate
2044,Syria,Middle East,24.32,755.1,0.15,0.435,5,27.4,Moderate
2045,Syria,Middle East,25.35,514.8,0.428,0.245,18,23.33,Moderate
2046,Syria,Middle East,26.93,152.5,0.965,0.102,27,5.0,High
2047,Syria,Middle East,25.54,283.2,0.478,0.055,23,5.0,Moderate
2048,Syria,Middle East,25.03,400.6,0.554,0.302,20,13.67,Moderate
2049,Syria,Middle East,23.75,405.4,0.592,0.0,19,14.6,Moderate
2050,Syria,Middle East,26.26,350.8,0.655,0.168,13,5.0,Moderate
1961,Jordan,Middle East,25.31,325.1,0.636,0.034,13,5.0,Moderate
1962,Jordan,Middle East,25.27,532.8,0.57,0.28,13,17.74,Moderate
1963,Jordan,Middle East,22.91,318.2,0.509,0.19,23,9.13,Moderate
1964,Jordan,Middle East,25.97,626.7,0.452,0.436,22,28.26,Moderate
1965,Jordan,Middle East,22.32,136.3,0.571,0.173,15,5.0,Moderate
1966,Jordan,Middle East,23.34,276.9,0.604,0.208,26,7.63,Moderate
1967,Jordan,Middle East,24.68,220.3,0.705,0.0,0,5.0,Moderate
1968,Jordan,Middle East,23.1,106.4,0.751,0.127,23,5.0,Moderate
1969,Jordan,Middle East,24.46,255.5,0.594,0.184,17,5.0,Moderate
1970,Jordan,Middle East,24.45,346.8,0.538,0.194,20,8.55,Moderate
1971,Jordan,Middle East,23.96,363.9,0.601,0.044,9,5.0,Moderate
1972,Jordan,Middle East,25.2,627.3,0.432,0.251,13,24.28,Moderate
1973,Jordan,Middle East,23.94,354.3,0.472,0.084,19,5.0,Moderate
1974,Jordan,Middle East,24.51,464.0,0.599,0.071,36,9.57,Moderate
1975,Jordan,Middle East,25.63,290.6,0.538,0.145,28,9.92,Moderate
1976,Jordan,Middle East,25.22,548.5,0.532,0.21,29,22.24,Moderate
1977,Jordan,Middle East,25.23,663.8,0.286,0.542,18,21.48,Moderate
1978,Jordan,Middle East,22.93,365.0,0.637,0.169,7,5.0,Moderate
1979,Jordan,Middle East,24.95,121.2,0.638,0.164,12,5.0,Moderate
1980,Jordan,Middle East,23.29,192.2,0.719,0.0,9,5.0,Moderate
1981,Jordan,Middle East,22.82,325.1,0.502,0.12,0,5.0,Moderate
1982,Jordan,Middle East,24.29,353.0,0.533,0.184,11,13.23,Moderate
1983,Jordan,Middle East,23.31,391.7,0.501,0.123,9,11.66,Moderate
1984,Jordan,Middle East,25.36,353.6,0.666,0.143,18,6.8,Moderate
1985,Jordan,Middle East,25.41,281.1,0.597,0.123,21,5.0,Moderate
1986,Jordan,Middle East,22.17,178.2,0.516,0.07,13,5.6,Moderate
1987,Jordan,Middle East,23.47,344.2,0.58,0.321,14,5.0,Moderate
1988,Jordan,Middle East,22.73,576.8,0.188,0.319,7,30.08,Moderate
1989,Jordan,Middle East,23.95,443.2,0.434,0.26,0,19.08,Moderate
1990,Jordan,Middle East,25.07,365.6,0.836,0.226,14,5.0,High
1991,Jordan,Middle East,24.25,444.7,0.417,0.271,8,21.53,Moderate
1992,Jordan,Middle East,23.85,220.6,0.727,0.104,19,5.0,Moderate
1993,Jordan,Middle East,26.14,198.7,0.718,0.074,29,5.0,Moderate
1994,Jordan,Middle East,21.83,160.4,0.618,0.094,16,5.0,Moderate
1995,Jordan,Middle East,26.1,260.0,0.771,0.223,28,16.69,Moderate
1996,Jordan,Middle East,23.98,212.5,0.737,0.196,14,5.0,Moderate
1997,Jordan,Middle East,24.55,473.3,0.474,0.217,13,18.4,Moderate
1998,Jordan,Middle East,24.03,203.9,0.815,0.163,10,5.0,Moderate
1999,Jordan,Middle East,26.54,151.6,0.771,0.06,11,5.0,Moderate
2000,Jordan,Middle East,23.22,590.8,0.358,0.298,21,17.5,Moderate
2001,Jordan,Middle East,24.73,207.8,0.708,0.066,16,5.0,Moderate
2002,Jordan,Middle East,25.37,304.6,0.561,0.138,10,5.0,Moderate
2003,Jordan,Middle East,22.82,352.2,0.467,0.283,5,5.0,Moderate
2004,Jordan,Middle East,23.67,98.1,0.726,0.056,8,5.0,Moderate
2005,Jordan,Middle East,24.61,477.7,0.455,0.25,18,9.69,Moderate
2006,Jordan,Middle East,23.75,381.9,0.71,0.075,23,5.81,Moderate
2007,Jordan,Middle East,23.85,529.3,0.347,0.24,12,14.37,Moderate
2008,Jordan,Middle East,24.43,171.3,0.793,0.066,0,5.0,Moderate
2009,Jordan,Middle East,25.64,295.9,0.739,0.082,19,5.0,Moderate
2010,Jordan,Middle East,24.47,286.3,0.618,0.145,16,5.0,Moderate
2011,Jordan,Middle East,26.19,322.2,0.61,0.127,20,5.0,Moderate
2012,Jordan,Middle East,23.72,80.0,0.667,0.046,10,5.0,Moderate
2013,Jordan,Middle East,23.43,297.7,0.518,0.159,16,8.72,Moderate
2014,Jordan,Middle East,27.27,80.0,0.763,0.0,26,5.0,Moderate
2015,Jordan,Middle East,24.18,337.3,0.488,0.137,16,8.67,Moderate
2016,Jordan,Middle East,23.42,80.0,0.595,0.046,17,5.0,Moderate
2017,Jordan,Middle East,22.92,80.0,0.796,0.135,9,5.0,Moderate
2018,Jordan,Middle East,26.32,411.0,0.672,0.226,19,7.46,Moderate
2019,Jordan,Middle East,24.63,192.5,0.757,0.043,28,5.0,Moderate
2020,Jordan,Middle East,24.76,121.9,0.798,0.093,22,5.0,Moderate
2021,Jordan,Middle East,24.89,483.3,0.513,0.378,25,18.44,Moderate
2022,Jordan,Middle East,26.31,332.4,0.795,0.24,32,5.0,High
2023,Jordan,Middle East,24.9,419.5,0.496,0.254,22,5.0,Moderate
2024,Jordan,Middle East,27.95,253.4,0.825,0.185,35,5.0,High
2025,Jordan,Middle East,25.31,708.7,0.419,0.47,7,18.02,Moderate
2026,Jordan,Middle East,26.44,183.3,0.686,0.178,24,5.0,Moderate
2027,Jordan,Middle East,26.15,559.1,0.756,0.325,21,10.72,High
2028,Jordan,Middle East,25.16,270.2,0.667,0.221,32,5.0,Moderate
2029,Jordan,Middle East,24.52,80.0,0.78,0.0,24,5.0,Moderate
2030,Jordan,Middle East,25.64,357.3,0.727,0.058,15,5.0,Moderate
2031,Jordan,Middle East,25.87,330.4,0.731,0.178,24,14.56,Moderate
2032,Jordan,Middle East,24.59,111.8,0.753,0.061,19,5.0,Moderate
2033,Jordan,Middle East,25.5,132.4,0.791,0.023,24,5.0,Moderate
2034,Jordan,Middle East,26.8,276.0,0.622,0.204,16,5.0,Moderate
2035,Jordan,Middle East,27.82,336.0,0.706,0.019,30,5.0,Moderate
2036,Jordan,Middle East,26.38,80.0,0.903,0.0,21,5.0,Moderate
2037,Jordan,Middle East,27.6,448.5,0.695,0.185,29,11.91,Moderate
2038,Jordan,Middle East,24.63,200.9,0.786,0.0,12,5.0,Moderate
2039,Jordan,Middle East,26.25,80.0,0.846,0.16,18,5.0,High
2040,Jordan,Middle East,27.03,430.6,0.533,0.107,34,7.29,Moderate
2041,Jordan,Middle East,24.36,276.2,0.705,0.091,8,5.0,Moderate
2042,Jordan,Middle East,24.88,474.6,0.62,0.31,10,15.89,Moderate
2043,Jordan,Middle East,27.56,350.1,0.8,0.227,26,5.0,High
2044,Jordan,Middle East,24.32,279.8,0.603,0.051,10,5.0,Moderate
2045,Jordan,Middle East,23.9,255.6,0.696,0.182,8,5.0,Moderate
2046,Jordan,Middle East,27.36,357.2,0.987,0.202,26,5.0,High
2047,Jordan,Middle East,26.98,213.8,0.806,0.294,12,5.0,High
2048,Jordan,Middle East,26.08,143.6,0.697,0.104,14,5.0,Moderate
2049,Jordan,Middle East,25.53,377.6,0.56,0.177,37,8.41,Moderate
2050,Jordan,Middle East,25.08,256.9,0.72,0.06,22,5.0,Moderate
1961,Yemen,Middle East,24.52,132.7,0.595,0.09,27,5.0,Moderate
1962,Yemen,Middle East,24.3,522.6,0.471,0.103,29,18.79,Moderate
1963,Yemen,Middle East,24.96,80.0,0.735,0.029,12,5.0,Moderate
1964,Yemen,Middle East,24.7,477.2,0.563,0.284,18,23.57,Moderate
1965,Yemen,Middle East,24.93,286.2,0.698,0.13,24,5.0,Moderate
1966,Yemen,Middle East,25.71,201.7,0.859,0.05,33,5.0,Moderate
1967,Yemen,Middle East,25.17,306.7,0.712,0.12,25,5.0,Moderate
1968,Yemen,Middle East,23.93,397.3,0.6,0.155,18,12.81,Moderate
1969,Yemen,Middle East,22.8,498.7,0.33,0.198,17,27.65,Moderate
1970,Yemen,Middle East,26.16,330.1,0.737,0.179,27,5.0,Moderate
1971,Yemen,Middle East,23.89,137.5,0.854,0.253,8,5.0,High
1972,Yemen,Middle East,23.63,288.9,0.52,0.085,16,6.2,Moderate
1973,Yemen,Middle East,22.13,570.7,0.443,0.26,22,22.18,Moderate
1974,Yemen,Middle East,24.64,495.6,0.434,0.244,16,16.59,Moderate
1975,Yemen,Middle East,24.43,425.4,0.45,0.158,18,13.35,Moderate
1976,Yemen,Middle East,22.45,407.3,0.455,0.292,9,10.22,Moderate
1977,Yemen,Middle East,24.83,391.9,0.619,0.006,0,13.19,Moderate
1978,Yemen,Middle East,23.71,465.4,0.526,0.19,15,17.17,Moderate
1979,Yemen,Middle East,27.55,206.9,0.753,0.169,29,5.0,Moderate
1980,Yemen,Middle East,23.66,80.0,0.761,0.016,10,5.0,Moderate
1981,Yemen,Middle East,23.84,291.0,0.529,0.08,6,5.0,Moderate
1982,Yemen,Middle East,23.33,149.2,0.541,0.11,6,5.0,Moderate
1983,Yemen,Middle East,25.93,111.2,0.743,0.128,27,5.0,Moderate
1984,Yemen,Middle East,23.97,164.8,0.621,0.099,31,5.0,Moderate
1985,Yemen,Middle East,23.56,677.7,0.336,0.275,25,28.74,Moderate
1986,Yemen,Middle East,25.3,301.8,0.742,0.187,9,5.0,Moderate
1987,Yemen,Middle East,22.81,337.9,0.381,0.137,19,14.55,Moderate
1988,Yemen,Middle East,25.24,84.4,0.83,0.102,14,5.0,Moderate
1989,Yemen,Middle East,26.64,80.0,0.781,0.159,19,5.0,Moderate
1990,Yemen,Middle East,25.2,149.0,0.804,0.0,15,5.0,Moderate
1991,Yemen,Middle East,25.31,510.1,0.451,0.264,25,24.37,Moderate
1992,Yemen,Middle East,25.6,333.5,0.558,0.028,28,5.0,Moderate
1993,Yemen,Middle East,26.63,375.8,0.727,0.383,23,6.67,High
1994,Yemen,Middle East,26.05,398.2,0.571,0.162,21,8.07,Moderate
1995,Yemen,Middle East,25.14,185.4,0.699,0.152,23,5.0,Moderate
1996,Yemen,Middle East,25.71,502.1,0.35,0.248,25,14.19,Moderate
1997,Yemen,Middle East,23.58,178.8,0.727,0.025,24,5.0,Moderate
1998,Yemen,Middle East,25.6,505.0,0.585,0.179,10,20.2,Moderate
1999,Yemen,Middle East,23.48,350.8,0.524,0.302,14,5.0,Moderate
2000,Yemen,Middle East,24.26,80.0,0.634,0.116,8,5.0,Moderate
2001,Yemen,Middle East,21.02,160.3,0.633,0.236,6,5.0,Moderate
2002,Yemen,Middle East,25.22,80.0,0.751,0.044,17,5.0,Moderate
2003,Yemen,Middle East,23.98,466.1,0.43,0.256,15,18.28,Moderate
2004,Yemen,Middle East,26.11,276.0,0.893,0.117,15,5.0,High
2005,Yemen,Middle East,25.26,80.0,0.75,0.017,7,5.0,Moderate
2006,Yemen,Middle East,26.16,340.1,0.724,0.087,5,6.23,Moderate
2007,Yemen,Middle East,23.53,194.1,0.683,0.104,13,5.0,Moderate
2008,Yemen,Middle East,26.09,80.0,0.879,0.0,18,5.0,Moderate
2009,Yemen,Middle East,27.39,548.5,0.6,0.31,20,16.56,Moderate
2010,Yemen,Middle East,25.8,297.2,0.708,0.162,31,5.0,Moderate
2011,Yemen,Middle East,25.85,233.1,0.748,0.14,14,5.0,Moderate
2012,Yemen,Middle East,25.12,216.1,0.698,0.242,30,5.0,Moderate
2013,Yemen,Middle East,24.31,80.0,0.879,0.037,29,5.0,Moderate
2014,Yemen,Middle East,25.87,80.0,0.731,0.101,5,5.0,Moderate
2015,Yemen,Middle East,23.16,485.6,0.493,0.407,14,29.3,Moderate
2016,Yemen,Middle East,24.49,204.2,0.744,0.207,14,5.0,Moderate
2017,Yemen,Middle East,22.88,283.5,0.597,0.234,0,5.0,Moderate
2018,Yemen,Middle East,24.18,80.0,0.841,0.015,4,5.0,Moderate
2019,Yemen,Middle East,25.81,80.0,0.826,0.058,27,5.0,Moderate
2020,Yemen,Middle East,25.67,377.6,0.464,0.083,37,21.01,Moderate
2021,Yemen,Middle East,25.14,340.4,0.608,0.21,26,5.0,Moderate
2022,Yemen,Middle East,25.3,560.5,0.385,0.302,22,31.83,Moderate
2023,Yemen,Middle East,22.85,494.9,0.331,0.249,12,10.67,Moderate
2024,Yemen,Middle East,24.69,243.1,0.561,0.204,31,5.0,Moderate
2025,Yemen,Middle East,24.33,355.7,0.524,0.081,34,5.25,Moderate
2026,Yemen,Middle East,24.38,229.3,0.607,0.245,12,5.0,Moderate
2027,Yemen,Middle East,25.91,608.8,0.27,0.377,5,30.57,Moderate
2028,Yemen,Middle East,24.17,463.8,0.533,0.226,0,15.23,Moderate
2029,Yemen,Middle East,24.5,307.1,0.783,0.142,28,5.0,Moderate
2030,Yemen,Middle East,22.74,312.1,0.562,0.194,11,5.0,Moderate
2031,Yemen,Middle East,24.91,511.2,0.464,0.377,20,14.36,Moderate
2032,Yemen,Middle East,23.97,372.7,0.528,0.194,1,5.0,Moderate
2033,Yemen,Middle East,25.39,529.4,0.458,0.276,14,11.99,Moderate
2034,Yemen,Middle East,24.17,80.0,0.759,0.041,14,5.0,Moderate
2035,Yemen,Middle East,25.46,353.8,0.617,0.319,22,5.0,Moderate
2036,Yemen,Middle East,25.18,197.5,0.65,0.069,16,6.57,Moderate
2037,Yemen,Middle East,27.37,561.0,0.703,0.278,17,11.94,Moderate
2038,Yemen,Middle East,25.98,527.4,0.403,0.381,15,13.67,Moderate
2039,Yemen,Middle East,23.2,285.3,0.614,0.154,23,6.43,Moderate
2040,Yemen,Middle East,23.9,525.7,0.412,0.354,17,26.96,Moderate
2041,Yemen,Middle East,25.51,565.3,0.624,0.21,25,22.5,Moderate
2042,Yemen,Middle East,24.34,291.9,0.636,0.13,9,5.0,Moderate
2043,Yemen,Middle East,21.91,675.5,0.184,0.457,0,36.61,Moderate
2044,Yemen,Middle East,27.11,275.0,0.739,0.083,21,5.0,Moderate
2045,Yemen,Middle East,26.38,245.7,0.747,0.111,16,5.0,Moderate
2046,Yemen,Middle East,26.16,418.5,0.517,0.23,25,5.11,Moderate
2047,Yemen,Middle East,24.82,223.4,0.62,0.033,44,6.12,Moderate
2048,Yemen,Middle East,26.08,293.7,0.551,0.114,27,5.0,Moderate
2049,Yemen,Middle East,24.74,505.5,0.402,0.262,40,22.31,Moderate
2050,Yemen,Middle East,25.85,283.1,0.698,0.145,26,5.0,Moderate
1961,Kazakhstan,Central Asia,11.97,461.0,0.0,0.233,0,25.78,Low
1962,Kazakhstan,Central Asia,12.31,465.9,0.0,0.183,0,22.63,Low
1963,Kazakhstan,Central Asia,14.59,567.5,0.0,0.254,0,24.11,Low
1964,Kazakhstan,Central Asia,12.12,186.8,0.117,0.075,0,10.92,Low
1965,Kazakhstan,Central Asia,13.22,375.7,0.0,0.253,0,23.82,Low
1966,Kazakhstan,Central Asia,12.15,440.2,0.029,0.208,0,8.18,Low
1967,Kazakhstan,Central Asia,12.73,420.8,0.08,0.276,0,15.52,Low
1968,Kazakhstan,Central Asia,13.07,211.6,0.084,0.153,0,22.81,Low
1969,Kazakhstan,Central Asia,12.2,80.0,0.123,0.086,0,5.03,Low
1970,Kazakhstan,Central Asia,12.01,405.5,0.0,0.314,0,24.33,Low
1971,Kazakhstan,Central Asia,13.52,325.6,0.088,0.073,0,21.56,Low
1972,Kazakhstan,Central Asia,12.18,259.3,0.008,0.092,0,12.91,Low
1973,Kazakhstan,Central Asia,12.24,472.2,0.0,0.377,0,28.39,Low
1974,Kazakhstan,Central Asia,12.11,342.8,0.0,0.151,0,21.45,Low
1975,Kazakhstan,Central Asia,13.16,138.9,0.203,0.0,0,6.12,Low
1976,Kazakhstan,Central Asia,14.4,80.0,0.321,0.024,0,5.0,Low
1977,Kazakhstan,Central Asia,15.1,169.4,0.262,0.095,0,5.0,Low
1978,Kazakhstan,Central Asia,12.43,732.9,0.0,0.157,0,33.11,Low
1979,Kazakhstan,Central Asia,15.9,465.6,0.142,0.34,0,20.52,Low
1980,Kazakhstan,Central Asia,12.14,380.2,0.0,0.133,0,12.0,Low
1981,Kazakhstan,Central Asia,14.66,320.9,0.067,0.187,0,9.97,Low
1982,Kazakhstan,Central Asia,12.51,310.4,0.0,0.137,0,13.83,Low
1983,Kazakhstan,Central Asia,12.35,536.8,0.0,0.165,0,21.18,Low
1984,Kazakhstan,Central Asia,12.52,271.5,0.018,0.05,0,10.2,Low
1985,Kazakhstan,Central Asia,13.37,442.3,0.008,0.146,0,20.98,Low
1986,Kazakhstan,Central Asia,14.15,294.3,0.124,0.234,2,14.64,Low
1987,Kazakhstan,Central Asia,14.27,660.4,0.0,0.318,0,38.72,Low
1988,Kazakhstan,Central Asia,12.35,468.8,0.0,0.193,0,20.66,Low
1989,Kazakhstan,Central Asia,12.32,549.3,0.0,0.2,0,35.48,Low
1990,Kazakhstan,Central Asia,12.42,256.5,0.101,0.224,0,16.43,Low
1991,Kazakhstan,Central Asia,13.41,519.3,0.087,0.377,0,27.25,Low
1992,Kazakhstan,Central Asia,13.31,300.0,0.063,0.245,0,14.67,Low
1993,Kazakhstan,Central Asia,12.44,367.6,0.0,0.223,0,20.3,Low
1994,Kazakhstan,Central Asia,13.92,611.6,0.0,0.329,0,37.7,Low
1995,Kazakhstan,Central Asia,16.33,183.2,0.435,0.0,0,7.8,Low
1996,Kazakhstan,Central Asia,13.02,382.5,0.0,0.172,0,27.14,Low
1997,Kazakhstan,Central Asia,13.13,420.1,0.024,0.155,0,20.78,Low
1998,Kazakhstan,Central Asia,14.34,433.2,0.106,0.071,0,22.87,Low
1999,Kazakhstan,Central Asia,13.01,277.9,0.134,0.224,0,19.28,Low
2000,Kazakhstan,Central Asia,14.5,683.8,0.0,0.286,0,30.45,Low
2001,Kazakhstan,Central Asia,12.86,142.8,0.085,0.167,0,5.0,Low
2002,Kazakhstan,Central Asia,15.94,583.4,0.0,0.362,0,29.27,Low
2003,Kazakhstan,Central Asia,14.17,544.4,0.0,0.317,0,32.62,Low
2004,Kazakhstan,Central Asia,13.03,654.1,0.0,0.376,0,38.2,Low
2005,Kazakhstan,Central Asia,13.09,95.9,0.213,0.0,0,5.0,Low
2006,Kazakhstan,Central Asia,13.19,211.0,0.079,0.254,0,5.0,Low
2007,Kazakhstan,Central Asia,15.48,588.7,0.0,0.298,0,30.91,Low
2008,Kazakhstan,Central Asia,12.32,80.0,0.228,0.064,0,5.0,Low
2009,Kazakhstan,Central Asia,13.06,93.0,0.217,0.0,0,5.0,Low
2010,Kazakhstan,Central Asia,13.21,271.9,0.0,0.061,0,6.01,Low
2011,Kazakhstan,Central Asia,13.88,380.7,0.008,0.229,0,20.84,Low
2012,Kazakhstan,Central Asia,13.59,604.8,0.0,0.32,0,38.4,Low
2013,Kazakhstan,Central Asia,12.15,320.4,0.0,0.097,0,16.25,Low
2014,Kazakhstan,Central Asia,13.47,252.7,0.0,0.011,0,13.9,Low
2015,Kazakhstan,Central Asia,13.85,399.8,0.128,0.098,0,24.53,Low
2016,Kazakhstan,Central Asia,13.24,425.1,0.0,0.308,0,11.99,Low
2017,Kazakhstan,Central Asia,14.83,420.6,0.09,0.161,0,22.36,Low
2018,Kazakhstan,Central Asia,15.13,321.5,0.041,0.134,0,15.19,Low
2019,Kazakhstan,Central Asia,13.95,80.0,0.299,0.156,0,5.0,Low
2020,Kazakhstan,Central Asia,14.34,203.2,0.194,0.012,0,5.0,Low
2021,Kazakhstan,Central Asia,11.49,577.2,0.0,0.23,0,23.95,Low
2022,Kazakhstan,Central Asia,13.59,379.9,0.122,0.128,0,17.4,Low
2023,Kazakhstan,Central Asia,15.32,298.4,0.166,0.279,0,21.5,Low
2024,Kazakhstan,Central Asia,13.63,528.9,0.0,0.424,0,31.61,Low
2025,Kazakhstan,Central Asia,13.27,169.2,0.112,0.145,0,5.0,Low
2026,Kazakhstan,Central Asia,16.9,313.9,0.06,0.22,0,6.46,Low
2027,Kazakhstan,Central Asia,16.37,372.0,0.2,0.14,7,5.0,Low
2028,Kazakhstan,Central Asia,14.77,279.4,0.16,0.295,0,18.67,Low
2029,Kazakhstan,Central Asia,15.59,366.1,0.102,0.204,0,10.53,Low
2030,Kazakhstan,Central Asia,11.57,320.0,0.052,0.228,0,13.0,Low
2031,Kazakhstan,Central Asia,13.31,126.1,0.065,0.055,0,12.93,Low
2032,Kazakhstan,Central Asia,13.71,379.0,0.0,0.168,0,9.27,Low
2033,Kazakhstan,Central Asia,14.01,137.5,0.134,0.202,0,13.14,Low
2034,Kazakhstan,Central Asia,13.73,376.5,0.0,0.231,0,17.3,Low
2035,Kazakhstan,Central Asia,11.27,569.9,0.0,0.401,0,21.6,Low
2036,Kazakhstan,Central Asia,14.81,305.0,0.157,0.173,0,10.62,Low
2037,Kazakhstan,Central Asia,15.02,162.6,0.207,0.013,0,5.0,Low
2038,Kazakhstan,Central Asia,16.31,329.7,0.11,0.118,0,16.93,Low
2039,Kazakhstan,Central Asia,13.46,216.9,0.253,0.117,0,5.0,Low
2040,Kazakhstan,Central Asia,13.38,445.1,0.144,0.172,0,7.91,Low
2041,Kazakhstan,Central Asia,11.22,326.3,0.0,0.075,0,14.99,Low
2042,Kazakhstan,Central Asia,14.11,623.6,0.0,0.408,0,23.04,Low
2043,Kazakhstan,Central Asia,15.56,536.1,0.113,0.224,0,25.77,Low
2044,Kazakhstan,Central Asia,13.76,325.5,0.0,0.174,0,9.15,Low
2045,Kazakhstan,Central Asia,17.08,464.5,0.096,0.256,0,18.38,Low
2046,Kazakhstan,Central Asia,14.22,287.1,0.05,0.096,0,14.44,Low
2047,Kazakhstan,Central Asia,14.72,355.4,0.0,0.294,0,16.5,Low
2048,Kazakhstan,Central Asia,12.93,292.2,0.015,0.057,0,15.8,Low
2049,Kazakhstan,Central Asia,14.93,472.6,0.0,0.257,0,27.71,Low
2050,Kazakhstan,Central Asia,12.23,579.3,0.0,0.309,0,22.02,Low
1961,Uzbekistan,Central Asia,12.92,416.9,0.0,0.063,0,15.09,Low
1962,Uzbekistan,Central Asia,9.02,242.0,0.0,0.0,0,5.0,Low
1963,Uzbekistan,Central Asia,13.33,429.3,0.0,0.273,0,24.81,Low
1964,Uzbekistan,Central Asia,12.69,216.7,0.041,0.063,0,20.48,Low
1965,Uzbekistan,Central Asia,11.89,286.0,0.134,0.178,0,5.64,Low
1966,Uzbekistan,Central Asia,13.47,652.5,0.0,0.335,0,39.96,Low
1967,Uzbekistan,Central Asia,14.52,285.1,0.135,0.129,0,11.81,Low
1968,Uzbekistan,Central Asia,12.55,222.2,0.228,0.103,0,5.0,Low
1969,Uzbekistan,Central Asia,12.01,537.3,0.0,0.199,0,20.08,Low
1970,Uzbekistan,Central Asia,13.36,181.8,0.073,0.09,0,7.73,Low
1971,Uzbekistan,Central Asia,11.58,239.1,0.0,0.073,0,9.53,Low
1972,Uzbekistan,Central Asia,12.41,442.2,0.0,0.191,0,14.24,Low
1973,Uzbekistan,Central Asia,14.68,500.1,0.047,0.224,0,13.9,Low
1974,Uzbekistan,Central Asia,13.31,545.3,0.0,0.255,0,22.18,Low
1975,Uzbekistan,Central Asia,11.0,230.4,0.065,0.189,0,11.38,Low
1976,Uzbekistan,Central Asia,11.11,445.4,0.0,0.212,0,22.23,Low
1977,Uzbekistan,Central Asia,13.48,275.4,0.174,0.22,0,7.28,Low
1978,Uzbekistan,Central Asia,14.34,253.1,0.054,0.25,0,12.79,Low
1979,Uzbekistan,Central Asia,11.38,542.5,0.0,0.34,0,33.37,Low
1980,Uzbekistan,Central Asia,13.88,262.1,0.068,0.174,0,14.11,Low
1981,Uzbekistan,Central Asia,14.96,394.5,0.151,0.223,0,15.99,Low
1982,Uzbekistan,Central Asia,15.64,374.9,0.073,0.257,0,22.86,Low
1983,Uzbekistan,Central Asia,13.79,178.7,0.159,0.096,0,5.0,Low
1984,Uzbekistan,Central Asia,14.02,504.6,0.0,0.331,0,23.88,Low
1985,Uzbekistan,Central Asia,10.87,439.6,0.0,0.269,0,20.78,Low
1986,Uzbekistan,Central Asia,15.97,80.0,0.412,0.011,0,5.0,Low
1987,Uzbekistan,Central Asia,12.78,394.4,0.0,0.269,0,17.2,Low
1988,Uzbekistan,Central Asia,12.37,226.3,0.023,0.12,2,5.0,Low
1989,Uzbekistan,Central Asia,13.2,525.5,0.0,0.254,0,37.75,Low
1990,Uzbekistan,Central Asia,15.34,118.7,0.284,0.021,0,5.0,Low
1991,Uzbekistan,Central Asia,16.19,293.0,0.22,0.16,0,19.76,Low
1992,Uzbekistan,Central Asia,13.71,407.9,0.0,0.284,0,20.62,Low
1993,Uzbekistan,Central Asia,14.77,358.7,0.084,0.25,0,19.64,Low
1994,Uzbekistan,Central Asia,13.65,472.1,0.0,0.264,0,20.67,Low
1995,Uzbekistan,Central Asia,12.37,107.1,0.195,0.101,0,5.0,Low
1996,Uzbekistan,Central Asia,15.4,614.3,0.0,0.409,0,34.62,Low
1997,Uzbekistan,Central Asia,12.9,434.0,0.015,0.205,0,25.38,Low
1998,Uzbekistan,Central Asia,15.51,567.6,0.0,0.195,0,33.03,Low
1999,Uzbekistan,Central Asia,15.24,489.9,0.0,0.349,0,22.28,Low
2000,Uzbekistan,Central Asia,14.44,348.1,0.045,0.132,0,13.63,Low
2001,Uzbekistan,Central Asia,15.91,144.5,0.277,0.017,0,5.0,Low
2002,Uzbekistan,Central Asia,16.42,259.8,0.295,0.0,0,10.24,Low
2003,Uzbekistan,Central Asia,13.55,604.3,0.0,0.348,0,36.71,Low
2004,Uzbekistan,Central Asia,12.8,571.7,0.0,0.156,5,38.28,Low
2005,Uzbekistan,Central Asia,11.55,250.9,0.04,0.065,0,13.58,Low
2006,Uzbekistan,Central Asia,16.5,80.0,0.315,0.087,0,5.0,Low
2007,Uzbekistan,Central Asia,13.3,316.0,0.045,0.216,0,5.0,Low
2008,Uzbekistan,Central Asia,15.21,304.0,0.093,0.1,0,19.59,Low
2009,Uzbekistan,Central Asia,12.97,310.0,0.0,0.144,0,5.0,Low
2010,Uzbekistan,Central Asia,15.73,434.6,0.043,0.147,0,18.82,Low
2011,Uzbekistan,Central Asia,13.06,490.2,0.0,0.201,0,23.16,Low
2012,Uzbekistan,Central Asia,12.49,508.4,0.0,0.276,0,25.01,Low
2013,Uzbekistan,Central Asia,13.69,421.3,0.0,0.171,0,21.28,Low
2014,Uzbekistan,Central Asia,13.32,80.0,0.136,0.02,0,5.0,Low
2015,Uzbekistan,Central Asia,14.69,295.4,0.265,0.031,0,5.0,Low
2016,Uzbekistan,Central Asia,13.93,718.7,0.0,0.45,0,36.02,Low
2017,Uzbekistan,Central Asia,14.76,409.9,0.0,0.246,0,7.12,Low
2018,Uzbekistan,Central Asia,13.68,408.9,0.0,0.268,0,24.84,Low
2019,Uzbekistan,Central Asia,13.25,407.5,0.0,0.307,0,17.05,Low
2020,Uzbekistan,Central Asia,13.36,416.5,0.0,0.142,0,7.88,Low
2021,Uzbekistan,Central Asia,16.53,80.0,0.25,0.011,0,5.0,Low
2022,Uzbekistan,Central Asia,14.37,311.7,0.188,0.004,0,8.39,Low
2023,Uzbekistan,Central Asia,11.74,343.9,0.007,0.423,0,24.2,Low
2024,Uzbekistan,Central Asia,13.51,555.0,0.0,0.266,0,28.93,Low
2025,Uzbekistan,Central Asia,14.27,357.6,0.167,0.262,0,16.62,Low
2026,Uzbekistan,Central Asia,16.38,86.6,0.394,0.0,0,5.0,Low
2027,Uzbekistan,Central Asia,15.42,418.8,0.108,0.289,0,18.21,Low
2028,Uzbekistan,Central Asia,13.1,221.4,0.221,0.259,0,11.16,Low
2029,Uzbekistan,Central Asia,17.13,155.3,0.433,0.073,0,5.0,Moderate
2030,Uzbekistan,Central Asia,14.2,216.5,0.088,0.027,0,5.0,Low
2031,Uzbekistan,Central Asia,15.76,436.8,0.126,0.207,0,28.15,Low
2032,Uzbekistan,Central Asia,12.89,551.4,0.0,0.098,0,19.05,Low
2033,Uzbekistan,Central Asia,11.42,427.3,0.0,0.211,0,26.87,Low
2034,Uzbekistan,Central Asia,12.62,451.1,0.0,0.291,0,13.45,Low
2035,Uzbekistan,Central Asia,10.43,425.7,0.0,0.21,0,24.89,Low
2036,Uzbekistan,Central Asia,16.88,366.2,0.173,0.16,2,26.02,Low
2037,Uzbekistan,Central Asia,14.63,461.5,0.023,0.273,0,21.34,Low
2038,Uzbekistan,Central Asia,13.28,80.0,0.172,0.088,0,5.0,Low
2039,Uzbekistan,Central Asia,14.95,367.8,0.11,0.051,0,19.85,Low
2040,Uzbekistan,Central Asia,14.65,182.8,0.266,0.099,0,5.0,Low
2041,Uzbekistan,Central Asia,15.19,536.1,0.0,0.463,0,37.71,Low
2042,Uzbekistan,Central Asia,15.91,326.5,0.18,0.056,0,13.87,Low
2043,Uzbekistan,Central Asia,14.13,355.0,0.164,0.171,0,12.56,Low
2044,Uzbekistan,Central Asia,13.44,109.2,0.232,0.21,0,5.0,Low
2045,Uzbekistan,Central Asia,15.51,512.7,0.025,0.345,0,19.53,Low
2046,Uzbekistan,Central Asia,15.49,450.4,0.0,0.184,0,18.75,Low
2047,Uzbekistan,Central Asia,14.67,439.1,0.073,0.236,0,18.38,Low
2048,Uzbekistan,Central Asia,17.18,219.9,0.328,0.11,1,5.0,Low
2049,Uzbekistan,Central Asia,14.06,226.2,0.244,0.053,0,5.0,Low
2050,Uzbekistan,Central Asia,13.52,385.8,0.004,0.187,0,31.8,Low
1961,Turkmenistan,Central Asia,11.76,499.8,0.0,0.199,0,11.19,Low
1962,Turkmenistan,Central Asia,13.19,274.6,0.151,0.189,0,21.53,Low
1963,Turkmenistan,Central Asia,13.75,476.5,0.0,0.306,0,25.82,Low
1964,Turkmenistan,Central Asia,13.81,500.3,0.0,0.222,0,28.97,Low
1965,Turkmenistan,Central Asia,13.0,408.3,0.003,0.206,0,22.15,Low
1966,Turkmenistan,Central Asia,12.8,617.1,0.0,0.257,0,34.3,Low
1967,Turkmenistan,Central Asia,13.65,208.5,0.139,0.236,0,8.11,Low
1968,Turkmenistan,Central Asia,13.45,272.0,0.142,0.126,7,12.4,Low
1969,Turkmenistan,Central Asia,12.83,384.0,0.0,0.118,0,19.84,Low
1970,Turkmenistan,Central Asia,11.29,490.9,0.0,0.188,0,20.89,Low
1971,Turkmenistan,Central Asia,12.62,378.7,0.0,0.199,0,18.66,Low
1972,Turkmenistan,Central Asia,11.82,555.7,0.0,0.338,0,29.43,Low
1973,Turkmenistan,Central Asia,12.42,244.1,0.163,0.015,0,9.61,Low
1974,Turkmenistan,Central Asia,13.27,167.5,0.054,0.232,0,5.0,Low
1975,Turkmenistan,Central Asia,13.68,399.3,0.0,0.224,0,11.9,Low
1976,Turkmenistan,Central Asia,15.41,337.7,0.0,0.206,0,23.38,Low
1977,Turkmenistan,Central Asia,12.64,436.9,0.041,0.211,0,19.18,Low
1978,Turkmenistan,Central Asia,14.24,345.6,0.045,0.174,0,19.89,Low
1979,Turkmenistan,Central Asia,13.69,295.6,0.038,0.136,0,7.46,Low
1980,Turkmenistan,Central Asia,14.9,338.0,0.099,0.25,0,6.08,Low
1981,Turkmenistan,Central Asia,14.05,354.6,0.1,0.177,0,10.67,Low
1982,Turkmenistan,Central Asia,12.17,301.2,0.021,0.212,0,13.3,Low
1983,Turkmenistan,Central Asia,11.33,317.5,0.151,0.124,0,8.85,Low
1984,Turkmenistan,Central Asia,13.79,285.4,0.122,0.158,0,19.6,Low
1985,Turkmenistan,Central Asia,12.8,487.1,0.0,0.179,0,25.43,Low
1986,Turkmenistan,Central Asia,12.27,381.0,0.0,0.288,0,30.15,Low
1987,Turkmenistan,Central Asia,11.95,711.1,0.0,0.289,0,37.98,Low
1988,Turkmenistan,Central Asia,13.68,375.7,0.0,0.162,0,5.0,Low
1989,Turkmenistan,Central Asia,15.31,261.9,0.182,0.106,0,15.79,Low
1990,Turkmenistan,Central Asia,13.03,777.3,0.0,0.36,0,29.81,Low
1991,Turkmenistan,Central Asia,14.25,416.2,0.0,0.266,0,22.19,Low
1992,Turkmenistan,Central Asia,13.44,508.4,0.0,0.229,0,20.77,Low
1993,Turkmenistan,Central Asia,12.03,444.7,0.005,0.334,0,34.99,Low
1994,Turkmenistan,Central Asia,14.48,449.7,0.0,0.159,0,31.12,Low
1995,Turkmenistan,Central Asia,12.3,435.7,0.0,0.231,0,17.33,Low
1996,Turkmenistan,Central Asia,13.66,173.7,0.067,0.025,0,6.59,Low
1997,Turkmenistan,Central Asia,13.24,408.8,0.0,0.238,0,21.91,Low
1998,Turkmenistan,Central Asia,14.74,138.0,0.269,0.068,0,6.7,Low
1999,Turkmenistan,Central Asia,12.41,322.1,0.0,0.149,0,16.28,Low
2000,Turkmenistan,Central Asia,14.17,233.9,0.124,0.212,0,5.0,Low
2001,Turkmenistan,Central Asia,12.71,407.2,0.037,0.151,0,15.31,Low
2002,Turkmenistan,Central Asia,13.12,403.5,0.0,0.249,0,20.15,Low
2003,Turkmenistan,Central Asia,9.39,427.0,0.0,0.152,0,28.76,Low
2004,Turkmenistan,Central Asia,16.28,396.0,0.252,0.207,0,17.32,Low
2005,Turkmenistan,Central Asia,14.45,252.9,0.106,0.031,0,5.89,Low
2006,Turkmenistan,Central Asia,12.89,308.2,0.083,0.101,0,17.64,Low
2007,Turkmenistan,Central Asia,12.48,497.3,0.0,0.242,0,22.54,Low
2008,Turkmenistan,Central Asia,13.25,520.9,0.0,0.406,0,31.39,Low
2009,Turkmenistan,Central Asia,14.72,166.5,0.092,0.091,0,21.66,Low
2010,Turkmenistan,Central Asia,11.61,105.1,0.0,0.185,0,5.0,Low
2011,Turkmenistan,Central Asia,13.73,233.7,0.088,0.134,0,14.73,Low
2012,Turkmenistan,Central Asia,16.04,517.2,0.0,0.228,0,21.39,Low
2013,Turkmenistan,Central Asia,12.58,544.4,0.0,0.395,0,26.55,Low
2014,Turkmenistan,Central Asia,14.05,202.0,0.141,0.136,0,7.47,Low
2015,Turkmenistan,Central Asia,16.62,399.2,0.203,0.148,0,14.73,Low
2016,Turkmenistan,Central Asia,14.75,643.5,0.0,0.359,3,46.95,Low
2017,Turkmenistan,Central Asia,14.16,416.4,0.0,0.185,0,18.98,Low
2018,Turkmenistan,Central Asia,14.63,577.4,0.0,0.13,0,32.39,Low
2019,Turkmenistan,Central Asia,13.56,509.8,0.0,0.33,0,13.91,Low
2020,Turkmenistan,Central Asia,15.62,204.4,0.16,0.19,0,9.6,Low
2021,Turkmenistan,Central Asia,13.6,319.6,0.0,0.307,0,22.83,Low
2022,Turkmenistan,Central Asia,11.75,355.6,0.0,0.212,0,14.61,Low
2023,Turkmenistan,Central Asia,13.65,366.7,0.0,0.163,0,5.0,Low
2024,Turkmenistan,Central Asia,12.97,496.6,0.0,0.315,0,24.6,Low
2025,Turkmenistan,Central Asia,13.81,415.4,0.0,0.276,0,20.87,Low
2026,Turkmenistan,Central Asia,13.86,80.0,0.192,0.171,0,5.0,Low
2027,Turkmenistan,Central Asia,15.62,139.9,0.426,0.066,0,10.54,Low
2028,Turkmenistan,Central Asia,15.04,80.0,0.22,0.027,0,5.0,Low
2029,Turkmenistan,Central Asia,14.54,378.1,0.038,0.132,0,13.0,Low
2030,Turkmenistan,Central Asia,14.24,388.5,0.0,0.237,0,12.42,Low
2031,Turkmenistan,Central Asia,12.99,395.3,0.0,0.074,0,20.95,Low
2032,Turkmenistan,Central Asia,11.66,196.6,0.166,0.16,0,9.38,Low
2033,Turkmenistan,Central Asia,14.43,457.9,0.008,0.276,0,19.45,Low
2034,Turkmenistan,Central Asia,15.27,464.6,0.042,0.279,0,27.06,Low
2035,Turkmenistan,Central Asia,14.2,149.2,0.068,0.086,0,8.89,Low
2036,Turkmenistan,Central Asia,13.71,115.4,0.232,0.18,0,5.0,Low
2037,Turkmenistan,Central Asia,14.93,350.0,0.189,0.245,0,8.31,Low
2038,Turkmenistan,Central Asia,14.29,636.7,0.0,0.27,0,28.94,Low
2039,Turkmenistan,Central Asia,16.43,622.0,0.031,0.264,0,15.91,Low
2040,Turkmenistan,Central Asia,15.9,440.1,0.0,0.15,0,23.42,Low
2041,Turkmenistan,Central Asia,15.59,233.2,0.238,0.161,0,7.06,Low
2042,Turkmenistan,Central Asia,15.37,491.9,0.07,0.166,0,24.32,Low
2043,Turkmenistan,Central Asia,12.93,277.6,0.0,0.225,0,16.91,Low
2044,Turkmenistan,Central Asia,15.29,227.2,0.112,0.219,0,11.43,Low
2045,Turkmenistan,Central Asia,14.96,80.0,0.362,0.0,4,5.0,Low
2046,Turkmenistan,Central Asia,15.26,366.4,0.171,0.168,0,15.19,Low
2047,Turkmenistan,Central Asia,15.14,249.2,0.055,0.126,0,5.0,Low
2048,Turkmenistan,Central Asia,15.11,365.4,0.158,0.253,1,11.61,Low
2049,Turkmenistan,Central Asia,17.83,80.0,0.442,0.169,0,5.0,Moderate
2050,Turkmenistan,Central Asia,14.51,377.2,0.119,0.054,0,12.07,Low
1961,Kyrgyzstan,Central Asia,14.03,522.1,0.0,0.167,0,25.05,Low
1962,Kyrgyzstan,Central Asia,12.23,373.3,0.0,0.183,0,23.45,Low
1963,Kyrgyzstan,Central Asia,13.3,431.8,0.0,0.184,0,28.82,Low
1964,Kyrgyzstan,Central Asia,13.19,408.5,0.326,0.259,0,13.24,Moderate
1965,Kyrgyzstan,Central Asia,13.97,330.6,0.144,0.218,0,22.85,Low
1966,Kyrgyzstan,Central Asia,14.17,212.4,0.226,0.194,0,15.29,Low
1967,Kyrgyzstan,Central Asia,13.94,336.9,0.007,0.068,0,21.79,Low
1968,Kyrgyzstan,Central Asia,10.6,507.9,0.0,0.286,0,22.3,Low
1969,Kyrgyzstan,Central Asia,14.58,279.4,0.217,0.081,1,5.95,Low
1970,Kyrgyzstan,Central Asia,14.99,492.9,0.148,0.149,0,16.81,Low
1971,Kyrgyzstan,Central Asia,12.6,467.9,0.042,0.2,0,28.24,Low
1972,Kyrgyzstan,Central Asia,13.48,302.2,0.0,0.237,0,7.84,Low
1973,Kyrgyzstan,Central Asia,12.15,572.2,0.0,0.256,0,32.67,Low
1974,Kyrgyzstan,Central Asia,10.9,293.1,0.0,0.272,0,8.17,Low
1975,Kyrgyzstan,Central Asia,12.37,591.5,0.0,0.34,0,34.52,Low
1976,Kyrgyzstan,Central Asia,12.62,419.5,0.0,0.178,0,21.08,Low
1977,Kyrgyzstan,Central Asia,12.86,347.5,0.0,0.267,0,25.37,Low
1978,Kyrgyzstan,Central Asia,12.16,208.0,0.225,0.14,0,12.75,Low
1979,Kyrgyzstan,Central Asia,12.44,335.9,0.135,0.093,0,22.71,Low
1980,Kyrgyzstan,Central Asia,13.33,317.4,0.039,0.307,0,23.85,Low
1981,Kyrgyzstan,Central Asia,12.44,148.7,0.272,0.095,0,5.0,Low
1982,Kyrgyzstan,Central Asia,14.03,315.2,0.195,0.159,0,5.0,Low
1983,Kyrgyzstan,Central Asia,14.21,221.4,0.117,0.042,0,5.0,Low
1984,Kyrgyzstan,Central Asia,16.27,443.8,0.0,0.316,0,9.67,Low
1985,Kyrgyzstan,Central Asia,14.78,559.0,0.0,0.321,0,21.45,Low
1986,Kyrgyzstan,Central Asia,13.74,153.7,0.126,0.127,0,5.58,Low
1987,Kyrgyzstan,Central Asia,12.72,624.0,0.0,0.271,0,27.84,Low
1988,Kyrgyzstan,Central Asia,13.84,329.4,0.064,0.231,0,14.12,Low
1989,Kyrgyzstan,Central Asia,13.9,194.0,0.161,0.17,0,9.43,Low
1990,Kyrgyzstan,Central Asia,12.91,471.2,0.0,0.182,0,21.74,Low
1991,Kyrgyzstan,Central Asia,14.48,278.6,0.028,0.026,0,6.64,Low
1992,Kyrgyzstan,Central Asia,11.88,336.9,0.0,0.215,0,16.53,Low
1993,Kyrgyzstan,Central Asia,13.28,285.3,0.025,0.017,0,8.37,Low
1994,Kyrgyzstan,Central Asia,14.26,219.3,0.172,0.122,0,5.89,Low
1995,Kyrgyzstan,Central Asia,13.27,465.8,0.007,0.197,0,31.2,Low
1996,Kyrgyzstan,Central Asia,13.38,304.2,0.0,0.25,0,13.59,Low
1997,Kyrgyzstan,Central Asia,13.48,120.1,0.166,0.029,0,13.32,Low
1998,Kyrgyzstan,Central Asia,12.66,438.2,0.0,0.308,0,30.5,Low
1999,Kyrgyzstan,Central Asia,15.09,157.1,0.201,0.037,0,5.0,Low
2000,Kyrgyzstan,Central Asia,12.48,165.5,0.178,0.163,0,5.0,Low
2001,Kyrgyzstan,Central Asia,14.1,540.8,0.0,0.435,0,26.73,Low
2002,Kyrgyzstan,Central Asia,14.23,158.6,0.154,0.0,0,11.77,Low
2003,Kyrgyzstan,Central Asia,12.62,80.0,0.117,0.063,0,5.0,Low
2004,Kyrgyzstan,Central Asia,13.86,449.7,0.059,0.445,0,26.75,Moderate
2005,Kyrgyzstan,Central Asia,12.7,301.4,0.0,0.156,0,22.32,Low
2006,Kyrgyzstan,Central Asia,15.48,315.2,0.186,0.163,0,7.4,Low
2007,Kyrgyzstan,Central Asia,12.46,299.7,0.167,0.213,0,7.59,Low
2008,Kyrgyzstan,Central Asia,13.06,387.1,0.0,0.197,0,23.63,Low
2009,Kyrgyzstan,Central Asia,12.39,229.6,0.145,0.0,0,9.49,Low
2010,Kyrgyzstan,Central Asia,12.25,586.2,0.0,0.384,0,25.19,Low
2011,Kyrgyzstan,Central Asia,15.81,113.8,0.391,0.0,0,5.0,Low
2012,Kyrgyzstan,Central Asia,14.57,421.2,0.026,0.177,0,20.11,Low
2013,Kyrgyzstan,Central Asia,14.1,452.7,0.033,0.323,0,12.58,Low
2014,Kyrgyzstan,Central Asia,13.17,228.5,0.0,0.086,0,16.02,Low
2015,Kyrgyzstan,Central Asia,15.06,186.2,0.158,0.038,0,5.0,Low
2016,Kyrgyzstan,Central Asia,13.0,512.7,0.0,0.327,0,8.94,Low
2017,Kyrgyzstan,Central Asia,14.96,191.5,0.391,0.028,0,5.0,Low
2018,Kyrgyzstan,Central Asia,12.98,252.9,0.003,0.029,0,8.13,Low
2019,Kyrgyzstan,Central Asia,13.27,492.0,0.0,0.268,0,34.73,Low
2020,Kyrgyzstan,Central Asia,14.97,355.6,0.011,0.163,0,14.04,Low
2021,Kyrgyzstan,Central Asia,15.12,80.0,0.343,0.0,0,5.0,Low
2022,Kyrgyzstan,Central Asia,14.81,629.5,0.0,0.366,0,34.52,Low
2023,Kyrgyzstan,Central Asia,12.86,265.2,0.14,0.17,0,6.49,Low
2024,Kyrgyzstan,Central Asia,13.6,285.6,0.13,0.114,0,7.01,Low
2025,Kyrgyzstan,Central Asia,14.34,390.9,0.0,0.172,0,22.6,Low
2026,Kyrgyzstan,Central Asia,13.15,450.0,0.0,0.263,0,16.26,Low
2027,Kyrgyzstan,Central Asia,15.83,663.8,0.027,0.427,0,23.91,Low
2028,Kyrgyzstan,Central Asia,11.32,84.4,0.09,0.02,0,12.78,Low
2029,Kyrgyzstan,Central Asia,13.29,482.2,0.015,0.293,0,27.28,Low
2030,Kyrgyzstan,Central Asia,13.63,468.9,0.0,0.28,0,21.86,Low
2031,Kyrgyzstan,Central Asia,10.85,328.1,0.0,0.234,0,16.38,Low
2032,Kyrgyzstan,Central Asia,12.6,476.0,0.0,0.241,0,26.83,Low
2033,Kyrgyzstan,Central Asia,15.05,499.5,0.0,0.177,0,30.81,Low
2034,Kyrgyzstan,Central Asia,14.35,128.9,0.18,0.027,0,5.0,Low
2035,Kyrgyzstan,Central Asia,16.22,630.0,0.0,0.342,0,33.7,Low
2036,Kyrgyzstan,Central Asia,16.2,100.6,0.379,0.196,0,5.0,Moderate
2037,Kyrgyzstan,Central Asia,14.89,168.3,0.097,0.045,0,5.35,Low
2038,Kyrgyzstan,Central Asia,14.76,308.1,0.117,0.218,8,14.04,Low
2039,Kyrgyzstan,Central Asia,14.48,658.0,0.0,0.303,0,32.86,Low
2040,Kyrgyzstan,Central Asia,11.24,300.7,0.0,0.159,0,19.45,Low
2041,Kyrgyzstan,Central Asia,12.77,344.9,0.003,0.294,0,20.12,Low
2042,Kyrgyzstan,Central Asia,14.58,579.1,0.0,0.351,0,19.91,Low
2043,Kyrgyzstan,Central Asia,15.22,301.9,0.256,0.052,0,5.0,Low
2044,Kyrgyzstan,Central Asia,14.84,161.5,0.322,0.035,0,5.0,Low
2045,Kyrgyzstan,Central Asia,13.44,283.2,0.164,0.242,0,21.85,Low
2046,Kyrgyzstan,Central Asia,15.65,569.3,0.0,0.296,8,23.36,Low
2047,Kyrgyzstan,Central Asia,16.33,361.3,0.081,0.089,0,15.19,Low
2048,Kyrgyzstan,Central Asia,15.69,658.9,0.0,0.264,0,29.73,Low
2049,Kyrgyzstan,Central Asia,15.77,468.1,0.042,0.29,0,19.23,Low
2050,Kyrgyzstan,Central Asia,13.93,246.8,0.072,0.203,0,11.98,Low
1961,Tajikistan,Central Asia,14.68,240.1,0.087,0.263,0,17.02,Low
1962,Tajikistan,Central Asia,13.57,185.8,0.174,0.125,0,12.77,Low
1963,Tajikistan,Central Asia,12.07,332.6,0.0,0.216,0,17.79,Low
1964,Tajikistan,Central Asia,16.36,515.1,0.072,0.351,0,15.21,Low
1965,Tajikistan,Central Asia,13.17,118.5,0.115,0.0,0,14.31,Low
1966,Tajikistan,Central Asia,12.4,582.6,0.0,0.278,0,32.46,Low
1967,Tajikistan,Central Asia,14.8,322.5,0.134,0.355,0,9.79,Low
1968,Tajikistan,Central Asia,12.56,232.5,0.074,0.11,0,12.59,Low
1969,Tajikistan,Central Asia,15.14,94.0,0.331,0.136,0,5.0,Low
1970,Tajikistan,Central Asia,12.12,463.0,0.0,0.309,0,29.48,Low
1971,Tajikistan,Central Asia,14.9,322.6,0.052,0.043,0,6.26,Low
1972,Tajikistan,Central Asia,13.44,377.3,0.035,0.213,0,16.85,Low
1973,Tajikistan,Central Asia,14.77,205.9,0.313,0.115,0,5.51,Low
1974,Tajikistan,Central Asia,15.52,298.9,0.163,0.176,0,17.92,Low
1975,Tajikistan,Central Asia,11.89,272.1,0.034,0.076,0,13.56,Low
1976,Tajikistan,Central Asia,14.8,333.9,0.076,0.078,0,18.99,Low
1977,Tajikistan,Central Asia,11.6,242.9,0.0,0.083,0,11.97,Low
1978,Tajikistan,Central Asia,12.05,104.5,0.205,0.044,0,5.0,Low
1979,Tajikistan,Central Asia,12.36,786.6,0.0,0.488,0,39.84,Low
1980,Tajikistan,Central Asia,13.95,131.9,0.26,0.211,3,5.0,Low
1981,Tajikistan,Central Asia,13.4,379.0,0.0,0.301,0,8.83,Low
1982,Tajikistan,Central Asia,13.18,80.0,0.249,0.109,0,5.0,Low
1983,Tajikistan,Central Asia,13.57,80.0,0.293,0.0,0,5.0,Low
1984,Tajikistan,Central Asia,14.12,365.7,0.175,0.15,0,13.3,Low
1985,Tajikistan,Central Asia,14.23,377.9,0.121,0.206,0,15.54,Low
1986,Tajikistan,Central Asia,14.76,551.8,0.0,0.225,0,25.65,Low
1987,Tajikistan,Central Asia,15.65,413.9,0.0,0.253,0,15.51,Low
1988,Tajikistan,Central Asia,13.46,326.0,0.053,0.221,0,12.29,Low
1989,Tajikistan,Central Asia,12.88,198.1,0.123,0.142,0,5.6,Low
1990,Tajikistan,Central Asia,14.26,589.8,0.0,0.377,1,29.52,Low
1991,Tajikistan,Central Asia,12.17,498.6,0.0,0.177,0,27.29,Low
1992,Tajikistan,Central Asia,12.74,150.6,0.122,0.15,0,5.0,Low
1993,Tajikistan,Central Asia,14.78,356.1,0.253,0.122,0,6.58,Low
1994,Tajikistan,Central Asia,13.45,373.0,0.0,0.111,0,10.26,Low
1995,Tajikistan,Central Asia,12.16,294.7,0.031,0.19,0,29.7,Low
1996,Tajikistan,Central Asia,11.84,473.5,0.0,0.334,0,16.9,Low
1997,Tajikistan,Central Asia,13.71,483.1,0.0,0.281,0,21.04,Low
1998,Tajikistan,Central Asia,15.04,319.5,0.107,0.161,0,16.93,Low
1999,Tajikistan,Central Asia,15.04,305.1,0.017,0.177,0,17.07,Low
2000,Tajikistan,Central Asia,13.84,589.8,0.0,0.306,0,32.62,Low
2001,Tajikistan,Central Asia,16.13,499.3,0.053,0.16,0,21.25,Low
2002,Tajikistan,Central Asia,13.61,361.6,0.112,0.081,0,17.27,Low
2003,Tajikistan,Central Asia,13.59,89.3,0.095,0.038,0,5.0,Low
2004,Tajikistan,Central Asia,10.69,405.0,0.0,0.209,0,18.38,Low
2005,Tajikistan,Central Asia,13.26,461.7,0.0,0.232,0,24.56,Low
2006,Tajikistan,Central Asia,14.83,80.0,0.367,0.094,0,5.0,Low
2007,Tajikistan,Central Asia,15.7,390.3,0.072,0.178,0,17.94,Low
2008,Tajikistan,Central Asia,12.85,283.3,0.0,0.187,0,14.07,Low
2009,Tajikistan,Central Asia,14.42,314.7,0.0,0.146,0,22.14,Low
2010,Tajikistan,Central Asia,15.14,204.8,0.107,0.248,0,13.86,Low
2011,Tajikistan,Central Asia,13.91,326.3,0.101,0.17,3,23.8,Low
2012,Tajikistan,Central Asia,11.18,572.7,0.0,0.474,0,18.1,Low
2013,Tajikistan,Central Asia,14.23,278.6,0.067,0.167,0,18.01,Low
2014,Tajikistan,Central Asia,14.87,504.5,0.033,0.235,0,28.17,Low
2015,Tajikistan,Central Asia,12.84,221.0,0.0,0.039,0,5.74,Low
2016,Tajikistan,Central Asia,13.69,471.4,0.0,0.12,0,25.08,Low
2017,Tajikistan,Central Asia,12.62,350.3,0.034,0.096,0,23.13,Low
2018,Tajikistan,Central Asia,10.94,406.3,0.0,0.133,0,15.34,Low
2019,Tajikistan,Central Asia,15.28,351.1,0.097,0.207,0,18.28,Low
2020,Tajikistan,Central Asia,14.06,452.7,0.037,0.184,0,27.12,Low
2021,Tajikistan,Central Asia,16.0,80.0,0.108,0.055,0,5.0,Low
2022,Tajikistan,Central Asia,15.13,122.8,0.375,0.164,0,5.0,Moderate
2023,Tajikistan,Central Asia,13.69,416.7,0.015,0.201,0,22.34,Low
2024,Tajikistan,Central Asia,14.03,80.0,0.302,0.206,0,5.0,Moderate
2025,Tajikistan,Central Asia,14.83,265.1,0.119,0.038,0,5.6,Low
2026,Tajikistan,Central Asia,15.33,341.3,0.0,0.159,0,16.26,Low
2027,Tajikistan,Central Asia,14.58,217.5,0.216,0.066,0,11.36,Low
2028,Tajikistan,Central Asia,15.53,239.4,0.199,0.195,0,11.85,Low
2029,Tajikistan,Central Asia,13.87,393.5,0.015,0.018,0,14.21,Low
2030,Tajikistan,Central Asia,13.05,511.5,0.0,0.14,0,29.49,Low
2031,Tajikistan,Central Asia,14.18,196.6,0.23,0.09,0,5.0,Low
2032,Tajikistan,Central Asia,14.52,258.0,0.296,0.253,0,5.0,Moderate
2033,Tajikistan,Central Asia,12.85,233.0,0.089,0.135,0,7.68,Low
2034,Tajikistan,Central Asia,12.71,80.0,0.123,0.0,0,8.28,Low
2035,Tajikistan,Central Asia,14.87,372.7,0.062,0.091,0,21.33,Low
2036,Tajikistan,Central Asia,13.86,499.6,0.0,0.384,0,24.97,Low
2037,Tajikistan,Central Asia,14.17,512.7,0.024,0.207,2,22.66,Low
2038,Tajikistan,Central Asia,13.95,210.7,0.03,0.03,0,7.6,Low
2039,Tajikistan,Central Asia,16.23,149.7,0.305,0.193,0,5.0,Low
2040,Tajikistan,Central Asia,15.94,353.5,0.273,0.258,0,5.8,Moderate
2041,Tajikistan,Central Asia,12.96,482.7,0.0,0.343,0,22.05,Low
2042,Tajikistan,Central Asia,13.82,374.8,0.098,0.111,0,15.49,Low
2043,Tajikistan,Central Asia,15.5,396.3,0.131,0.076,0,9.08,Low
2044,Tajikistan,Central Asia,15.22,532.7,0.057,0.277,0,20.47,Low
2045,Tajikistan,Central Asia,14.46,231.7,0.093,0.143,0,12.19,Low
2046,Tajikistan,Central Asia,13.16,314.8,0.0,0.187,0,15.8,Low
2047,Tajikistan,Central Asia,13.73,611.5,0.0,0.424,0,28.72,Low
2048,Tajikistan,Central Asia,13.95,318.5,0.0,0.021,0,10.46,Low
2049,Tajikistan,Central Asia,14.92,147.2,0.219,0.142,0,12.44,Low
2050,Tajikistan,Central Asia,16.65,242.9,0.279,0.034,0,5.0,Low
1961,France,Europe,11.3,1025.6,0.0,0.479,0,54.06,Low
1962,France,Europe,10.43,831.5,0.0,0.405,0,43.27,Low
1963,France,Europe,11.08,809.2,0.0,0.403,0,43.02,Low
1964,France,Europe,11.6,571.5,0.0,0.258,0,24.46,Low
1965,France,Europe,9.43,800.4,0.0,0.419,0,33.99,Low
1966,France,Europe,11.08,734.7,0.0,0.459,0,36.96,Low
1967,France,Europe,12.54,783.2,0.0,0.3,0,46.13,Low
1968,France,Europe,13.24,590.5,0.0,0.334,0,39.17,Low
1969,France,Europe,10.99,720.5,0.0,0.374,0,40.8,Low
1970,France,Europe,11.21,569.3,0.0,0.297,0,28.64,Low
1971,France,Europe,13.83,356.5,0.065,0.248,0,18.15,Low
1972,France,Europe,12.56,859.7,0.0,0.434,0,43.06,Low
1973,France,Europe,10.48,459.6,0.0,0.268,0,16.83,Low
1974,France,Europe,10.49,717.1,0.0,0.416,0,36.01,Low
1975,France,Europe,12.4,753.3,0.0,0.336,0,29.66,Low
1976,France,Europe,10.06,752.3,0.0,0.4,0,36.87,Low
1977,France,Europe,12.59,654.7,0.0,0.307,0,42.55,Low
1978,France,Europe,11.71,743.4,0.0,0.361,0,42.11,Low
1979,France,Europe,11.95,775.4,0.0,0.362,0,33.23,Low
1980,France,Europe,11.03,817.6,0.0,0.446,0,40.45,Low
1981,France,Europe,10.6,977.4,0.0,0.495,0,43.86,Low
1982,France,Europe,13.13,737.5,0.0,0.4,0,36.5,Low
1983,France,Europe,11.1,710.2,0.0,0.354,0,41.76,Low
1984,France,Europe,10.92,554.9,0.0,0.149,0,31.66,Low
1985,France,Europe,11.34,769.8,0.0,0.387,0,53.39,Low
1986,France,Europe,11.68,806.8,0.0,0.408,0,47.49,Low
1987,France,Europe,10.23,669.2,0.0,0.354,0,34.69,Low
1988,France,Europe,10.81,787.1,0.0,0.346,0,43.42,Low
1989,France,Europe,10.76,653.2,0.0,0.231,0,31.45,Low
1990,France,Europe,12.54,807.4,0.0,0.454,0,33.6,Low
1991,France,Europe,10.48,846.0,0.0,0.401,0,50.14,Low
1992,France,Europe,9.45,843.8,0.0,0.436,0,48.24,Low
1993,France,Europe,9.22,718.9,0.0,0.337,0,34.5,Low
1994,France,Europe,9.83,533.6,0.0,0.266,0,28.32,Low
1995,France,Europe,13.25,602.1,0.0,0.265,0,37.55,Low
1996,France,Europe,11.65,795.2,0.0,0.32,0,44.84,Low
1997,France,Europe,12.25,1091.8,0.0,0.584,0,45.81,Moderate
1998,France,Europe,12.31,645.5,0.0,0.274,0,33.74,Low
1999,France,Europe,11.75,772.9,0.0,0.4,0,37.64,Low
2000,France,Europe,11.61,611.0,0.0,0.338,0,37.23,Low
2001,France,Europe,12.97,544.2,0.0,0.225,0,33.39,Low
2002,France,Europe,11.91,591.8,0.0,0.2,0,37.5,Low
2003,France,Europe,13.43,366.8,0.0,0.377,0,11.63,Low
2004,France,Europe,12.52,916.5,0.0,0.416,0,41.12,Low
2005,France,Europe,11.05,343.2,0.0,0.221,0,23.84,Low
2006,France,Europe,11.21,657.8,0.0,0.484,0,29.34,Low
2007,France,Europe,10.96,511.5,0.0,0.319,0,16.45,Low
2008,France,Europe,13.31,558.5,0.0,0.255,0,31.12,Low
2009,France,Europe,11.38,920.2,0.0,0.455,0,42.73,Low
2010,France,Europe,10.92,732.2,0.0,0.299,0,47.35,Low
2011,France,Europe,12.28,545.5,0.0,0.343,0,29.05,Low
2012,France,Europe,11.8,605.7,0.0,0.348,0,31.25,Low
2013,France,Europe,12.29,577.5,0.0,0.248,0,26.66,Low
2014,France,Europe,14.22,693.0,0.0,0.263,2,44.2,Low
2015,France,Europe,13.07,727.7,0.0,0.258,0,38.53,Low
2016,France,Europe,12.02,1003.3,0.0,0.581,0,47.71,Moderate
2017,France,Europe,10.32,393.4,0.0,0.206,0,14.91,Low
2018,France,Europe,11.43,694.4,0.0,0.364,0,34.28,Low
2019,France,Europe,12.9,649.5,0.0,0.259,0,26.61,Low
2020,France,Europe,10.66,851.4,0.0,0.309,0,48.75,Low
2021,France,Europe,14.65,756.8,0.0,0.455,0,26.99,Low
2022,France,Europe,12.12,794.5,0.0,0.401,0,38.89,Low
2023,France,Europe,12.17,755.2,0.0,0.45,0,41.42,Low
2024,France,Europe,11.33,550.9,0.0,0.245,0,29.6,Low
2025,France,Europe,12.75,893.8,0.0,0.428,0,40.39,Low
2026,France,Europe,10.78,827.8,0.0,0.471,0,45.35,Low
2027,France,Europe,14.79,846.5,0.0,0.482,0,37.01,Low
2028,France,Europe,13.79,902.2,0.0,0.515,0,44.98,Moderate
2029,France,Europe,13.41,766.8,0.0,0.36,0,42.25,Low
2030,France,Europe,10.57,937.0,0.0,0.518,0,49.63,Moderate
2031,France,Europe,12.51,760.4,0.0,0.469,0,33.97,Low
2032,France,Europe,13.73,665.0,0.0,0.324,0,40.43,Low
2033,France,Europe,13.01,698.9,0.0,0.308,0,35.47,Low
2034,France,Europe,11.11,696.2,0.0,0.456,0,39.27,Low
2035,France,Europe,11.55,616.9,0.0,0.256,0,40.02,Low
2036,France,Europe,11.81,961.1,0.0,0.531,0,54.76,Moderate
2037,France,Europe,11.64,747.4,0.0,0.369,0,44.09,Low
2038,France,Europe,14.22,715.2,0.0,0.21,0,36.91,Low
2039,France,Europe,10.1,762.1,0.0,0.471,0,42.87,Low
2040,France,Europe,13.21,1176.8,0.0,0.368,0,60.12,Low
2041,France,Europe,10.89,518.9,0.0,0.101,0,18.69,Low
2042,France,Europe,11.3,564.8,0.0,0.325,0,30.06,Low
2043,France,Europe,10.06,479.1,0.0,0.282,0,25.49,Low
2044,France,Europe,11.84,662.8,0.0,0.28,0,36.64,Low
2045,France,Europe,14.32,739.3,0.0,0.381,1,36.2,Low
2046,France,Europe,12.85,625.5,0.0,0.11,0,26.71,Low
2047,France,Europe,11.11,613.6,0.0,0.363,0,34.62,Low
2048,France,Europe,13.79,722.8,0.0,0.381,0,28.26,Low
2049,France,Europe,14.06,619.7,0.0,0.306,0,39.74,Low
2050,France,Europe,12.73,749.6,0.0,0.376,0,36.09,Low
1961,Germany,Europe,11.29,630.7,0.0,0.318,0,22.26,Low
1962,Germany,Europe,11.69,848.9,0.0,0.34,0,28.89,Low
1963,Germany,Europe,11.74,740.9,0.0,0.331,0,38.22,Low
1964,Germany,Europe,9.36,837.2,0.0,0.553,0,49.73,Moderate
1965,Germany,Europe,12.06,377.4,0.0,0.098,0,20.93,Low
1966,Germany,Europe,11.45,750.5,0.0,0.422,0,41.27,Low
1967,Germany,Europe,10.35,804.6,0.0,0.434,0,49.73,Low
1968,Germany,Europe,10.23,483.9,0.0,0.24,0,26.17,Low
1969,Germany,Europe,10.74,837.9,0.0,0.461,0,41.16,Low
1970,Germany,Europe,9.6,682.2,0.0,0.248,0,29.2,Low
1971,Germany,Europe,13.25,1191.4,0.0,0.728,0,71.7,Moderate
1972,Germany,Europe,12.98,351.6,0.013,0.33,0,20.48,Low
1973,Germany,Europe,11.76,919.1,0.0,0.463,0,40.29,Low
1974,Germany,Europe,10.97,636.9,0.0,0.512,0,24.82,Moderate
1975,Germany,Europe,11.02,441.3,0.0,0.189,0,29.58,Low
1976,Germany,Europe,12.18,615.7,0.0,0.34,0,24.56,Low
1977,Germany,Europe,13.4,744.4,0.0,0.487,0,48.34,Low
1978,Germany,Europe,10.62,866.0,0.0,0.396,0,26.76,Low
1979,Germany,Europe,9.98,975.5,0.0,0.377,0,57.31,Low
1980,Germany,Europe,13.2,927.5,0.0,0.335,0,49.3,Low
1981,Germany,Europe,9.22,545.5,0.0,0.438,0,27.99,Low
1982,Germany,Europe,10.17,880.8,0.0,0.398,0,42.99,Low
1983,Germany,Europe,11.1,762.6,0.0,0.366,0,49.47,Low
1984,Germany,Europe,9.54,595.3,0.0,0.209,0,34.01,Low
1985,Germany,Europe,12.77,666.1,0.0,0.409,0,27.89,Low
1986,Germany,Europe,12.48,586.4,0.0,0.231,0,19.01,Low
1987,Germany,Europe,10.78,705.9,0.0,0.314,0,36.36,Low
1988,Germany,Europe,13.02,583.3,0.0,0.316,0,29.16,Low
1989,Germany,Europe,13.24,535.5,0.0,0.183,0,17.66,Low
1990,Germany,Europe,11.39,776.7,0.0,0.374,0,38.5,Low
1991,Germany,Europe,11.0,800.6,0.0,0.512,0,36.59,Moderate
1992,Germany,Europe,14.27,670.0,0.0,0.369,0,33.55,Low
1993,Germany,Europe,12.44,918.8,0.0,0.47,0,50.3,Low
1994,Germany,Europe,11.9,658.3,0.0,0.346,0,41.87,Low
1995,Germany,Europe,13.25,651.6,0.0,0.295,0,38.03,Low
1996,Germany,Europe,11.99,805.7,0.0,0.563,0,35.96,Moderate
1997,Germany,Europe,11.04,678.8,0.0,0.274,0,36.15,Low
1998,Germany,Europe,11.76,713.6,0.0,0.374,0,36.06,Low
1999,Germany,Europe,12.93,296.7,0.052,0.158,0,5.81,Low
2000,Germany,Europe,9.31,702.7,0.0,0.432,0,37.52,Low
2001,Germany,Europe,11.37,407.6,0.0,0.292,0,31.52,Low
2002,Germany,Europe,13.4,504.6,0.0,0.25,0,25.43,Low
2003,Germany,Europe,11.14,486.3,0.0,0.266,0,14.75,Low
2004,Germany,Europe,13.63,533.2,0.0,0.293,0,26.84,Low
2005,Germany,Europe,13.49,612.2,0.0,0.124,0,23.33,Low
2006,Germany,Europe,11.73,622.2,0.0,0.184,0,36.29,Low
2007,Germany,Europe,11.15,806.3,0.0,0.355,0,43.46,Low
2008,Germany,Europe,11.5,735.6,0.0,0.323,0,35.75,Low
2009,Germany,Europe,15.06,395.8,0.093,0.102,0,15.95,Low
2010,Germany,Europe,14.13,713.3,0.0,0.417,0,34.39,Low
2011,Germany,Europe,12.05,750.9,0.0,0.376,0,37.6,Low
2012,Germany,Europe,11.19,647.4,0.0,0.307,0,27.74,Low
2013,Germany,Europe,12.08,690.3,0.0,0.245,0,26.19,Low
2014,Germany,Europe,12.25,730.4,0.0,0.362,0,43.35,Low
2015,Germany,Europe,10.48,822.3,0.0,0.201,0,38.8,Low
2016,Germany,Europe,12.09,448.0,0.0,0.211,0,23.4,Low
2017,Germany,Europe,13.59,660.9,0.0,0.336,0,34.76,Low
2018,Germany,Europe,9.87,941.3,0.0,0.49,0,49.0,Low
2019,Germany,Europe,13.04,926.7,0.0,0.338,0,39.29,Low
2020,Germany,Europe,13.71,836.1,0.0,0.436,0,31.75,Low
2021,Germany,Europe,11.41,785.9,0.0,0.31,0,35.76,Low
2022,Germany,Europe,14.13,964.7,0.0,0.417,0,50.61,Low
2023,Germany,Europe,11.29,1006.9,0.0,0.561,0,45.98,Moderate
2024,Germany,Europe,12.66,679.3,0.0,0.501,0,31.84,Moderate
2025,Germany,Europe,11.78,544.9,0.0,0.277,0,40.01,Low
2026,Germany,Europe,11.8,656.8,0.0,0.263,0,21.77,Low
2027,Germany,Europe,11.45,1195.5,0.0,0.613,0,55.24,Moderate
2028,Germany,Europe,13.04,448.9,0.012,0.3,0,33.59,Low
2029,Germany,Europe,13.24,624.7,0.0,0.362,0,30.97,Low
2030,Germany,Europe,12.16,474.0,0.0,0.456,0,19.46,Low
2031,Germany,Europe,10.63,720.0,0.0,0.303,0,43.01,Low
2032,Germany,Europe,12.76,507.6,0.0,0.274,0,25.71,Low
2033,Germany,Europe,12.8,682.6,0.0,0.465,0,32.04,Low
2034,Germany,Europe,12.05,388.0,0.008,0.313,0,20.39,Low
2035,Germany,Europe,14.57,798.8,0.0,0.243,0,35.99,Low
2036,Germany,Europe,10.47,895.6,0.0,0.448,0,38.67,Low
2037,Germany,Europe,9.71,638.6,0.0,0.438,0,31.25,Low
2038,Germany,Europe,11.51,678.4,0.0,0.57,0,27.85,Moderate
2039,Germany,Europe,13.26,673.9,0.0,0.393,0,33.76,Low
2040,Germany,Europe,11.15,728.9,0.0,0.335,0,38.57,Low
2041,Germany,Europe,11.26,693.9,0.0,0.266,0,39.81,Low
2042,Germany,Europe,13.6,822.9,0.0,0.589,0,47.91,Moderate
2043,Germany,Europe,13.03,897.3,0.0,0.507,0,42.43,Moderate
2044,Germany,Europe,12.95,569.7,0.0,0.217,0,31.48,Low
2045,Germany,Europe,13.45,650.5,0.0,0.309,0,35.48,Low
2046,Germany,Europe,12.02,844.3,0.0,0.447,0,44.18,Low
2047,Germany,Europe,12.09,472.5,0.0,0.28,0,20.75,Low
2048,Germany,Europe,13.54,384.7,0.013,0.12,0,12.8,Low
2049,Germany,Europe,10.97,736.2,0.0,0.319,0,39.82,Low
2050,Germany,Europe,10.03,779.4,0.0,0.257,0,28.73,Low
1961,Ukraine,Europe,10.68,421.3,0.0,0.285,0,19.84,Low
1962,Ukraine,Europe,7.95,563.3,0.0,0.228,0,41.61,Low
1963,Ukraine,Europe,9.43,663.0,0.0,0.293,0,22.16,Low
1964,Ukraine,Europe,10.0,696.4,0.0,0.295,0,29.41,Low
1965,Ukraine,Europe,12.39,592.8,0.0,0.27,0,28.82,Low
1966,Ukraine,Europe,11.92,845.9,0.0,0.537,0,41.11,Moderate
1967,Ukraine,Europe,10.44,1016.8,0.0,0.554,0,47.54,Moderate
1968,Ukraine,Europe,12.0,729.8,0.0,0.274,0,36.0,Low
1969,Ukraine,Europe,12.21,713.5,0.0,0.309,0,28.12,Low
1970,Ukraine,Europe,10.97,835.9,0.0,0.448,0,43.94,Low
1971,Ukraine,Europe,9.52,401.5,0.0,0.128,0,6.14,Low
1972,Ukraine,Europe,10.95,704.6,0.0,0.294,0,35.07,Low
1973,Ukraine,Europe,11.1,856.6,0.0,0.536,0,39.23,Moderate
1974,Ukraine,Europe,9.76,597.1,0.0,0.249,0,35.95,Low
1975,Ukraine,Europe,11.69,503.8,0.0,0.328,0,35.72,Low
1976,Ukraine,Europe,11.61,670.3,0.0,0.436,0,31.53,Low
1977,Ukraine,Europe,11.82,690.3,0.0,0.286,0,42.86,Low
1978,Ukraine,Europe,11.64,554.6,0.0,0.206,0,25.83,Low
1979,Ukraine,Europe,12.2,1035.4,0.0,0.496,0,45.97,Low
1980,Ukraine,Europe,11.13,623.4,0.0,0.225,0,41.65,Low
1981,Ukraine,Europe,11.6,515.4,0.0,0.267,0,28.9,Low
1982,Ukraine,Europe,10.9,685.0,0.0,0.326,0,34.28,Low
1983,Ukraine,Europe,10.69,845.3,0.0,0.451,0,46.39,Low
1984,Ukraine,Europe,13.02,702.8,0.0,0.463,0,36.78,Low
1985,Ukraine,Europe,8.98,777.7,0.0,0.454,0,38.47,Low
1986,Ukraine,Europe,12.5,560.6,0.0,0.319,0,20.07,Low
1987,Ukraine,Europe,10.72,938.0,0.0,0.312,0,45.28,Low
1988,Ukraine,Europe,10.59,789.9,0.0,0.43,0,43.23,Low
1989,Ukraine,Europe,11.82,867.6,0.0,0.572,0,42.64,Moderate
1990,Ukraine,Europe,9.73,758.4,0.0,0.138,0,43.34,Low
1991,Ukraine,Europe,10.56,832.0,0.0,0.471,0,43.9,Low
1992,Ukraine,Europe,10.54,560.3,0.0,0.267,0,22.75,Low
1993,Ukraine,Europe,11.31,621.4,0.0,0.243,0,23.15,Low
1994,Ukraine,Europe,10.63,915.4,0.0,0.522,0,44.83,Moderate
1995,Ukraine,Europe,13.53,949.6,0.0,0.612,0,44.33,Moderate
1996,Ukraine,Europe,13.79,516.5,0.0,0.32,0,27.84,Low
1997,Ukraine,Europe,9.22,740.0,0.0,0.34,0,32.69,Low
1998,Ukraine,Europe,12.32,631.0,0.0,0.24,0,27.86,Low
1999,Ukraine,Europe,12.71,588.5,0.0,0.306,0,35.74,Low
2000,Ukraine,Europe,12.35,745.6,0.0,0.443,0,38.17,Low
2001,Ukraine,Europe,10.93,882.6,0.0,0.41,0,39.91,Low
2002,Ukraine,Europe,11.45,772.3,0.0,0.363,0,38.72,Low
2003,Ukraine,Europe,10.86,648.9,0.0,0.55,0,40.72,Moderate
2004,Ukraine,Europe,11.27,782.4,0.0,0.477,0,40.88,Low
2005,Ukraine,Europe,10.34,642.4,0.0,0.413,0,35.68,Low
2006,Ukraine,Europe,11.67,765.9,0.0,0.266,0,33.78,Low
2007,Ukraine,Europe,10.02,923.4,0.0,0.405,0,52.33,Low
2008,Ukraine,Europe,11.61,367.7,0.0,0.19,0,32.29,Low
2009,Ukraine,Europe,10.37,827.6,0.0,0.334,0,36.63,Low
2010,Ukraine,Europe,12.13,453.8,0.0,0.355,0,15.6,Low
2011,Ukraine,Europe,11.08,896.5,0.0,0.561,0,45.88,Moderate
2012,Ukraine,Europe,12.27,598.1,0.0,0.256,0,35.16,Low
2013,Ukraine,Europe,13.23,505.2,0.01,0.395,0,24.52,Low
2014,Ukraine,Europe,13.86,811.2,0.0,0.405,0,34.24,Low
2015,Ukraine,Europe,8.94,758.3,0.0,0.586,0,37.26,Moderate
2016,Ukraine,Europe,10.99,540.1,0.0,0.282,0,30.6,Low
2017,Ukraine,Europe,11.64,499.5,0.0,0.296,0,22.53,Low
2018,Ukraine,Europe,12.58,670.0,0.0,0.447,0,37.14,Low
2019,Ukraine,Europe,10.06,507.3,0.0,0.356,0,32.36,Low
2020,Ukraine,Europe,10.88,530.2,0.0,0.306,0,27.95,Low
2021,Ukraine,Europe,12.24,718.5,0.0,0.348,0,35.76,Low
2022,Ukraine,Europe,12.2,545.5,0.0,0.314,0,32.25,Low
2023,Ukraine,Europe,12.57,768.2,0.0,0.319,0,33.28,Low
2024,Ukraine,Europe,12.67,938.4,0.0,0.481,0,41.19,Low
2025,Ukraine,Europe,12.56,676.2,0.0,0.249,0,32.21,Low
2026,Ukraine,Europe,12.4,720.8,0.0,0.218,0,33.09,Low
2027,Ukraine,Europe,12.25,1022.9,0.0,0.515,0,46.32,Moderate
2028,Ukraine,Europe,13.0,510.0,0.0,0.356,0,36.48,Low
2029,Ukraine,Europe,9.54,890.6,0.0,0.519,0,57.56,Moderate
2030,Ukraine,Europe,14.1,871.3,0.0,0.429,0,41.44,Low
2031,Ukraine,Europe,9.61,836.7,0.0,0.558,0,42.38,Moderate
2032,Ukraine,Europe,10.98,906.7,0.0,0.408,0,44.21,Low
2033,Ukraine,Europe,12.02,744.9,0.0,0.219,0,43.89,Low
2034,Ukraine,Europe,13.12,606.7,0.0,0.129,0,38.17,Low
2035,Ukraine,Europe,8.74,875.1,0.0,0.343,0,33.09,Low
2036,Ukraine,Europe,12.32,881.3,0.0,0.506,0,46.92,Moderate
2037,Ukraine,Europe,13.32,876.9,0.0,0.388,0,36.0,Low
2038,Ukraine,Europe,13.58,707.1,0.0,0.39,0,45.91,Low
2039,Ukraine,Europe,11.57,585.4,0.0,0.424,0,31.91,Low
2040,Ukraine,Europe,12.06,730.6,0.0,0.277,0,31.59,Low
2041,Ukraine,Europe,11.7,850.8,0.0,0.464,0,41.09,Low
2042,Ukraine,Europe,11.99,863.9,0.0,0.475,0,41.46,Low
2043,Ukraine,Europe,11.24,631.3,0.0,0.247,0,34.71,Low
2044,Ukraine,Europe,11.43,750.5,0.0,0.484,0,43.77,Low
2045,Ukraine,Europe,13.03,490.6,0.0,0.222,0,17.64,Low
2046,Ukraine,Europe,12.69,857.6,0.0,0.398,0,53.91,Low
2047,Ukraine,Europe,13.14,574.7,0.0,0.456,0,38.37,Low
2048,Ukraine,Europe,12.82,825.6,0.0,0.455,0,36.03,Low
2049,Ukraine,Europe,13.43,516.1,0.0,0.332,0,26.24,Low
2050,Ukraine,Europe,13.66,865.0,0.0,0.541,0,53.52,Moderate
1961,Russia,Europe,12.48,600.9,0.0,0.298,0,32.68,Low
1962,Russia,Europe,10.61,820.4,0.0,0.359,0,42.19,Low
1963,Russia,Europe,12.01,577.2,0.0,0.297,0,24.1,Low
1964,Russia,Europe,14.65,931.3,0.0,0.449,0,44.09,Low
1965,Russia,Europe,11.2,648.2,0.0,0.228,0,44.18,Low
1966,Russia,Europe,10.33,780.3,0.0,0.349,0,55.05,Low
1967,Russia,Europe,11.31,1035.9,0.0,0.553,0,61.17,Moderate
1968,Russia,Europe,11.42,587.0,0.0,0.297,0,32.22,Low
1969,Russia,Europe,10.51,711.0,0.0,0.349,0,33.52,Low
1970,Russia,Europe,11.69,868.7,0.0,0.589,0,38.64,Moderate
1971,Russia,Europe,9.67,852.2,0.0,0.485,0,38.22,Low
1972,Russia,Europe,10.4,647.5,0.0,0.392,0,29.06,Low
1973,Russia,Europe,12.13,617.3,0.0,0.295,0,43.77,Low
1974,Russia,Europe,9.13,662.7,0.0,0.349,0,43.97,Low
1975,Russia,Europe,12.34,931.7,0.0,0.431,0,51.06,Low
1976,Russia,Europe,8.86,655.3,0.0,0.39,0,27.0,Low
1977,Russia,Europe,9.21,712.5,0.0,0.347,0,40.98,Low
1978,Russia,Europe,10.71,631.7,0.0,0.334,0,30.15,Low
1979,Russia,Europe,11.67,812.9,0.0,0.419,0,27.73,Low
1980,Russia,Europe,12.93,724.9,0.0,0.361,0,37.97,Low
1981,Russia,Europe,11.43,539.5,0.0,0.505,0,21.92,Moderate
1982,Russia,Europe,11.08,545.0,0.0,0.219,0,22.4,Low
1983,Russia,Europe,12.09,380.2,0.0,0.136,0,17.51,Low
1984,Russia,Europe,10.37,567.0,0.0,0.339,0,25.36,Low
1985,Russia,Europe,11.6,827.0,0.0,0.366,0,41.15,Low
1986,Russia,Europe,10.01,911.8,0.0,0.433,0,45.1,Low
1987,Russia,Europe,11.57,809.7,0.0,0.318,0,29.23,Low
1988,Russia,Europe,11.33,788.7,0.0,0.434,0,48.56,Low
1989,Russia,Europe,10.54,679.8,0.0,0.38,0,28.09,Low
1990,Russia,Europe,11.72,824.0,0.0,0.387,0,35.48,Low
1991,Russia,Europe,11.73,745.8,0.0,0.43,0,35.32,Low
1992,Russia,Europe,12.97,988.7,0.0,0.346,0,48.79,Low
1993,Russia,Europe,9.65,684.2,0.0,0.286,0,42.97,Low
1994,Russia,Europe,11.5,914.9,0.0,0.444,0,47.36,Low
1995,Russia,Europe,10.7,839.9,0.0,0.326,0,45.39,Low
1996,Russia,Europe,12.67,817.7,0.0,0.269,0,42.53,Low
1997,Russia,Europe,12.55,378.2,0.0,0.164,0,20.3,Low
1998,Russia,Europe,12.28,848.7,0.0,0.48,0,44.29,Low
1999,Russia,Europe,10.84,679.6,0.0,0.442,0,22.38,Low
2000,Russia,Europe,12.76,629.0,0.0,0.271,0,29.95,Low
2001,Russia,Europe,9.88,462.7,0.0,0.29,0,30.11,Low
2002,Russia,Europe,9.66,699.1,0.0,0.4,0,58.61,Low
2003,Russia,Europe,10.22,705.4,0.0,0.45,0,28.04,Low
2004,Russia,Europe,11.73,491.5,0.0,0.218,0,27.11,Low
2005,Russia,Europe,12.6,464.3,0.005,0.088,0,19.68,Low
2006,Russia,Europe,8.24,777.9,0.0,0.395,0,51.18,Low
2007,Russia,Europe,13.42,839.5,0.0,0.339,0,33.85,Low
2008,Russia,Europe,12.0,730.4,0.0,0.307,0,40.27,Low
2009,Russia,Europe,9.98,884.1,0.0,0.418,0,35.76,Low
2010,Russia,Europe,12.0,686.2,0.0,0.316,0,32.4,Low
2011,Russia,Europe,13.21,691.3,0.0,0.357,0,34.36,Low
2012,Russia,Europe,12.64,553.3,0.0,0.333,0,34.08,Low
2013,Russia,Europe,13.25,450.4,0.0,0.196,0,16.06,Low
2014,Russia,Europe,10.31,996.7,0.0,0.53,0,53.82,Moderate
2015,Russia,Europe,11.48,881.0,0.0,0.442,0,44.16,Low
2016,Russia,Europe,10.88,477.2,0.0,0.313,0,25.5,Low
2017,Russia,Europe,14.07,724.9,0.0,0.347,0,42.0,Low
2018,Russia,Europe,12.79,684.0,0.0,0.336,0,26.5,Low
2019,Russia,Europe,15.46,656.2,0.0,0.298,0,37.67,Low
2020,Russia,Europe,11.5,634.6,0.0,0.304,0,28.31,Low
2021,Russia,Europe,11.21,761.0,0.0,0.318,0,44.63,Low
2022,Russia,Europe,11.93,830.9,0.0,0.345,0,43.55,Low
2023,Russia,Europe,13.77,764.4,0.0,0.444,0,36.96,Low
2024,Russia,Europe,11.69,680.7,0.0,0.254,0,30.5,Low
2025,Russia,Europe,12.3,674.8,0.0,0.312,0,38.68,Low
2026,Russia,Europe,12.29,849.9,0.0,0.506,0,50.06,Moderate
2027,Russia,Europe,12.24,774.2,0.0,0.359,0,35.51,Low
2028,Russia,Europe,11.42,711.6,0.0,0.422,0,28.78,Low
2029,Russia,Europe,12.06,694.3,0.0,0.3,0,38.88,Low
2030,Russia,Europe,12.03,755.2,0.0,0.294,0,29.07,Low
2031,Russia,Europe,12.25,625.1,0.0,0.185,0,23.42,Low
2032,Russia,Europe,13.41,831.4,0.0,0.521,0,35.2,Moderate
2033,Russia,Europe,14.41,527.9,0.0,0.173,0,23.9,Low
2034,Russia,Europe,11.31,634.2,0.0,0.377,0,23.69,Low
2035,Russia,Europe,11.86,797.8,0.0,0.319,0,28.26,Low
2036,Russia,Europe,11.36,518.7,0.0,0.365,0,19.12,Low
2037,Russia,Europe,12.59,448.3,0.0,0.401,0,26.27,Low
2038,Russia,Europe,11.74,710.1,0.0,0.22,0,27.88,Low
2039,Russia,Europe,12.69,428.6,0.0,0.128,0,19.39,Low
2040,Russia,Europe,13.75,492.2,0.0,0.308,0,36.29,Low
2041,Russia,Europe,9.41,821.1,0.0,0.452,0,40.76,Low
2042,Russia,Europe,13.05,667.2,0.0,0.396,0,35.42,Low
2043,Russia,Europe,11.92,905.7,0.0,0.407,0,39.61,Low
2044,Russia,Europe,13.05,507.2,0.0,0.413,0,38.34,Low
2045,Russia,Europe,11.44,685.0,0.0,0.352,0,31.0,Low
2046,Russia,Europe,13.97,763.9,0.0,0.285,0,36.83,Low
2047,Russia,Europe,13.64,512.7,0.0,0.236,0,33.54,Low
2048,Russia,Europe,13.25,865.1,0.0,0.336,0,42.16,Low
2049,Russia,Europe,13.54,781.7,0.0,0.518,0,39.37,Moderate
2050,Russia,Europe,11.71,442.5,0.0,0.168,0,20.44,Low
1961,Poland,Europe,10.67,910.6,0.0,0.429,0,44.75,Low
1962,Poland,Europe,11.46,971.3,0.0,0.498,0,47.08,Low
1963,Poland,Europe,11.7,765.6,0.0,0.29,0,31.08,Low
1964,Poland,Europe,10.28,533.9,0.0,0.328,0,14.21,Low
1965,Poland,Europe,10.15,647.5,0.0,0.244,0,37.28,Low
1966,Poland,Europe,10.36,692.4,0.0,0.298,0,36.08,Low
1967,Poland,Europe,9.43,743.3,0.0,0.424,0,42.58,Low
1968,Poland,Europe,9.22,703.5,0.0,0.448,0,32.55,Low
1969,Poland,Europe,11.5,745.0,0.0,0.499,0,32.97,Low
1970,Poland,Europe,12.29,685.5,0.0,0.427,0,34.31,Low
1971,Poland,Europe,12.23,742.4,0.0,0.345,0,42.25,Low
1972,Poland,Europe,8.34,626.3,0.0,0.19,0,29.93,Low
1973,Poland,Europe,10.92,645.9,0.0,0.435,0,37.11,Low
1974,Poland,Europe,9.91,607.8,0.0,0.414,0,24.35,Low
1975,Poland,Europe,11.42,1006.8,0.0,0.45,0,49.37,Low
1976,Poland,Europe,10.77,934.2,0.0,0.541,0,46.29,Moderate
1977,Poland,Europe,12.0,788.8,0.0,0.368,0,46.8,Low
1978,Poland,Europe,11.28,912.0,0.0,0.576,0,46.85,Moderate
1979,Poland,Europe,9.05,827.8,0.0,0.373,0,51.86,Low
1980,Poland,Europe,10.18,729.0,0.0,0.523,0,28.36,Moderate
1981,Poland,Europe,11.37,459.1,0.0,0.292,0,23.73,Low
1982,Poland,Europe,11.49,658.1,0.0,0.473,0,33.98,Low
1983,Poland,Europe,9.71,646.4,0.0,0.286,0,36.04,Low
1984,Poland,Europe,9.57,518.7,0.0,0.292,0,21.06,Low
1985,Poland,Europe,11.5,462.2,0.0,0.154,0,33.22,Low
1986,Poland,Europe,9.77,778.8,0.0,0.457,0,39.02,Low
1987,Poland,Europe,9.47,751.9,0.0,0.448,0,31.07,Low
1988,Poland,Europe,10.95,513.2,0.0,0.448,0,25.56,Low
1989,Poland,Europe,10.92,580.7,0.0,0.329,0,27.15,Low
1990,Poland,Europe,10.47,885.8,0.0,0.501,0,60.99,Moderate
1991,Poland,Europe,10.7,559.6,0.0,0.242,0,34.28,Low
1992,Poland,Europe,11.57,727.3,0.0,0.407,0,36.66,Low
1993,Poland,Europe,10.71,669.6,0.0,0.304,0,32.81,Low
1994,Poland,Europe,11.68,781.0,0.0,0.4,0,44.76,Low
1995,Poland,Europe,11.16,563.0,0.0,0.295,0,34.14,Low
1996,Poland,Europe,11.83,714.4,0.0,0.329,0,18.25,Low
1997,Poland,Europe,12.7,727.0,0.0,0.369,0,40.21,Low
1998,Poland,Europe,12.67,736.8,0.0,0.338,0,37.01,Low
1999,Poland,Europe,13.23,712.7,0.0,0.326,0,27.77,Low
2000,Poland,Europe,12.71,755.1,0.0,0.464,0,43.04,Low
2001,Poland,Europe,12.01,1050.7,0.0,0.539,0,66.01,Moderate
2002,Poland,Europe,11.22,1109.8,0.0,0.583,0,58.83,Moderate
2003,Poland,Europe,11.29,597.7,0.0,0.182,0,36.49,Low
2004,Poland,Europe,10.72,329.1,0.0,0.198,0,27.28,Low
2005,Poland,Europe,11.8,795.3,0.0,0.44,0,34.78,Low
2006,Poland,Europe,12.65,729.8,0.0,0.333,0,25.34,Low
2007,Poland,Europe,10.96,869.8,0.0,0.602,0,47.43,Moderate
2008,Poland,Europe,11.8,745.6,0.0,0.19,0,35.79,Low
2009,Poland,Europe,11.05,709.4,0.0,0.417,0,27.22,Low
2010,Poland,Europe,12.13,880.6,0.0,0.497,0,43.56,Low
2011,Poland,Europe,11.24,903.0,0.0,0.495,0,49.52,Low
2012,Poland,Europe,11.03,478.2,0.0,0.253,0,23.01,Low
2013,Poland,Europe,11.12,569.3,0.0,0.329,0,23.75,Low
2014,Poland,Europe,12.56,683.1,0.0,0.411,0,32.81,Low
2015,Poland,Europe,11.86,715.8,0.0,0.3,0,35.67,Low
2016,Poland,Europe,11.48,663.8,0.0,0.356,0,21.62,Low
2017,Poland,Europe,12.32,769.5,0.0,0.37,0,37.62,Low
2018,Poland,Europe,11.53,859.4,0.0,0.342,0,34.9,Low
2019,Poland,Europe,13.4,975.6,0.0,0.545,0,52.74,Moderate
2020,Poland,Europe,10.89,792.6,0.0,0.351,0,30.27,Low
2021,Poland,Europe,11.86,563.6,0.0,0.162,0,34.26,Low
2022,Poland,Europe,10.41,676.4,0.0,0.295,0,31.37,Low
2023,Poland,Europe,11.7,687.9,0.0,0.28,0,31.14,Low
2024,Poland,Europe,10.12,782.3,0.0,0.473,0,40.88,Low
2025,Poland,Europe,13.05,762.1,0.0,0.393,0,32.91,Low
2026,Poland,Europe,13.09,1028.1,0.0,0.625,0,53.08,Moderate
2027,Poland,Europe,13.13,626.2,0.0,0.26,0,26.92,Low
2028,Poland,Europe,12.24,761.6,0.0,0.451,0,34.74,Low
2029,Poland,Europe,11.17,1076.8,0.0,0.766,0,56.27,Moderate
2030,Poland,Europe,11.28,606.4,0.0,0.332,0,23.49,Low
2031,Poland,Europe,14.1,723.2,0.0,0.431,0,28.58,Low
2032,Poland,Europe,14.0,548.8,0.0,0.33,0,28.93,Low
2033,Poland,Europe,12.44,713.1,0.0,0.243,0,35.5,Low
2034,Poland,Europe,11.7,575.2,0.0,0.334,0,29.77,Low
2035,Poland,Europe,13.97,867.5,0.0,0.458,0,45.34,Low
2036,Poland,Europe,11.52,723.6,0.0,0.341,0,36.52,Low
2037,Poland,Europe,12.64,550.3,0.0,0.204,0,31.17,Low
2038,Poland,Europe,14.01,834.5,0.0,0.473,0,42.31,Low
2039,Poland,Europe,11.4,728.7,0.0,0.287,0,24.39,Low
2040,Poland,Europe,13.42,852.5,0.0,0.597,0,32.14,Moderate
2041,Poland,Europe,13.06,516.4,0.0,0.267,0,37.39,Low
2042,Poland,Europe,12.41,759.0,0.0,0.282,0,37.95,Low
2043,Poland,Europe,11.28,823.7,0.0,0.371,0,46.89,Low
2044,Poland,Europe,11.62,632.3,0.0,0.294,0,29.54,Low
2045,Poland,Europe,12.86,498.6,0.0,0.442,0,24.58,Low
2046,Poland,Europe,10.82,693.3,0.0,0.276,0,31.95,Low
2047,Poland,Europe,12.7,896.5,0.0,0.439,0,59.62,Low
2048,Poland,Europe,13.22,880.1,0.0,0.397,0,45.53,Low
2049,Poland,Europe,13.77,631.5,0.0,0.356,0,28.36,Low
2050,Poland,Europe,10.92,494.7,0.0,0.206,0,14.83,Low
1961,Italy,Europe,13.37,630.9,0.0,0.259,0,35.91,Low
1962,Italy,Europe,10.82,433.9,0.0,0.374,0,8.46,Low
1963,Italy,Europe,11.93,939.4,0.0,0.418,0,42.57,Low
1964,Italy,Europe,12.08,653.0,0.0,0.193,0,28.3,Low
1965,Italy,Europe,10.52,531.2,0.0,0.334,0,33.68,Low
1966,Italy,Europe,11.9,633.7,0.0,0.308,0,25.0,Low
1967,Italy,Europe,10.38,572.6,0.0,0.262,0,29.99,Low
1968,Italy,Europe,9.94,589.0,0.0,0.251,0,28.68,Low
1969,Italy,Europe,12.54,664.5,0.0,0.482,0,39.49,Low
1970,Italy,Europe,10.97,976.9,0.0,0.517,0,52.42,Moderate
1971,Italy,Europe,11.8,593.4,0.0,0.341,0,30.4,Low
1972,Italy,Europe,11.69,965.5,0.0,0.496,0,44.95,Low
1973,Italy,Europe,11.98,835.8,0.0,0.44,0,30.68,Low
1974,Italy,Europe,9.37,763.4,0.0,0.494,0,39.65,Low
1975,Italy,Europe,10.55,819.7,0.0,0.39,0,44.17,Low
1976,Italy,Europe,10.88,702.2,0.0,0.235,0,25.66,Low
1977,Italy,Europe,10.29,905.8,0.0,0.522,0,37.89,Moderate
1978,Italy,Europe,11.82,790.7,0.0,0.435,0,41.05,Low
1979,Italy,Europe,12.75,433.7,0.0,0.225,0,23.72,Low
1980,Italy,Europe,12.96,747.4,0.0,0.411,0,31.43,Low
1981,Italy,Europe,10.95,825.4,0.0,0.383,0,37.83,Low
1982,Italy,Europe,11.73,653.8,0.0,0.329,0,21.67,Low
1983,Italy,Europe,11.93,720.2,0.0,0.35,0,44.27,Low
1984,Italy,Europe,12.16,601.9,0.0,0.254,0,22.3,Low
1985,Italy,Europe,10.38,479.6,0.0,0.335,0,27.23,Low
1986,Italy,Europe,13.63,451.9,0.0,0.113,0,22.39,Low
1987,Italy,Europe,12.58,454.1,0.0,0.416,0,30.44,Low
1988,Italy,Europe,12.63,807.0,0.0,0.474,0,35.6,Low
1989,Italy,Europe,12.95,301.6,0.095,0.009,0,13.55,Low
1990,Italy,Europe,12.16,593.4,0.0,0.279,0,19.48,Low
1991,Italy,Europe,10.31,577.5,0.0,0.275,0,17.24,Low
1992,Italy,Europe,11.39,654.9,0.0,0.359,0,36.32,Low
1993,Italy,Europe,9.59,403.0,0.0,0.122,0,9.44,Low
1994,Italy,Europe,12.09,764.6,0.0,0.385,0,36.86,Low
1995,Italy,Europe,11.41,496.3,0.0,0.238,0,30.88,Low
1996,Italy,Europe,11.58,881.2,0.0,0.382,0,48.54,Low
1997,Italy,Europe,13.09,600.5,0.0,0.23,0,26.04,Low
1998,Italy,Europe,11.12,684.7,0.0,0.416,0,24.7,Low
1999,Italy,Europe,11.38,700.6,0.0,0.215,0,38.09,Low
2000,Italy,Europe,11.73,739.1,0.0,0.408,0,45.01,Low
2001,Italy,Europe,9.51,705.9,0.0,0.417,0,31.32,Low
2002,Italy,Europe,11.42,631.7,0.0,0.298,0,26.76,Low
2003,Italy,Europe,8.77,754.9,0.0,0.382,0,34.59,Low
2004,Italy,Europe,11.07,774.6,0.0,0.48,0,42.16,Low
2005,Italy,Europe,12.82,577.6,0.0,0.232,0,36.25,Low
2006,Italy,Europe,12.35,768.2,0.0,0.336,0,30.97,Low
2007,Italy,Europe,11.11,890.7,0.0,0.406,0,35.54,Low
2008,Italy,Europe,11.89,812.9,0.0,0.5,0,54.69,Low
2009,Italy,Europe,10.57,849.2,0.0,0.528,0,41.4,Moderate
2010,Italy,Europe,11.88,727.5,0.0,0.252,0,37.89,Low
2011,Italy,Europe,15.42,550.2,0.0,0.356,0,23.36,Low
2012,Italy,Europe,14.13,570.5,0.0,0.351,0,31.46,Low
2013,Italy,Europe,12.0,751.2,0.0,0.5,0,43.32,Low
2014,Italy,Europe,12.15,850.8,0.0,0.456,0,44.34,Low
2015,Italy,Europe,10.8,1145.7,0.0,0.569,0,67.73,Moderate
2016,Italy,Europe,11.03,857.1,0.0,0.52,0,40.89,Moderate
2017,Italy,Europe,12.44,512.7,0.0,0.312,0,24.06,Low
2018,Italy,Europe,11.4,577.2,0.0,0.468,0,30.25,Low
2019,Italy,Europe,13.13,1064.6,0.0,0.609,0,56.02,Moderate
2020,Italy,Europe,13.95,665.7,0.0,0.345,0,34.65,Low
2021,Italy,Europe,12.48,707.6,0.0,0.26,0,27.67,Low
2022,Italy,Europe,12.22,546.3,0.0,0.227,0,29.19,Low
2023,Italy,Europe,10.1,950.4,0.0,0.36,0,45.28,Low
2024,Italy,Europe,13.03,780.1,0.0,0.373,0,35.52,Low
2025,Italy,Europe,10.78,576.1,0.0,0.362,0,29.0,Low
2026,Italy,Europe,11.67,541.0,0.0,0.27,0,21.28,Low
2027,Italy,Europe,13.34,749.2,0.0,0.456,0,30.65,Low
2028,Italy,Europe,13.44,707.1,0.0,0.381,0,19.66,Low
2029,Italy,Europe,11.66,833.1,0.0,0.384,0,52.14,Low
2030,Italy,Europe,11.75,787.5,0.0,0.401,0,42.71,Low
2031,Italy,Europe,11.42,657.7,0.0,0.367,0,32.18,Low
2032,Italy,Europe,10.84,613.0,0.0,0.318,0,26.65,Low
2033,Italy,Europe,11.53,674.4,0.0,0.349,0,16.46,Low
2034,Italy,Europe,10.38,611.9,0.0,0.244,0,26.22,Low
2035,Italy,Europe,13.15,679.2,0.0,0.305,0,38.25,Low
2036,Italy,Europe,12.82,702.6,0.0,0.532,0,40.78,Moderate
2037,Italy,Europe,13.04,556.3,0.0,0.376,0,31.67,Low
2038,Italy,Europe,11.24,800.9,0.0,0.283,0,41.0,Low
2039,Italy,Europe,10.97,640.7,0.0,0.131,0,39.86,Low
2040,Italy,Europe,12.49,565.3,0.0,0.289,0,26.29,Low
2041,Italy,Europe,12.52,643.7,0.0,0.393,0,38.7,Low
2042,Italy,Europe,12.28,738.8,0.0,0.328,0,34.63,Low
2043,Italy,Europe,12.13,713.3,0.0,0.438,0,30.38,Low
2044,Italy,Europe,14.55,767.5,0.0,0.389,0,32.34,Low
2045,Italy,Europe,13.02,843.7,0.0,0.409,0,35.8,Low
2046,Italy,Europe,14.89,908.8,0.0,0.515,0,49.39,Moderate
2047,Italy,Europe,14.07,745.7,0.0,0.33,0,32.83,Low
2048,Italy,Europe,14.61,528.9,0.033,0.242,0,19.59,Low
2049,Italy,Europe,11.29,656.9,0.0,0.382,0,37.13,Low
2050,Italy,Europe,13.31,539.3,0.0,0.267,0,28.93,Low
1961,Spain,Europe,12.16,819.0,0.0,0.409,0,36.39,Low
1962,Spain,Europe,11.63,808.8,0.0,0.498,0,41.96,Low
1963,Spain,Europe,10.13,713.6,0.0,0.357,0,28.85,Low
1964,Spain,Europe,11.15,511.6,0.0,0.299,0,14.24,Low
1965,Spain,Europe,11.22,632.0,0.0,0.248,0,32.92,Low
1966,Spain,Europe,9.99,834.1,0.0,0.368,0,41.83,Low
1967,Spain,Europe,9.78,912.4,0.0,0.484,0,42.19,Low
1968,Spain,Europe,10.31,647.8,0.0,0.475,0,24.69,Low
1969,Spain,Europe,13.59,660.1,0.0,0.444,0,34.74,Low
1970,Spain,Europe,10.67,674.1,0.0,0.384,0,27.77,Low
1971,Spain,Europe,12.66,744.0,0.0,0.384,0,36.37,Low
1972,Spain,Europe,10.64,607.0,0.0,0.416,0,40.94,Low
1973,Spain,Europe,12.28,236.9,0.034,0.182,0,15.07,Low
1974,Spain,Europe,12.32,890.8,0.0,0.262,0,36.33,Low
1975,Spain,Europe,12.4,987.2,0.0,0.409,0,41.71,Low
1976,Spain,Europe,11.74,602.0,0.0,0.328,0,31.01,Low
1977,Spain,Europe,12.94,529.3,0.0,0.122,0,18.21,Low
1978,Spain,Europe,11.76,678.1,0.0,0.267,0,21.89,Low
1979,Spain,Europe,13.38,670.0,0.0,0.279,0,36.69,Low
1980,Spain,Europe,9.4,859.3,0.0,0.409,0,44.89,Low
1981,Spain,Europe,11.78,708.7,0.0,0.331,0,38.14,Low
1982,Spain,Europe,11.72,573.2,0.0,0.263,0,30.24,Low
1983,Spain,Europe,10.27,489.1,0.0,0.311,0,24.06,Low
1984,Spain,Europe,12.11,838.5,0.0,0.398,0,37.95,Low
1985,Spain,Europe,9.64,795.9,0.0,0.367,0,42.89,Low
1986,Spain,Europe,10.66,869.7,0.0,0.327,0,52.66,Low
1987,Spain,Europe,9.07,545.1,0.0,0.354,0,24.25,Low
1988,Spain,Europe,13.36,994.1,0.0,0.443,0,43.58,Low
1989,Spain,Europe,11.23,421.0,0.0,0.124,0,14.24,Low
1990,Spain,Europe,14.12,813.5,0.0,0.424,0,35.48,Low
1991,Spain,Europe,12.5,394.5,0.0,0.136,0,20.94,Low
1992,Spain,Europe,12.1,573.5,0.0,0.245,0,15.84,Low
1993,Spain,Europe,10.87,949.8,0.0,0.496,0,50.12,Low
1994,Spain,Europe,10.34,833.0,0.0,0.39,0,45.51,Low
1995,Spain,Europe,12.24,612.6,0.0,0.491,0,19.84,Low
1996,Spain,Europe,11.54,617.0,0.0,0.303,0,24.97,Low
1997,Spain,Europe,10.04,716.1,0.0,0.407,0,36.28,Low
1998,Spain,Europe,9.85,782.3,0.0,0.236,0,38.25,Low
1999,Spain,Europe,10.53,900.3,0.0,0.381,0,48.13,Low
2000,Spain,Europe,13.89,627.0,0.0,0.227,0,30.5,Low
2001,Spain,Europe,14.38,442.1,0.0,0.145,0,29.69,Low
2002,Spain,Europe,11.98,725.1,0.0,0.396,0,34.33,Low
2003,Spain,Europe,11.93,626.8,0.0,0.396,0,25.44,Low
2004,Spain,Europe,11.37,491.9,0.0,0.274,0,18.21,Low
2005,Spain,Europe,10.67,747.6,0.0,0.356,0,41.79,Low
2006,Spain,Europe,13.46,665.9,0.0,0.282,0,33.47,Low
2007,Spain,Europe,14.08,749.0,0.0,0.464,0,41.25,Low
2008,Spain,Europe,10.77,556.9,0.0,0.444,0,31.52,Low
2009,Spain,Europe,11.76,777.9,0.0,0.4,0,26.77,Low
2010,Spain,Europe,11.34,489.3,0.0,0.32,0,17.62,Low
2011,Spain,Europe,11.4,567.6,0.0,0.311,0,22.25,Low
2012,Spain,Europe,13.34,661.1,0.0,0.391,0,28.16,Low
2013,Spain,Europe,10.36,978.7,0.0,0.396,0,46.41,Low
2014,Spain,Europe,12.51,825.6,0.0,0.374,0,47.27,Low
2015,Spain,Europe,12.85,872.4,0.0,0.468,0,50.81,Low
2016,Spain,Europe,11.82,926.7,0.0,0.56,0,44.58,Moderate
2017,Spain,Europe,13.08,1276.5,0.0,0.573,2,62.31,Moderate
2018,Spain,Europe,12.2,706.7,0.0,0.191,0,31.1,Low
2019,Spain,Europe,13.5,927.3,0.0,0.424,0,46.9,Low
2020,Spain,Europe,10.24,862.0,0.0,0.512,0,44.32,Moderate
2021,Spain,Europe,11.66,859.4,0.0,0.303,0,47.81,Low
2022,Spain,Europe,12.01,983.9,0.0,0.398,0,53.98,Low
2023,Spain,Europe,8.91,632.9,0.0,0.329,0,17.83,Low
2024,Spain,Europe,10.83,620.2,0.0,0.301,0,30.1,Low
2025,Spain,Europe,11.18,751.2,0.0,0.423,0,45.86,Low
2026,Spain,Europe,13.31,670.8,0.0,0.237,0,30.91,Low
2027,Spain,Europe,11.34,751.0,0.0,0.349,0,44.38,Low
2028,Spain,Europe,11.22,950.0,0.0,0.571,0,45.66,Moderate
2029,Spain,Europe,13.2,623.5,0.0,0.216,0,32.22,Low
2030,Spain,Europe,10.3,651.3,0.0,0.444,0,25.74,Low
2031,Spain,Europe,9.77,727.9,0.0,0.279,0,29.8,Low
2032,Spain,Europe,11.84,663.5,0.0,0.4,0,37.53,Low
2033,Spain,Europe,10.56,393.8,0.0,0.167,0,24.98,Low
2034,Spain,Europe,10.62,607.2,0.0,0.212,0,30.52,Low
2035,Spain,Europe,13.02,810.0,0.0,0.365,0,33.13,Low
2036,Spain,Europe,13.4,930.0,0.0,0.509,0,46.76,Moderate
2037,Spain,Europe,13.31,515.3,0.0,0.257,0,33.31,Low
2038,Spain,Europe,13.72,514.5,0.077,0.347,0,34.65,Low
2039,Spain,Europe,13.89,704.8,0.0,0.467,0,33.34,Low
2040,Spain,Europe,9.87,367.9,0.0,0.089,0,8.44,Low
2041,Spain,Europe,12.98,628.8,0.0,0.214,0,36.48,Low
2042,Spain,Europe,11.82,422.2,0.0,0.107,0,19.46,Low
2043,Spain,Europe,11.58,919.0,0.0,0.388,0,51.61,Low
2044,Spain,Europe,13.17,576.9,0.0,0.377,0,30.53,Low
2045,Spain,Europe,10.44,964.5,0.0,0.527,0,42.92,Moderate
2046,Spain,Europe,10.43,878.2,0.0,0.395,0,44.26,Low
2047,Spain,Europe,13.31,596.6,0.0,0.297,0,37.68,Low
2048,Spain,Europe,13.15,528.5,0.0,0.377,0,25.53,Low
2049,Spain,Europe,12.75,669.0,0.0,0.487,0,27.24,Low
2050,Spain,Europe,11.55,683.3,0.0,0.362,0,24.63,Low
1961,United Kingdom,Europe,10.07,688.1,0.0,0.32,0,18.26,Low
1962,United Kingdom,Europe,10.53,756.0,0.0,0.277,0,36.17,Low
1963,United Kingdom,Europe,12.02,608.7,0.0,0.356,0,29.09,Low
1964,United Kingdom,Europe,9.71,623.3,0.0,0.35,0,35.18,Low
1965,United Kingdom,Europe,12.94,627.9,0.0,0.37,0,31.0,Low
1966,United Kingdom,Europe,9.49,623.4,0.0,0.25,0,35.48,Low
1967,United Kingdom,Europe,13.91,700.9,0.0,0.192,0,28.58,Low
1968,United Kingdom,Europe,13.2,720.6,0.0,0.398,0,37.59,Low
1969,United Kingdom,Europe,11.31,363.9,0.0,0.129,0,23.6,Low
1970,United Kingdom,Europe,9.18,804.5,0.0,0.331,0,31.38,Low
1971,United Kingdom,Europe,11.11,653.6,0.0,0.226,0,47.76,Low
1972,United Kingdom,Europe,10.73,1009.3,0.0,0.483,0,57.61,Low
1973,United Kingdom,Europe,9.69,509.3,0.0,0.381,0,25.47,Low
1974,United Kingdom,Europe,11.58,561.2,0.0,0.24,0,23.09,Low
1975,United Kingdom,Europe,10.26,667.5,0.0,0.247,0,32.33,Low
1976,United Kingdom,Europe,10.41,766.1,0.0,0.435,0,38.81,Low
1977,United Kingdom,Europe,11.04,387.9,0.0,0.208,0,22.04,Low
1978,United Kingdom,Europe,10.62,567.3,0.0,0.114,0,37.37,Low
1979,United Kingdom,Europe,13.82,794.6,0.0,0.45,0,36.87,Low
1980,United Kingdom,Europe,10.7,548.3,0.0,0.444,0,30.79,Low
1981,United Kingdom,Europe,11.89,919.2,0.0,0.252,0,38.21,Low
1982,United Kingdom,Europe,11.55,627.4,0.0,0.215,0,28.89,Low
1983,United Kingdom,Europe,11.82,556.1,0.0,0.05,0,30.07,Low
1984,United Kingdom,Europe,11.93,797.6,0.0,0.393,0,44.03,Low
1985,United Kingdom,Europe,12.49,957.2,0.0,0.558,0,43.34,Moderate
1986,United Kingdom,Europe,11.77,766.6,0.0,0.392,0,35.69,Low
1987,United Kingdom,Europe,11.74,901.7,0.0,0.562,0,53.85,Moderate
1988,United Kingdom,Europe,11.56,968.3,0.0,0.551,0,55.38,Moderate
1989,United Kingdom,Europe,11.34,552.5,0.0,0.412,0,28.88,Low
1990,United Kingdom,Europe,10.43,850.1,0.0,0.518,0,29.09,Moderate
1991,United Kingdom,Europe,11.47,456.2,0.0,0.196,0,37.88,Low
1992,United Kingdom,Europe,11.85,768.0,0.0,0.389,0,38.28,Low
1993,United Kingdom,Europe,12.06,688.6,0.0,0.275,0,32.55,Low
1994,United Kingdom,Europe,11.81,898.9,0.0,0.431,0,41.81,Low
1995,United Kingdom,Europe,11.33,887.6,0.0,0.449,0,46.64,Low
1996,United Kingdom,Europe,11.56,791.2,0.0,0.389,0,41.88,Low
1997,United Kingdom,Europe,10.98,747.7,0.0,0.481,0,43.09,Low
1998,United Kingdom,Europe,12.04,781.3,0.0,0.364,0,33.51,Low
1999,United Kingdom,Europe,11.42,709.9,0.0,0.28,0,33.62,Low
2000,United Kingdom,Europe,11.92,690.2,0.0,0.276,0,46.69,Low
2001,United Kingdom,Europe,12.92,930.8,0.0,0.518,0,47.89,Moderate
2002,United Kingdom,Europe,10.89,950.1,0.0,0.363,0,46.47,Low
2003,United Kingdom,Europe,12.47,677.3,0.0,0.323,0,28.22,Low
2004,United Kingdom,Europe,11.81,738.0,0.0,0.475,0,39.94,Low
2005,United Kingdom,Europe,14.22,713.1,0.0,0.38,0,41.84,Low
2006,United Kingdom,Europe,11.55,442.1,0.0,0.215,0,27.35,Low
2007,United Kingdom,Europe,12.66,646.2,0.0,0.32,0,30.76,Low
2008,United Kingdom,Europe,11.86,956.0,0.0,0.396,0,49.97,Low
2009,United Kingdom,Europe,10.2,580.0,0.0,0.221,0,39.03,Low
2010,United Kingdom,Europe,11.26,1038.3,0.0,0.504,0,58.34,Moderate
2011,United Kingdom,Europe,12.96,887.5,0.0,0.465,0,39.67,Low
2012,United Kingdom,Europe,11.4,764.2,0.0,0.458,0,22.94,Low
2013,United Kingdom,Europe,9.27,789.7,0.0,0.402,0,41.27,Low
2014,United Kingdom,Europe,11.92,553.2,0.0,0.385,0,32.45,Low
2015,United Kingdom,Europe,10.66,657.6,0.0,0.457,0,26.34,Low
2016,United Kingdom,Europe,12.15,930.6,0.0,0.529,0,46.48,Moderate
2017,United Kingdom,Europe,13.87,601.7,0.0,0.399,0,28.5,Low
2018,United Kingdom,Europe,12.95,869.8,0.0,0.356,0,44.11,Low
2019,United Kingdom,Europe,13.89,479.7,0.059,0.148,0,19.53,Low
2020,United Kingdom,Europe,11.39,508.3,0.0,0.296,0,33.16,Low
2021,United Kingdom,Europe,11.91,1004.2,0.0,0.395,0,51.1,Low
2022,United Kingdom,Europe,10.84,698.1,0.0,0.326,0,29.63,Low
2023,United Kingdom,Europe,11.3,613.8,0.0,0.369,0,36.2,Low
2024,United Kingdom,Europe,11.02,918.0,0.0,0.572,0,38.32,Moderate
2025,United Kingdom,Europe,10.58,899.3,0.0,0.429,0,52.67,Low
2026,United Kingdom,Europe,13.81,847.3,0.0,0.372,0,48.31,Low
2027,United Kingdom,Europe,9.68,608.8,0.0,0.33,0,38.78,Low
2028,United Kingdom,Europe,13.85,654.1,0.0,0.241,0,31.76,Low
2029,United Kingdom,Europe,13.72,749.9,0.0,0.361,0,34.52,Low
2030,United Kingdom,Europe,12.84,811.1,0.0,0.405,0,41.06,Low
2031,United Kingdom,Europe,10.92,618.6,0.0,0.307,0,30.43,Low
2032,United Kingdom,Europe,10.38,727.3,0.0,0.371,0,32.45,Low
2033,United Kingdom,Europe,11.64,742.8,0.0,0.305,0,33.82,Low
2034,United Kingdom,Europe,13.06,905.9,0.0,0.395,0,43.1,Low
2035,United Kingdom,Europe,12.34,820.7,0.0,0.351,0,34.02,Low
2036,United Kingdom,Europe,11.1,458.9,0.0,0.1,0,27.01,Low
2037,United Kingdom,Europe,13.75,665.8,0.0,0.36,0,32.98,Low
2038,United Kingdom,Europe,14.41,551.4,0.0,0.347,0,25.72,Low
2039,United Kingdom,Europe,12.13,790.9,0.0,0.459,0,32.88,Low
2040,United Kingdom,Europe,12.55,847.7,0.0,0.403,0,35.42,Low
2041,United Kingdom,Europe,10.63,716.2,0.0,0.293,0,47.43,Low
2042,United Kingdom,Europe,11.96,657.1,0.0,0.388,0,29.09,Low
2043,United Kingdom,Europe,13.09,711.1,0.0,0.407,0,39.22,Low
2044,United Kingdom,Europe,12.92,733.4,0.0,0.384,0,37.65,Low
2045,United Kingdom,Europe,11.9,597.6,0.0,0.438,0,13.23,Low
2046,United Kingdom,Europe,12.2,505.0,0.0,0.25,0,36.01,Low
2047,United Kingdom,Europe,12.01,372.0,0.0,0.165,0,22.7,Low
2048,United Kingdom,Europe,12.23,902.7,0.0,0.419,0,40.53,Low
2049,United Kingdom,Europe,13.09,779.4,0.0,0.265,0,38.8,Low
2050,United Kingdom,Europe,10.24,758.0,0.0,0.432,0,31.0,Low
1961,United States,North America,14.19,567.6,0.0,0.428,0,21.45,Low
1962,United States,North America,10.93,864.1,0.0,0.407,0,42.98,Low
1963,United States,North America,11.41,612.5,0.0,0.368,0,28.65,Low
1964,United States,North America,11.18,458.4,0.0,0.059,0,27.64,Low
1965,United States,North America,12.17,764.1,0.0,0.301,0,31.76,Low
1966,United States,North America,13.73,760.5,0.0,0.272,0,44.15,Low
1967,United States,North America,14.26,548.7,0.0,0.258,0,35.56,Low
1968,United States,North America,11.65,566.0,0.0,0.477,0,28.3,Low
1969,United States,North America,12.6,580.3,0.0,0.327,0,29.38,Low
1970,United States,North America,12.26,616.9,0.0,0.444,0,26.24,Low
1971,United States,North America,11.0,347.1,0.0,0.153,0,14.1,Low
1972,United States,North America,15.11,621.0,0.0,0.42,0,28.6,Low
1973,United States,North America,13.85,935.4,0.0,0.634,0,55.43,Moderate
1974,United States,North America,12.46,506.6,0.0,0.245,0,24.9,Low
1975,United States,North America,14.15,556.6,0.0,0.235,0,19.9,Low
1976,United States,North America,13.72,460.6,0.0,0.125,0,24.56,Low
1977,United States,North America,12.39,747.9,0.0,0.349,0,42.36,Low
1978,United States,North America,12.7,842.5,0.0,0.428,0,41.97,Low
1979,United States,North America,14.14,838.9,0.0,0.582,0,50.76,Moderate
1980,United States,North America,11.21,450.3,0.0,0.122,0,27.18,Low
1981,United States,North America,14.37,730.0,0.0,0.37,0,30.2,Low
1982,United States,North America,12.11,879.4,0.0,0.295,0,40.66,Low
1983,United States,North America,14.23,731.5,0.0,0.332,0,37.93,Low
1984,United States,North America,12.41,726.5,0.0,0.388,0,26.33,Low
1985,United States,North America,12.84,574.5,0.0,0.328,0,30.74,Low
1986,United States,North America,12.41,685.2,0.0,0.39,0,23.69,Low
1987,United States,North America,11.83,847.8,0.0,0.456,0,48.53,Low
1988,United States,North America,12.16,702.5,0.0,0.398,0,40.57,Low
1989,United States,North America,14.16,450.3,0.091,0.229,0,23.73,Low
1990,United States,North America,9.75,577.0,0.0,0.205,0,24.8,Low
1991,United States,North America,11.05,843.5,0.0,0.274,0,43.2,Low
1992,United States,North America,11.69,702.0,0.0,0.307,0,32.02,Low
1993,United States,North America,11.28,669.0,0.0,0.324,0,27.27,Low
1994,United States,North America,14.41,561.4,0.0,0.381,0,26.04,Low
1995,United States,North America,14.12,840.2,0.0,0.412,0,46.2,Low
1996,United States,North America,13.34,916.0,0.0,0.442,0,46.06,Low
1997,United States,North America,11.88,852.1,0.0,0.457,0,51.31,Low
1998,United States,North America,14.27,880.8,0.0,0.419,0,48.64,Low
1999,United States,North America,10.78,592.6,0.0,0.361,0,33.58,Low
2000,United States,North America,15.27,570.0,0.0,0.443,0,18.85,Low
2001,United States,North America,11.9,625.0,0.0,0.488,0,29.54,Low
2002,United States,North America,12.42,656.2,0.0,0.336,0,26.42,Low
2003,United States,North America,12.24,879.0,0.0,0.466,0,42.85,Low
2004,United States,North America,11.49,836.5,0.0,0.545,0,37.67,Moderate
2005,United States,North America,15.1,736.2,0.0,0.356,0,34.54,Low
2006,United States,North America,13.76,421.0,0.0,0.265,0,27.42,Low
2007,United States,North America,14.29,379.9,0.009,0.099,0,21.67,Low
2008,United States,North America,11.38,688.5,0.0,0.319,0,40.47,Low
2009,United States,North America,13.08,790.8,0.0,0.488,0,29.94,Low
2010,United States,North America,13.51,637.3,0.0,0.261,0,32.21,Low
2011,United States,North America,13.22,956.4,0.0,0.468,0,53.62,Low
2012,United States,North America,11.53,476.8,0.0,0.112,0,32.88,Low
2013,United States,North America,14.23,456.7,0.005,0.389,0,13.45,Low
2014,United States,North America,13.1,543.7,0.0,0.373,0,25.08,Low
2015,United States,North America,11.83,537.6,0.0,0.284,0,33.09,Low
2016,United States,North America,10.76,734.2,0.0,0.408,0,35.56,Low
2017,United States,North America,13.74,582.5,0.0,0.323,0,23.66,Low
2018,United States,North America,15.97,402.3,0.036,0.312,0,10.11,Low
2019,United States,North America,11.83,792.7,0.0,0.355,0,33.94,Low
2020,United States,North America,13.27,368.4,0.0,0.243,0,8.29,Low
2021,United States,North America,14.41,478.6,0.0,0.325,0,24.28,Low
2022,United States,North America,11.57,390.4,0.0,0.292,0,24.9,Low
2023,United States,North America,12.54,683.1,0.0,0.161,0,26.59,Low
2024,United States,North America,12.1,679.8,0.0,0.292,0,35.53,Low
2025,United States,North America,14.33,956.6,0.0,0.397,0,52.9,Low
2026,United States,North America,14.76,796.2,0.0,0.41,0,39.79,Low
2027,United States,North America,13.38,880.7,0.0,0.279,0,34.37,Low
2028,United States,North America,12.2,696.2,0.0,0.184,0,37.13,Low
2029,United States,North America,12.69,493.7,0.0,0.42,0,24.36,Low
2030,United States,North America,12.49,670.5,0.0,0.385,0,32.59,Low
2031,United States,North America,12.09,744.8,0.0,0.382,0,33.96,Low
2032,United States,North America,13.16,762.6,0.0,0.41,0,38.65,Low
2033,United States,North America,13.99,574.4,0.0,0.299,0,31.78,Low
2034,United States,North America,13.9,728.2,0.0,0.444,0,50.75,Low
2035,United States,North America,13.32,500.7,0.069,0.2,0,24.33,Low
2036,United States,North America,13.42,483.1,0.0,0.256,0,33.22,Low
2037,United States,North America,13.27,471.5,0.001,0.254,0,25.7,Low
2038,United States,North America,11.83,653.9,0.0,0.243,0,32.1,Low
2039,United States,North America,13.6,461.5,0.0,0.333,0,23.97,Low
2040,United States,North America,12.72,582.0,0.0,0.255,0,21.77,Low
2041,United States,North America,11.82,794.5,0.0,0.479,0,41.56,Low
2042,United States,North America,13.9,485.3,0.0,0.252,0,12.31,Low
2043,United States,North America,12.74,569.3,0.0,0.415,0,23.29,Low
2044,United States,North America,13.77,661.5,0.0,0.247,0,33.73,Low
2045,United States,North America,14.53,689.5,0.0,0.258,0,41.64,Low
2046,United States,North America,12.39,570.1,0.0,0.213,0,37.09,Low
2047,United States,North America,13.66,775.9,0.0,0.399,0,37.38,Low
2048,United States,North America,11.39,744.5,0.0,0.496,0,38.16,Low
2049,United States,North America,15.42,832.4,0.0,0.544,0,47.53,Moderate
2050,United States,North America,11.97,636.9,0.0,0.134,0,23.87,Low
1961,Canada,North America,12.49,807.1,0.0,0.433,0,47.87,Low
1962,Canada,North America,11.02,806.1,0.0,0.372,0,41.83,Low
1963,Canada,North America,11.83,1050.6,0.0,0.457,0,60.54,Low
1964,Canada,North America,11.5,296.9,0.0,0.161,0,13.75,Low
1965,Canada,North America,12.59,770.1,0.0,0.31,0,42.73,Low
1966,Canada,North America,12.75,335.0,0.0,0.317,0,6.18,Low
1967,Canada,North America,13.18,931.0,0.0,0.587,0,43.55,Moderate
1968,Canada,North America,12.54,728.1,0.0,0.417,0,28.76,Low
1969,Canada,North America,12.35,497.7,0.0,0.256,0,22.64,Low
1970,Canada,North America,14.39,774.8,0.0,0.335,0,41.57,Low
1971,Canada,North America,10.35,561.5,0.0,0.279,0,24.45,Low
1972,Canada,North America,14.23,698.1,0.0,0.48,0,40.09,Low
1973,Canada,North America,11.87,683.0,0.0,0.411,0,29.01,Low
1974,Canada,North America,12.92,929.1,0.0,0.481,0,51.76,Low
1975,Canada,North America,11.86,940.4,0.0,0.544,0,54.88,Moderate
1976,Canada,North America,11.43,554.4,0.0,0.321,0,33.8,Low
1977,Canada,North America,12.87,819.3,0.0,0.441,0,38.9,Low
1978,Canada,North America,13.56,706.8,0.0,0.432,0,22.59,Low
1979,Canada,North America,12.89,424.0,0.005,0.253,0,24.6,Low
1980,Canada,North America,11.69,538.6,0.0,0.338,0,26.18,Low
1981,Canada,North America,16.69,1023.8,0.0,0.525,0,45.32,Moderate
1982,Canada,North America,13.82,707.3,0.0,0.333,0,32.03,Low
1983,Canada,North America,13.52,810.0,0.0,0.361,0,49.1,Low
1984,Canada,North America,11.99,616.1,0.0,0.255,0,23.98,Low
1985,Canada,North America,11.68,563.6,0.0,0.153,0,30.99,Low
1986,Canada,North America,12.11,654.4,0.0,0.254,0,34.03,Low
1987,Canada,North America,13.77,607.4,0.0,0.228,0,28.23,Low
1988,Canada,North America,11.3,411.1,0.0,0.165,0,24.42,Low
1989,Canada,North America,11.22,489.5,0.0,0.37,0,34.27,Low
1990,Canada,North America,13.17,763.3,0.0,0.369,0,36.39,Low
1991,Canada,North America,12.92,589.1,0.0,0.314,0,28.0,Low
1992,Canada,North America,11.63,654.1,0.0,0.349,0,36.44,Low
1993,Canada,North America,11.27,687.6,0.0,0.471,0,39.89,Low
1994,Canada,North America,14.32,700.1,0.0,0.304,0,34.24,Low
1995,Canada,North America,13.04,833.5,0.0,0.399,0,39.84,Low
1996,Canada,North America,10.99,474.2,0.0,0.229,0,10.4,Low
1997,Canada,North America,11.1,741.2,0.0,0.462,0,32.39,Low
1998,Canada,North America,12.23,770.8,0.0,0.493,0,31.7,Low
1999,Canada,North America,13.56,807.7,0.0,0.442,0,44.49,Low
2000,Canada,North America,13.42,423.9,0.112,0.311,0,17.48,Low
2001,Canada,North America,14.08,690.8,0.0,0.36,0,32.84,Low
2002,Canada,North America,10.95,924.6,0.0,0.448,0,46.17,Low
2003,Canada,North America,13.02,634.1,0.0,0.411,0,26.49,Low
2004,Canada,North America,14.49,727.4,0.0,0.403,0,45.69,Low
2005,Canada,North America,14.39,774.9,0.0,0.329,0,46.53,Low
2006,Canada,North America,13.24,485.9,0.028,0.323,0,33.45,Low
2007,Canada,North America,15.65,943.4,0.0,0.455,0,51.27,Low
2008,Canada,North America,13.58,729.9,0.0,0.338,0,36.32,Low
2009,Canada,North America,14.12,733.1,0.0,0.438,0,46.34,Low
2010,Canada,North America,12.94,384.1,0.0,0.185,0,15.12,Low
2011,Canada,North America,11.96,777.1,0.0,0.42,0,33.63,Low
2012,Canada,North America,11.87,731.0,0.0,0.418,0,32.94,Low
2013,Canada,North America,13.15,909.9,0.0,0.392,0,48.63,Low
2014,Canada,North America,12.7,600.2,0.0,0.331,0,25.44,Low
2015,Canada,North America,10.85,492.0,0.0,0.354,0,23.67,Low
2016,Canada,North America,11.76,540.8,0.0,0.194,0,17.43,Low
2017,Canada,North America,12.63,569.2,0.0,0.321,0,31.35,Low
2018,Canada,North America,13.9,471.0,0.0,0.169,0,14.45,Low
2019,Canada,North America,13.02,856.4,0.0,0.51,0,37.23,Moderate
2020,Canada,North America,12.98,862.4,0.0,0.512,0,50.42,Moderate
2021,Canada,North America,11.9,618.7,0.0,0.281,0,38.02,Low
2022,Canada,North America,13.13,587.2,0.0,0.47,0,31.6,Low
2023,Canada,North America,14.7,359.5,0.0,0.268,0,19.63,Low
2024,Canada,North America,13.32,761.4,0.0,0.437,0,34.88,Low
2025,Canada,North America,11.34,914.6,0.0,0.509,0,41.09,Moderate
2026,Canada,North America,11.67,548.0,0.0,0.353,0,25.23,Low
2027,Canada,North America,13.89,631.3,0.0,0.236,0,22.48,Low
2028,Canada,North America,12.94,719.5,0.0,0.375,0,37.49,Low
2029,Canada,North America,13.13,925.9,0.0,0.494,0,46.59,Low
2030,Canada,North America,12.51,682.0,0.0,0.309,0,28.5,Low
2031,Canada,North America,13.86,681.3,0.0,0.378,0,43.48,Low
2032,Canada,North America,12.92,678.7,0.0,0.438,0,37.58,Low
2033,Canada,North America,13.07,422.0,0.0,0.177,0,25.25,Low
2034,Canada,North America,12.29,418.5,0.0,0.205,0,18.0,Low
2035,Canada,North America,14.44,520.7,0.0,0.195,0,26.03,Low
2036,Canada,North America,13.08,812.1,0.0,0.263,0,44.37,Low
2037,Canada,North America,14.1,596.3,0.0,0.36,0,30.73,Low
2038,Canada,North America,11.95,565.3,0.0,0.281,0,37.87,Low
2039,Canada,North America,15.48,562.5,0.0,0.285,0,26.9,Low
2040,Canada,North America,14.95,628.0,0.0,0.235,0,28.37,Low
2041,Canada,North America,11.15,922.3,0.0,0.446,0,49.92,Low
2042,Canada,North America,12.5,625.8,0.0,0.401,0,23.7,Low
2043,Canada,North America,14.05,524.2,0.0,0.262,0,31.76,Low
2044,Canada,North America,11.91,654.0,0.0,0.329,0,24.9,Low
2045,Canada,North America,13.35,930.8,0.0,0.482,0,50.37,Low
2046,Canada,North America,14.04,569.5,0.083,0.186,0,22.93,Low
2047,Canada,North America,13.33,461.0,0.037,0.281,0,25.18,Low
2048,Canada,North America,14.21,569.8,0.0,0.185,0,33.94,Low
2049,Canada,North America,12.75,670.6,0.0,0.26,0,34.45,Low
2050,Canada,North America,10.91,760.1,0.0,0.296,0,30.81,Low
1961,Mexico,North America,10.92,537.7,0.0,0.307,0,26.2,Low
1962,Mexico,North America,11.14,598.3,0.0,0.305,0,30.34,Low
1963,Mexico,North America,9.76,592.9,0.0,0.289,0,37.0,Low
1964,Mexico,North America,13.41,535.2,0.012,0.192,0,39.67,Low
1965,Mexico,North America,12.2,652.2,0.0,0.471,0,41.97,Low
1966,Mexico,North America,10.73,560.7,0.0,0.163,0,33.3,Low
1967,Mexico,North America,13.85,666.1,0.0,0.366,0,36.84,Low
1968,Mexico,North America,11.28,412.1,0.0,0.236,0,17.56,Low
1969,Mexico,North America,12.44,615.8,0.0,0.4,0,32.56,Low
1970,Mexico,North America,11.17,474.6,0.0,0.348,0,18.25,Low
1971,Mexico,North America,9.76,547.4,0.0,0.263,0,29.62,Low
1972,Mexico,North America,10.56,672.9,0.0,0.379,0,36.29,Low
1973,Mexico,North America,11.68,393.4,0.0,0.338,0,7.9,Low
1974,Mexico,North America,13.31,518.4,0.0,0.254,0,26.15,Low
1975,Mexico,North America,12.67,741.0,0.0,0.285,0,39.54,Low
1976,Mexico,North America,12.44,423.9,0.0,0.181,0,20.69,Low
1977,Mexico,North America,9.88,934.5,0.0,0.363,0,48.87,Low
1978,Mexico,North America,13.83,842.7,0.0,0.451,0,34.08,Low
1979,Mexico,North America,12.59,570.9,0.0,0.371,0,23.89,Low
1980,Mexico,North America,12.2,524.0,0.0,0.252,0,32.41,Low
1981,Mexico,North America,13.72,682.3,0.0,0.211,0,34.12,Low
1982,Mexico,North America,13.87,418.4,0.0,0.291,0,22.96,Low
1983,Mexico,North America,13.78,329.7,0.116,0.023,0,10.88,Low
1984,Mexico,North America,12.12,576.5,0.0,0.165,0,28.94,Low
1985,Mexico,North America,11.23,628.6,0.0,0.3,0,17.62,Low
1986,Mexico,North America,13.64,665.1,0.0,0.353,3,38.33,Low
1987,Mexico,North America,10.83,551.6,0.0,0.31,0,38.43,Low
1988,Mexico,North America,14.82,853.8,0.0,0.422,0,36.3,Low
1989,Mexico,North America,12.54,410.8,0.0,0.346,0,14.9,Low
1990,Mexico,North America,11.25,467.9,0.0,0.239,0,26.04,Low
1991,Mexico,North America,11.06,727.9,0.0,0.447,0,45.24,Low
1992,Mexico,North America,11.02,464.1,0.0,0.295,0,23.19,Low
1993,Mexico,North America,12.74,457.9,0.0,0.126,0,15.52,Low
1994,Mexico,North America,12.59,669.7,0.0,0.321,1,32.24,Low
1995,Mexico,North America,11.13,481.4,0.0,0.411,0,17.89,Low
1996,Mexico,North America,12.2,628.7,0.0,0.274,0,27.42,Low
1997,Mexico,North America,11.01,538.0,0.0,0.215,0,25.08,Low
1998,Mexico,North America,13.37,512.1,0.001,0.27,0,20.0,Low
1999,Mexico,North America,12.62,313.6,0.0,0.119,0,11.01,Low
2000,Mexico,North America,12.25,672.3,0.0,0.273,0,34.06,Low
2001,Mexico,North America,11.17,450.4,0.0,0.187,0,23.81,Low
2002,Mexico,North America,12.38,623.1,0.0,0.426,0,22.61,Low
2003,Mexico,North America,12.26,568.1,0.0,0.273,0,30.78,Low
2004,Mexico,North America,13.16,617.0,0.0,0.202,0,28.56,Low
2005,Mexico,North America,12.99,626.1,0.0,0.192,0,35.62,Low
2006,Mexico,North America,13.76,681.0,0.0,0.517,0,38.73,Moderate
2007,Mexico,North America,12.25,533.6,0.0,0.249,0,23.41,Low
2008,Mexico,North America,10.61,848.8,0.0,0.459,0,46.13,Low
2009,Mexico,North America,14.05,354.4,0.075,0.115,0,11.19,Low
2010,Mexico,North America,11.76,613.7,0.0,0.333,0,38.63,Low
2011,Mexico,North America,11.57,783.8,0.0,0.509,0,34.4,Moderate
2012,Mexico,North America,12.87,726.3,0.0,0.311,0,38.43,Low
2013,Mexico,North America,13.3,494.0,0.0,0.284,0,23.58,Low
2014,Mexico,North America,12.32,520.7,0.0,0.148,0,19.93,Low
2015,Mexico,North America,12.33,488.9,0.0,0.406,0,29.85,Low
2016,Mexico,North America,12.52,745.9,0.0,0.394,0,33.61,Low
2017,Mexico,North America,14.71,531.6,0.0,0.233,0,16.38,Low
2018,Mexico,North America,13.02,690.8,0.0,0.322,0,17.25,Low
2019,Mexico,North America,11.88,692.3,0.0,0.305,0,29.36,Low
2020,Mexico,North America,11.91,1028.9,0.0,0.478,0,59.7,Low
2021,Mexico,North America,12.78,700.1,0.0,0.154,0,42.55,Low
2022,Mexico,North America,13.38,520.2,0.0,0.252,0,21.7,Low
2023,Mexico,North America,13.7,416.4,0.138,0.197,0,15.81,Low
2024,Mexico,North America,13.28,605.9,0.0,0.342,0,27.5,Low
2025,Mexico,North America,12.14,630.9,0.0,0.274,0,23.55,Low
2026,Mexico,North America,12.66,296.3,0.0,0.086,0,9.12,Low
2027,Mexico,North America,14.07,535.8,0.0,0.267,0,32.68,Low
2028,Mexico,North America,11.83,697.6,0.0,0.22,1,37.9,Low
2029,Mexico,North America,12.67,564.8,0.0,0.294,0,29.88,Low
2030,Mexico,North America,13.96,805.0,0.0,0.254,0,32.24,Low
2031,Mexico,North America,14.31,400.7,0.003,0.29,0,20.58,Low
2032,Mexico,North America,13.05,758.3,0.0,0.434,0,24.09,Low
2033,Mexico,North America,12.8,796.2,0.0,0.324,0,44.87,Low
2034,Mexico,North America,11.73,803.0,0.0,0.454,0,41.7,Low
2035,Mexico,North America,13.96,399.5,0.064,0.209,0,10.62,Low
2036,Mexico,North America,14.93,700.3,0.0,0.269,4,44.71,Low
2037,Mexico,North America,16.45,543.0,0.0,0.11,0,16.37,Low
2038,Mexico,North America,13.85,425.0,0.076,0.238,0,22.92,Low
2039,Mexico,North America,13.34,583.8,0.0,0.228,0,32.52,Low
2040,Mexico,North America,12.32,505.2,0.0,0.34,0,17.82,Low
2041,Mexico,North America,11.19,797.3,0.0,0.4,0,39.64,Low
2042,Mexico,North America,13.67,732.1,0.0,0.31,0,26.78,Low
2043,Mexico,North America,16.3,465.6,0.152,0.377,0,5.0,Moderate
2044,Mexico,North America,15.02,534.1,0.0,0.313,0,20.3,Low
2045,Mexico,North America,14.85,589.1,0.043,0.002,0,24.9,Low
2046,Mexico,North America,13.82,638.4,0.0,0.28,0,35.79,Low
2047,Mexico,North America,13.98,811.0,0.0,0.295,0,40.96,Low
2048,Mexico,North America,10.66,760.5,0.0,0.316,0,38.59,Low
2049,Mexico,North America,14.5,658.2,0.0,0.318,0,26.82,Low
2050,Mexico,North America,12.91,608.3,0.0,0.332,0,27.23,Low
1961,Brazil,South America,20.88,1341.6,0.0,0.659,4,80.27,Moderate
1962,Brazil,South America,20.55,1142.1,0.0,0.491,8,57.8,Low
1963,Brazil,South America,21.32,1193.6,0.0,0.656,16,47.79,Moderate
1964,Brazil,South America,22.14,1078.0,0.0,0.365,2,59.62,Low
1965,Brazil,South America,21.38,1146.3,0.0,0.539,16,55.92,Moderate
1966,Brazil,South America,21.7,1249.3,0.0,0.697,14,62.88,Moderate
1967,Brazil,South America,22.94,940.6,0.14,0.435,8,47.57,Moderate
1968,Brazil,South America,21.53,1142.4,0.0,0.514,0,43.77,Moderate
1969,Brazil,South America,20.54,1211.4,0.0,0.572,6,60.61,Moderate
1970,Brazil,South America,22.84,1347.2,0.0,0.513,4,64.9,Moderate
1971,Brazil,South America,22.5,1411.7,0.0,0.763,19,77.91,Moderate
1972,Brazil,South America,22.59,1111.2,0.0,0.546,2,59.92,Moderate
1973,Brazil,South America,22.97,1282.2,0.0,0.619,17,54.35,Moderate
1974,Brazil,South America,22.78,672.8,0.266,0.315,11,35.9,Moderate
1975,Brazil,South America,22.29,1348.4,0.0,0.675,6,70.12,Moderate
1976,Brazil,South America,25.14,983.9,0.253,0.544,18,34.84,Moderate
1977,Brazil,South America,20.75,1061.4,0.0,0.527,14,53.41,Moderate
1978,Brazil,South America,21.6,1170.6,0.0,0.476,0,64.74,Low
1979,Brazil,South America,23.48,1075.4,0.0,0.584,11,46.49,Moderate
1980,Brazil,South America,22.51,1131.4,0.0,0.606,5,64.84,Moderate
1981,Brazil,South America,23.27,1354.0,0.0,0.693,13,58.63,Moderate
1982,Brazil,South America,22.58,1038.5,0.01,0.605,6,46.98,Moderate
1983,Brazil,South America,24.04,926.1,0.311,0.465,1,34.43,Moderate
1984,Brazil,South America,21.2,1390.2,0.0,0.784,0,77.77,Moderate
1985,Brazil,South America,24.04,1184.3,0.0,0.705,29,56.27,Moderate
1986,Brazil,South America,23.86,1407.6,0.0,0.75,17,63.4,Moderate
1987,Brazil,South America,21.02,1238.2,0.0,0.559,8,64.58,Moderate
1988,Brazil,South America,23.24,888.2,0.066,0.434,11,47.06,Low
1989,Brazil,South America,22.45,1203.3,0.0,0.701,10,64.17,Moderate
1990,Brazil,South America,21.79,942.6,0.057,0.351,5,44.37,Low
1991,Brazil,South America,20.27,1101.2,0.0,0.519,9,56.59,Moderate
1992,Brazil,South America,21.35,1087.9,0.086,0.517,8,48.78,Moderate
1993,Brazil,South America,23.43,841.2,0.136,0.351,4,49.39,Low
1994,Brazil,South America,23.57,970.0,0.057,0.555,16,54.21,Moderate
1995,Brazil,South America,22.36,1452.8,0.0,0.757,0,79.14,Moderate
1996,Brazil,South America,23.61,1138.1,0.058,0.512,18,60.52,Moderate
1997,Brazil,South America,23.78,1071.9,0.089,0.584,4,54.94,Moderate
1998,Brazil,South America,22.85,1390.1,0.0,0.682,11,62.04,Moderate
1999,Brazil,South America,21.82,1036.6,0.0,0.447,0,55.63,Low
2000,Brazil,South America,23.23,1085.4,0.062,0.486,13,53.7,Moderate
2001,Brazil,South America,23.3,1258.5,0.0,0.664,18,70.51,Moderate
2002,Brazil,South America,23.55,1035.9,0.098,0.593,26,54.68,Moderate
2003,Brazil,South America,23.79,980.6,0.019,0.451,3,51.96,Low
2004,Brazil,South America,21.14,739.4,0.0,0.413,15,26.86,Low
2005,Brazil,South America,22.18,950.2,0.0,0.602,11,46.97,Moderate
2006,Brazil,South America,20.53,948.6,0.004,0.374,1,44.0,Low
2007,Brazil,South America,23.72,1125.4,0.151,0.591,21,54.76,Moderate
2008,Brazil,South America,22.59,1002.3,0.0,0.568,9,47.62,Moderate
2009,Brazil,South America,23.38,1445.3,0.0,0.715,19,70.61,Moderate
2010,Brazil,South America,21.11,930.8,0.057,0.564,0,48.15,Moderate
2011,Brazil,South America,24.58,1324.1,0.0,0.838,12,63.61,Moderate
2012,Brazil,South America,21.48,1135.2,0.0,0.595,16,57.49,Moderate
2013,Brazil,South America,23.87,1229.1,0.0,0.596,27,52.34,Moderate
2014,Brazil,South America,23.1,1219.4,0.0,0.688,13,55.97,Moderate
2015,Brazil,South America,22.74,745.1,0.257,0.44,0,36.06,Moderate
2016,Brazil,South America,22.67,1098.2,0.043,0.348,10,46.67,Low
2017,Brazil,South America,22.24,1058.0,0.0,0.529,10,60.38,Moderate
2018,Brazil,South America,24.58,918.7,0.168,0.428,15,48.43,Moderate
2019,Brazil,South America,23.06,1173.5,0.0,0.619,15,57.07,Moderate
2020,Brazil,South America,21.54,1374.6,0.0,0.672,4,86.72,Moderate
2021,Brazil,South America,22.62,672.3,0.157,0.329,18,37.94,Low
2022,Brazil,South America,23.25,1014.5,0.0,0.438,4,45.03,Low
2023,Brazil,South America,24.19,900.7,0.133,0.509,26,46.85,Moderate
2024,Brazil,South America,22.41,1111.5,0.0,0.688,23,55.97,Moderate
2025,Brazil,South America,22.51,1047.9,0.0,0.456,4,47.73,Low
2026,Brazil,South America,23.2,1003.1,0.0,0.39,6,43.74,Low
2027,Brazil,South America,24.24,1210.3,0.008,0.607,19,66.32,Moderate
2028,Brazil,South America,21.56,1361.8,0.0,0.679,0,64.5,Moderate
2029,Brazil,South America,23.83,1525.8,0.0,0.857,11,75.68,Moderate
2030,Brazil,South America,22.69,981.7,0.074,0.392,20,42.09,Low
2031,Brazil,South America,22.87,808.7,0.13,0.361,18,33.35,Low
2032,Brazil,South America,25.68,1189.5,0.039,0.423,36,57.92,Low
2033,Brazil,South America,23.06,1357.7,0.0,0.789,14,70.21,Moderate
2034,Brazil,South America,24.22,1230.2,0.0,0.635,11,45.98,Moderate
2035,Brazil,South America,24.19,1357.0,0.0,0.641,16,67.95,Moderate
2036,Brazil,South America,21.93,1063.9,0.0,0.426,8,48.72,Low
2037,Brazil,South America,21.15,1002.5,0.0,0.403,6,58.54,Low
2038,Brazil,South America,24.37,1118.5,0.0,0.592,16,73.58,Moderate
2039,Brazil,South America,22.1,1047.1,0.0,0.435,2,50.2,Low
2040,Brazil,South America,21.42,1206.1,0.0,0.611,10,49.97,Moderate
2041,Brazil,South America,24.67,1255.2,0.0,0.791,6,63.46,Moderate
2042,Brazil,South America,22.23,1267.7,0.0,0.606,4,62.15,Moderate
2043,Brazil,South America,22.55,1181.7,0.0,0.514,10,70.91,Moderate
2044,Brazil,South America,25.86,1139.3,0.097,0.6,3,65.03,Moderate
2045,Brazil,South America,21.52,1227.1,0.0,0.515,14,66.55,Moderate
2046,Brazil,South America,22.02,785.9,0.235,0.531,0,31.08,Moderate
2047,Brazil,South America,23.0,1133.7,0.0,0.679,18,60.75,Moderate
2048,Brazil,South America,23.28,1108.4,0.0,0.541,3,57.01,Moderate
2049,Brazil,South America,22.51,1134.1,0.0,0.495,8,58.15,Low
2050,Brazil,South America,22.21,1086.0,0.034,0.509,14,44.27,Moderate
1961,Argentina,South America,23.27,1055.1,0.037,0.525,30,48.78,Moderate
1962,Argentina,South America,22.15,1226.3,0.0,0.425,3,53.33,Low
1963,Argentina,South America,21.91,951.7,0.05,0.513,12,49.18,Moderate
1964,Argentina,South America,21.33,887.2,0.067,0.453,8,46.9,Moderate
1965,Argentina,South America,21.12,1136.6,0.0,0.661,12,58.86,Moderate
1966,Argentina,South America,22.47,865.8,0.033,0.373,16,36.11,Low
1967,Argentina,South America,20.01,1149.1,0.0,0.454,5,52.98,Low
1968,Argentina,South America,23.07,1045.5,0.009,0.536,12,53.51,Moderate
1969,Argentina,South America,20.88,1179.1,0.0,0.62,3,48.83,Moderate
1970,Argentina,South America,19.69,878.6,0.01,0.447,0,42.29,Low
1971,Argentina,South America,24.37,1307.7,0.0,0.656,16,74.49,Moderate
1972,Argentina,South America,21.17,1070.7,0.0,0.45,0,52.46,Low
1973,Argentina,South America,21.35,1222.2,0.0,0.6,3,52.18,Moderate
1974,Argentina,South America,23.6,1253.6,0.0,0.599,23,59.03,Moderate
1975,Argentina,South America,24.48,914.8,0.173,0.543,18,38.49,Moderate
1976,Argentina,South America,20.43,1241.2,0.0,0.651,12,74.9,Moderate
1977,Argentina,South America,21.14,872.0,0.042,0.414,19,52.75,Low
1978,Argentina,South America,21.25,880.8,0.131,0.578,6,45.81,Moderate
1979,Argentina,South America,23.45,1414.2,0.0,0.686,15,68.65,Moderate
1980,Argentina,South America,24.31,1277.9,0.0,0.684,14,71.1,Moderate
1981,Argentina,South America,21.06,1431.8,0.0,0.703,0,64.79,Moderate
1982,Argentina,South America,24.08,1040.8,0.181,0.651,8,54.87,Moderate
1983,Argentina,South America,21.55,1116.4,0.0,0.565,15,61.39,Moderate
1984,Argentina,South America,22.82,1184.4,0.0,0.602,14,58.31,Moderate
1985,Argentina,South America,20.91,1098.0,0.0,0.538,21,61.74,Moderate
1986,Argentina,South America,22.3,980.6,0.031,0.506,18,45.73,Moderate
1987,Argentina,South America,22.33,956.6,0.179,0.574,5,36.67,Moderate
1988,Argentina,South America,22.11,1134.2,0.0,0.635,17,62.58,Moderate
1989,Argentina,South America,22.97,929.3,0.103,0.467,10,43.88,Moderate
1990,Argentina,South America,21.31,924.8,0.06,0.599,17,48.65,Moderate
1991,Argentina,South America,21.48,1163.0,0.0,0.651,4,69.07,Moderate
1992,Argentina,South America,23.08,1084.8,0.054,0.507,4,48.82,Moderate
1993,Argentina,South America,24.19,1250.0,0.0,0.515,10,61.64,Moderate
1994,Argentina,South America,22.57,1032.0,0.0,0.483,5,61.02,Low
1995,Argentina,South America,23.22,1007.0,0.002,0.537,6,54.31,Moderate
1996,Argentina,South America,23.54,1167.8,0.008,0.632,10,54.02,Moderate
1997,Argentina,South America,23.64,970.1,0.109,0.594,21,40.59,Moderate
1998,Argentina,South America,21.52,994.7,0.032,0.41,22,45.93,Low
1999,Argentina,South America,21.75,1001.0,0.124,0.465,0,43.15,Moderate
2000,Argentina,South America,21.87,1066.4,0.0,0.439,19,54.75,Low
2001,Argentina,South America,25.03,1383.6,0.0,0.585,15,69.65,Moderate
2002,Argentina,South America,23.35,879.7,0.113,0.39,16,43.41,Moderate
2003,Argentina,South America,23.31,1307.3,0.0,0.683,0,60.32,Moderate
2004,Argentina,South America,23.21,1218.0,0.0,0.671,17,60.48,Moderate
2005,Argentina,South America,21.21,1350.7,0.0,0.599,0,55.2,Moderate
2006,Argentina,South America,25.14,1601.9,0.0,0.736,21,80.96,Moderate
2007,Argentina,South America,23.4,1329.0,0.0,0.522,16,73.5,Moderate
2008,Argentina,South America,23.71,1248.1,0.0,0.641,16,53.86,Moderate
2009,Argentina,South America,20.75,890.0,0.027,0.386,0,46.85,Low
2010,Argentina,South America,23.82,910.2,0.232,0.588,19,37.21,Moderate
2011,Argentina,South America,22.47,1157.6,0.0,0.612,14,62.7,Moderate
2012,Argentina,South America,21.33,828.3,0.273,0.4,6,36.91,Moderate
2013,Argentina,South America,21.79,1198.5,0.0,0.548,14,62.35,Moderate
2014,Argentina,South America,21.44,758.4,0.122,0.26,7,35.87,Low
2015,Argentina,South America,21.43,1284.4,0.0,0.533,12,72.19,Moderate
2016,Argentina,South America,23.06,1048.5,0.011,0.474,12,54.29,Low
2017,Argentina,South America,22.54,1120.3,0.0,0.504,13,51.78,Moderate
2018,Argentina,South America,23.43,980.3,0.094,0.41,18,47.73,Moderate
2019,Argentina,South America,25.06,796.2,0.289,0.428,15,31.81,Moderate
2020,Argentina,South America,22.91,1297.6,0.0,0.69,2,65.85,Moderate
2021,Argentina,South America,20.39,1313.7,0.0,0.62,7,63.17,Moderate
2022,Argentina,South America,22.81,1043.8,0.0,0.677,21,48.13,Moderate
2023,Argentina,South America,24.55,1205.9,0.057,0.463,20,60.34,Moderate
2024,Argentina,South America,23.03,1037.5,0.119,0.523,15,49.83,Moderate
2025,Argentina,South America,24.99,1146.2,0.025,0.556,18,63.2,Moderate
2026,Argentina,South America,23.71,1221.5,0.0,0.567,21,58.58,Moderate
2027,Argentina,South America,20.98,1188.8,0.0,0.539,5,47.56,Moderate
2028,Argentina,South America,23.34,1314.6,0.0,0.657,10,63.54,Moderate
2029,Argentina,South America,23.58,1183.0,0.014,0.573,23,49.11,Moderate
2030,Argentina,South America,24.54,1104.5,0.082,0.521,13,56.08,Moderate
2031,Argentina,South America,25.44,978.2,0.25,0.385,27,33.86,Moderate
2032,Argentina,South America,24.37,1023.4,0.211,0.382,25,41.03,Moderate
2033,Argentina,South America,23.82,1229.6,0.0,0.592,20,59.31,Moderate
2034,Argentina,South America,24.13,859.7,0.161,0.398,6,49.03,Moderate
2035,Argentina,South America,23.13,1276.9,0.0,0.623,13,57.41,Moderate
2036,Argentina,South America,21.59,1055.0,0.0,0.519,7,52.83,Moderate
2037,Argentina,South America,23.42,969.0,0.092,0.443,10,50.1,Moderate
2038,Argentina,South America,23.82,924.2,0.192,0.445,16,51.28,Moderate
2039,Argentina,South America,21.96,1207.9,0.0,0.536,16,65.06,Moderate
2040,Argentina,South America,25.01,1097.7,0.176,0.671,15,57.92,Moderate
2041,Argentina,South America,24.65,1354.2,0.0,0.613,16,72.9,Moderate
2042,Argentina,South America,21.81,897.9,0.105,0.419,7,35.54,Moderate
2043,Argentina,South America,25.11,1007.5,0.232,0.446,28,47.9,Moderate
2044,Argentina,South America,23.12,1085.2,0.07,0.483,11,57.95,Moderate
2045,Argentina,South America,22.58,979.7,0.058,0.492,1,42.09,Moderate
2046,Argentina,South America,24.83,1101.0,0.12,0.542,5,49.16,Moderate
2047,Argentina,South America,23.49,1151.1,0.091,0.539,17,50.91,Moderate
2048,Argentina,South America,25.85,1177.5,0.092,0.566,15,61.67,Moderate
2049,Argentina,South America,22.56,1341.0,0.0,0.613,17,66.63,Moderate
2050,Argentina,South America,21.52,891.4,0.086,0.478,0,40.93,Moderate
1961,Chile,South America,20.46,774.9,0.0,0.246,3,33.72,Low
1962,Chile,South America,21.94,1072.7,0.014,0.494,0,48.48,Moderate
1963,Chile,South America,21.35,1174.1,0.0,0.609,0,62.93,Moderate
1964,Chile,South America,22.35,1224.8,0.0,0.44,9,50.68,Low
1965,Chile,South America,20.7,1151.1,0.0,0.582,16,57.07,Moderate
1966,Chile,South America,22.3,1381.8,0.0,0.704,8,67.15,Moderate
1967,Chile,South America,21.58,1104.6,0.0,0.458,3,58.83,Low
1968,Chile,South America,20.63,1309.9,0.0,0.677,0,56.95,Moderate
1969,Chile,South America,20.55,996.6,0.0,0.499,17,49.9,Low
1970,Chile,South America,20.75,1109.3,0.0,0.459,10,57.52,Low
1971,Chile,South America,21.93,906.0,0.0,0.527,16,33.87,Moderate
1972,Chile,South America,22.34,1244.1,0.0,0.689,18,55.76,Moderate
1973,Chile,South America,22.54,1080.7,0.0,0.517,10,53.49,Moderate
1974,Chile,South America,22.6,1157.3,0.0,0.563,12,60.95,Moderate
1975,Chile,South America,21.34,1049.9,0.073,0.583,19,52.13,Moderate
1976,Chile,South America,23.54,1193.8,0.0,0.581,16,63.05,Moderate
1977,Chile,South America,21.76,1163.6,0.0,0.427,13,51.7,Low
1978,Chile,South America,22.85,940.9,0.0,0.509,19,37.51,Moderate
1979,Chile,South America,22.13,950.1,0.083,0.41,15,46.35,Low
1980,Chile,South America,22.79,1095.6,0.044,0.517,11,46.52,Moderate
1981,Chile,South America,22.1,1205.5,0.0,0.719,10,55.08,Moderate
1982,Chile,South America,22.85,1398.1,0.0,0.688,18,75.5,Moderate
1983,Chile,South America,22.39,1148.5,0.0,0.574,17,58.56,Moderate
1984,Chile,South America,23.39,1261.2,0.0,0.671,23,59.65,Moderate
1985,Chile,South America,21.45,841.9,0.03,0.461,12,37.31,Low
1986,Chile,South America,20.33,1422.1,0.0,0.638,9,74.83,Moderate
1987,Chile,South America,21.3,1196.9,0.0,0.594,4,61.12,Moderate
1988,Chile,South America,23.77,1092.1,0.054,0.549,10,46.24,Moderate
1989,Chile,South America,22.32,1073.6,0.0,0.559,17,42.0,Moderate
1990,Chile,South America,22.63,922.8,0.051,0.485,7,56.4,Moderate
1991,Chile,South America,21.28,968.6,0.021,0.691,7,40.67,Moderate
1992,Chile,South America,22.64,1405.7,0.0,0.609,22,73.45,Moderate
1993,Chile,South America,21.35,941.8,0.047,0.549,17,55.22,Moderate
1994,Chile,South America,21.54,938.7,0.051,0.564,11,46.8,Moderate
1995,Chile,South America,22.13,987.6,0.0,0.533,8,45.78,Moderate
1996,Chile,South America,23.16,908.3,0.202,0.402,12,32.81,Moderate
1997,Chile,South America,23.31,1102.4,0.0,0.684,20,46.48,Moderate
1998,Chile,South America,23.36,1274.2,0.0,0.462,13,65.97,Low
1999,Chile,South America,20.78,1002.3,0.066,0.446,1,57.49,Moderate
2000,Chile,South America,22.69,880.3,0.087,0.534,21,39.91,Moderate
2001,Chile,South America,22.48,1146.7,0.0,0.544,12,54.0,Moderate
2002,Chile,South America,20.9,1091.1,0.0,0.673,2,58.74,Moderate
2003,Chile,South America,22.78,1260.4,0.0,0.509,16,58.91,Moderate
2004,Chile,South America,22.47,1027.3,0.0,0.425,19,53.01,Low
2005,Chile,South America,23.41,1058.4,0.0,0.487,6,53.17,Low
2006,Chile,South America,22.91,1076.1,0.0,0.571,11,51.35,Moderate
2007,Chile,South America,22.17,1114.2,0.0,0.539,8,55.62,Moderate
2008,Chile,South America,23.96,1037.2,0.016,0.479,19,62.12,Low
2009,Chile,South America,20.2,1011.3,0.0,0.619,9,54.19,Moderate
2010,Chile,South America,22.8,803.9,0.19,0.523,8,42.95,Moderate
2011,Chile,South America,20.78,1009.5,0.066,0.472,0,43.64,Moderate
2012,Chile,South America,21.82,1214.4,0.0,0.47,17,67.3,Low
2013,Chile,South America,23.57,1236.0,0.0,0.445,5,65.64,Low
2014,Chile,South America,21.42,1024.6,0.0,0.531,10,42.23,Moderate
2015,Chile,South America,21.26,1307.9,0.0,0.706,6,68.63,Moderate
2016,Chile,South America,25.85,1095.4,0.203,0.553,22,47.63,Moderate
2017,Chile,South America,21.38,885.9,0.09,0.437,21,33.23,Moderate
2018,Chile,South America,25.01,835.6,0.27,0.353,43,37.15,Moderate
2019,Chile,South America,22.84,1294.9,0.0,0.7,0,67.98,Moderate
2020,Chile,South America,22.43,1040.3,0.022,0.654,19,52.49,Moderate
2021,Chile,South America,23.76,905.7,0.087,0.276,14,42.89,Low
2022,Chile,South America,24.7,738.5,0.25,0.363,26,29.93,Moderate
2023,Chile,South America,21.74,1036.7,0.061,0.441,16,65.42,Moderate
2024,Chile,South America,22.52,1164.8,0.043,0.463,22,50.28,Moderate
2025,Chile,South America,24.17,988.4,0.028,0.404,18,54.09,Low
2026,Chile,South America,23.52,931.5,0.057,0.496,7,45.53,Moderate
2027,Chile,South America,24.51,1012.1,0.194,0.538,24,41.6,Moderate
2028,Chile,South America,23.82,1298.9,0.0,0.766,16,64.66,Moderate
2029,Chile,South America,25.39,877.1,0.297,0.439,18,29.55,Moderate
2030,Chile,South America,23.46,997.3,0.132,0.358,10,43.65,Low
2031,Chile,South America,23.53,1293.7,0.0,0.628,22,64.4,Moderate
2032,Chile,South America,23.66,1179.1,0.0,0.479,27,49.65,Low
2033,Chile,South America,23.13,1128.7,0.0,0.468,3,59.47,Low
2034,Chile,South America,24.33,996.2,0.036,0.545,21,43.3,Moderate
2035,Chile,South America,23.62,1104.9,0.017,0.568,11,46.2,Moderate
2036,Chile,South America,24.3,1013.9,0.19,0.554,5,40.42,Moderate
2037,Chile,South America,24.5,962.5,0.111,0.453,18,58.96,Moderate
2038,Chile,South America,23.9,927.2,0.145,0.527,9,31.59,Moderate
2039,Chile,South America,24.01,1225.5,0.0,0.58,3,63.89,Moderate
2040,Chile,South America,22.21,1090.3,0.0,0.635,4,50.01,Moderate
2041,Chile,South America,22.78,1150.3,0.0,0.603,4,55.42,Moderate
2042,Chile,South America,24.47,1124.3,0.0,0.546,12,59.84,Moderate
2043,Chile,South America,25.18,1170.5,0.13,0.602,8,59.26,Moderate
2044,Chile,South America,21.17,1059.2,0.0,0.528,4,48.88,Moderate
2045,Chile,South America,22.83,1022.9,0.0,0.639,6,43.0,Moderate
2046,Chile,South America,23.56,969.6,0.221,0.504,17,47.79,Moderate
2047,Chile,South America,22.49,873.8,0.114,0.437,16,44.72,Moderate
2048,Chile,South America,22.58,920.5,0.014,0.441,13,44.04,Low
2049,Chile,South America,24.15,1041.5,0.152,0.588,14,51.69,Moderate
2050,Chile,South America,25.5,843.5,0.312,0.478,18,33.26,Moderate
1961,Peru,South America,21.01,1105.6,0.0,0.648,4,61.1,Moderate
1962,Peru,South America,22.02,1108.2,0.0,0.681,9,50.0,Moderate
1963,Peru,South America,22.66,1208.8,0.0,0.596,3,61.17,Moderate
1964,Peru,South America,22.43,962.8,0.001,0.485,1,48.45,Low
1965,Peru,South America,22.68,1168.2,0.0,0.626,13,64.08,Moderate
1966,Peru,South America,21.18,952.7,0.0,0.455,1,54.17,Low
1967,Peru,South America,24.01,1313.8,0.0,0.698,25,69.87,Moderate
1968,Peru,South America,21.72,1185.1,0.0,0.586,0,61.37,Moderate
1969,Peru,South America,22.0,989.9,0.039,0.576,13,42.43,Moderate
1970,Peru,South America,20.58,1112.9,0.0,0.614,0,49.23,Moderate
1971,Peru,South America,21.95,963.4,0.145,0.547,3,40.19,Moderate
1972,Peru,South America,22.84,1340.7,0.0,0.654,16,71.54,Moderate
1973,Peru,South America,23.13,1359.7,0.0,0.834,7,68.42,Moderate
1974,Peru,South America,24.11,1211.4,0.0,0.644,12,65.78,Moderate
1975,Peru,South America,22.88,1349.1,0.0,0.694,6,73.47,Moderate
1976,Peru,South America,22.6,1124.3,0.0,0.501,26,51.86,Moderate
1977,Peru,South America,21.75,1222.2,0.0,0.603,4,61.3,Moderate
1978,Peru,South America,21.51,1296.0,0.0,0.657,8,64.72,Moderate
1979,Peru,South America,23.49,1099.1,0.0,0.487,12,52.99,Low
1980,Peru,South America,23.48,1111.4,0.04,0.532,16,51.56,Moderate
1981,Peru,South America,21.07,1249.4,0.0,0.611,2,69.58,Moderate
1982,Peru,South America,23.25,1203.4,0.0,0.606,12,60.48,Moderate
1983,Peru,South America,23.18,979.1,0.109,0.349,16,46.85,Low
1984,Peru,South America,21.08,750.1,0.058,0.364,0,31.54,Low
1985,Peru,South America,23.08,1071.9,0.195,0.506,21,53.74,Moderate
1986,Peru,South America,21.19,764.5,0.22,0.381,17,27.79,Moderate
1987,Peru,South America,19.55,941.4,0.0,0.554,7,49.8,Moderate
1988,Peru,South America,22.29,960.1,0.0,0.644,11,50.9,Moderate
1989,Peru,South America,22.81,1009.0,0.013,0.559,0,47.72,Moderate
1990,Peru,South America,22.38,1231.3,0.0,0.517,14,63.47,Moderate
1991,Peru,South America,25.98,1266.0,0.08,0.605,18,62.82,Moderate
1992,Peru,South America,23.01,1181.4,0.0,0.638,11,58.83,Moderate
1993,Peru,South America,22.75,1201.2,0.0,0.639,0,60.14,Moderate
1994,Peru,South America,23.11,1205.0,0.0,0.681,17,60.62,Moderate
1995,Peru,South America,22.08,700.5,0.239,0.342,0,31.03,Moderate
1996,Peru,South America,23.75,1101.6,0.0,0.522,16,55.44,Moderate
1997,Peru,South America,23.08,812.6,0.329,0.546,20,27.43,Moderate
1998,Peru,South America,23.04,1181.5,0.0,0.595,9,58.16,Moderate
1999,Peru,South America,21.94,765.1,0.26,0.301,19,34.65,Moderate
2000,Peru,South America,20.82,1071.1,0.0,0.654,0,54.14,Moderate
2001,Peru,South America,22.12,1187.6,0.0,0.474,15,65.1,Low
2002,Peru,South America,23.08,921.2,0.0,0.181,2,49.78,Low
2003,Peru,South America,22.22,1253.9,0.0,0.688,18,57.47,Moderate
2004,Peru,South America,23.12,1181.1,0.0,0.663,20,58.05,Moderate
2005,Peru,South America,22.51,1160.9,0.0,0.614,15,56.18,Moderate
2006,Peru,South America,23.33,1211.7,0.0,0.502,10,60.56,Moderate
2007,Peru,South America,21.66,1042.5,0.0,0.517,0,52.11,Moderate
2008,Peru,South America,23.08,1124.3,0.0,0.54,10,59.88,Moderate
2009,Peru,South America,22.09,1101.6,0.0,0.508,19,56.14,Moderate
2010,Peru,South America,21.04,1098.0,0.014,0.662,8,62.01,Moderate
2011,Peru,South America,22.7,992.5,0.038,0.413,0,50.31,Low
2012,Peru,South America,24.76,901.2,0.259,0.476,9,34.9,Moderate
2013,Peru,South America,21.19,1046.1,0.0,0.619,17,49.5,Moderate
2014,Peru,South America,23.1,1037.3,0.0,0.549,17,55.49,Moderate
2015,Peru,South America,23.93,982.1,0.139,0.59,5,36.64,Moderate
2016,Peru,South America,25.75,1236.3,0.0,0.663,7,53.74,Moderate
2017,Peru,South America,22.42,912.4,0.062,0.491,6,44.45,Moderate
2018,Peru,South America,22.27,1072.6,0.0,0.566,0,59.33,Moderate
2019,Peru,South America,21.64,1286.6,0.0,0.692,7,72.17,Moderate
2020,Peru,South America,24.43,1245.5,0.0,0.592,36,60.97,Moderate
2021,Peru,South America,22.04,1294.6,0.0,0.543,0,71.1,Moderate
2022,Peru,South America,22.65,1005.5,0.0,0.579,10,50.71,Moderate
2023,Peru,South America,20.9,1225.5,0.0,0.706,17,52.09,Moderate
2024,Peru,South America,24.19,929.9,0.159,0.485,22,43.27,Moderate
2025,Peru,South America,24.54,1055.9,0.042,0.484,16,48.24,Moderate
2026,Peru,South America,24.18,1070.9,0.078,0.411,15,57.5,Low
2027,Peru,South America,21.26,1007.9,0.0,0.511,0,50.24,Moderate
2028,Peru,South America,23.93,1042.1,0.068,0.413,13,43.07,Low
2029,Peru,South America,21.22,1021.1,0.0,0.391,9,42.05,Low
2030,Peru,South America,23.31,942.8,0.108,0.47,22,44.86,Moderate
2031,Peru,South America,23.51,1237.0,0.0,0.557,9,47.33,Moderate
2032,Peru,South America,23.65,1070.8,0.0,0.563,13,50.43,Moderate
2033,Peru,South America,23.94,1132.2,0.061,0.553,8,56.77,Moderate
2034,Peru,South America,23.3,1126.2,0.0,0.515,15,49.97,Moderate
2035,Peru,South America,20.98,1108.8,0.0,0.418,13,61.4,Low
2036,Peru,South America,23.99,1114.8,0.014,0.489,21,62.62,Moderate
2037,Peru,South America,23.49,1051.1,0.021,0.46,5,46.04,Low
2038,Peru,South America,22.3,1326.9,0.0,0.565,12,64.56,Moderate
2039,Peru,South America,21.52,1221.7,0.0,0.585,3,67.05,Moderate
2040,Peru,South America,25.27,1102.9,0.095,0.46,27,53.25,Moderate
2041,Peru,South America,24.92,1028.5,0.15,0.501,17,40.07,Moderate
2042,Peru,South America,24.31,1081.0,0.014,0.56,4,52.92,Moderate
2043,Peru,South America,22.66,1166.8,0.025,0.517,10,52.71,Moderate
2044,Peru,South America,20.47,1340.0,0.0,0.704,9,73.65,Moderate
2045,Peru,South America,24.43,880.3,0.199,0.331,19,43.67,Moderate
2046,Peru,South America,23.97,1205.6,0.0,0.514,11,58.4,Moderate
2047,Peru,South America,23.1,1280.3,0.0,0.631,8,64.87,Moderate
2048,Peru,South America,24.92,862.1,0.181,0.486,10,31.63,Moderate
2049,Peru,South America,24.6,1071.0,0.0,0.605,14,49.03,Moderate
2050,Peru,South America,23.81,929.7,0.132,0.594,8,53.16,Moderate
1961,Colombia,South America,22.06,1091.1,0.0,0.622,7,48.54,Moderate
1962,Colombia,South America,23.13,1198.1,0.0,0.593,5,58.09,Moderate
1963,Colombia,South America,22.31,1323.0,0.0,0.722,9,60.95,Moderate
1964,Colombia,South America,23.63,1122.0,0.0,0.42,10,66.46,Low
1965,Colombia,South America,19.67,1225.1,0.0,0.696,6,60.05,Moderate
1966,Colombia,South America,21.86,1332.9,0.0,0.601,2,71.98,Moderate
1967,Colombia,South America,24.08,1317.1,0.0,0.616,16,68.94,Moderate
1968,Colombia,South America,23.27,1038.4,0.023,0.56,7,53.04,Moderate
1969,Colombia,South America,23.73,1265.8,0.0,0.658,10,63.53,Moderate
1970,Colombia,South America,22.15,1139.8,0.0,0.577,12,64.41,Moderate
1971,Colombia,South America,21.54,1278.8,0.0,0.53,10,58.99,Moderate
1972,Colombia,South America,20.97,1191.0,0.0,0.603,3,69.91,Moderate
1973,Colombia,South America,20.9,1144.1,0.0,0.649,4,49.48,Moderate
1974,Colombia,South America,23.2,1169.4,0.0,0.542,1,63.16,Moderate
1975,Colombia,South America,22.87,1140.8,0.0,0.676,23,48.61,Moderate
1976,Colombia,South America,22.19,1147.1,0.0,0.504,16,55.46,Moderate
1977,Colombia,South America,22.9,1074.6,0.0,0.538,17,54.29,Moderate
1978,Colombia,South America,22.48,1059.7,0.0,0.653,0,50.07,Moderate
1979,Colombia,South America,23.48,1382.1,0.0,0.637,9,68.02,Moderate
1980,Colombia,South America,23.49,1176.4,0.0,0.673,11,50.5,Moderate
1981,Colombia,South America,21.08,1008.3,0.0,0.662,0,44.49,Moderate
1982,Colombia,South America,22.71,1055.6,0.0,0.541,19,55.77,Moderate
1983,Colombia,South America,20.39,1269.0,0.0,0.592,16,63.63,Moderate
1984,Colombia,South America,22.57,982.2,0.0,0.429,28,44.97,Low
1985,Colombia,South America,23.16,862.9,0.043,0.536,5,50.23,Moderate
1986,Colombia,South America,20.87,874.6,0.0,0.539,7,36.41,Moderate
1987,Colombia,South America,21.97,823.4,0.257,0.528,20,33.86,Moderate
1988,Colombia,South America,22.5,892.2,0.231,0.443,9,36.96,Moderate
1989,Colombia,South America,22.78,911.1,0.127,0.539,7,46.7,Moderate
1990,Colombia,South America,22.19,1321.6,0.0,0.657,0,66.37,Moderate
1991,Colombia,South America,21.13,1092.6,0.0,0.476,16,53.98,Low
1992,Colombia,South America,22.49,1041.9,0.006,0.611,11,40.91,Moderate
1993,Colombia,South America,20.59,869.1,0.006,0.565,0,48.53,Moderate
1994,Colombia,South America,22.31,1077.1,0.0,0.457,13,52.55,Low
1995,Colombia,South America,22.08,822.0,0.134,0.328,11,39.12,Low
1996,Colombia,South America,22.47,1040.9,0.0,0.524,12,47.55,Moderate
1997,Colombia,South America,21.98,1430.3,0.0,0.792,8,66.08,Moderate
1998,Colombia,South America,20.86,1206.2,0.0,0.512,19,69.31,Moderate
1999,Colombia,South America,22.24,1066.4,0.014,0.551,9,42.39,Moderate
2000,Colombia,South America,23.82,1211.7,0.0,0.559,28,54.26,Moderate
2001,Colombia,South America,24.23,1016.6,0.11,0.564,21,57.52,Moderate
2002,Colombia,South America,25.67,971.9,0.166,0.422,23,49.11,Moderate
2003,Colombia,South America,24.79,1372.7,0.0,0.748,17,66.68,Moderate
2004,Colombia,South America,21.34,917.2,0.0,0.446,15,53.34,Low
2005,Colombia,South America,22.3,1043.3,0.0,0.447,11,54.85,Low
2006,Colombia,South America,22.78,1149.0,0.0,0.58,4,58.84,Moderate
2007,Colombia,South America,22.73,950.2,0.154,0.32,4,45.78,Low
2008,Colombia,South America,22.93,1204.1,0.0,0.557,16,63.0,Moderate
2009,Colombia,South America,25.75,1050.9,0.078,0.552,14,54.03,Moderate
2010,Colombia,South America,21.58,1206.2,0.0,0.461,8,73.49,Low
2011,Colombia,South America,22.04,1193.8,0.0,0.391,18,58.52,Low
2012,Colombia,South America,24.89,1061.1,0.057,0.343,21,50.93,Low
2013,Colombia,South America,22.2,1373.7,0.0,0.793,4,61.26,Moderate
2014,Colombia,South America,23.43,993.5,0.043,0.491,25,48.51,Moderate
2015,Colombia,South America,24.21,1315.8,0.0,0.615,21,76.97,Moderate
2016,Colombia,South America,23.57,1288.0,0.0,0.72,22,70.31,Moderate
2017,Colombia,South America,23.24,1383.3,0.0,0.659,0,65.91,Moderate
2018,Colombia,South America,24.15,1127.8,0.008,0.585,19,56.41,Moderate
2019,Colombia,South America,21.97,973.8,0.085,0.489,16,39.22,Moderate
2020,Colombia,South America,22.47,1432.3,0.0,0.678,25,65.8,Moderate
2021,Colombia,South America,23.72,1046.4,0.0,0.547,3,53.22,Moderate
2022,Colombia,South America,20.61,969.8,0.0,0.547,15,45.52,Moderate
2023,Colombia,South America,24.82,1069.6,0.0,0.52,31,47.21,Moderate
2024,Colombia,South America,23.5,942.9,0.137,0.435,0,47.34,Moderate
2025,Colombia,South America,23.34,1184.2,0.0,0.565,17,58.72,Moderate
2026,Colombia,South America,21.21,1003.1,0.0,0.318,12,40.75,Low
2027,Colombia,South America,21.64,1054.0,0.0,0.55,6,40.25,Moderate
2028,Colombia,South America,22.73,1254.8,0.007,0.531,8,59.19,Moderate
2029,Colombia,South America,24.19,1199.8,0.0,0.65,21,50.46,Moderate
2030,Colombia,South America,20.75,1102.5,0.0,0.544,1,43.91,Moderate
2031,Colombia,South America,24.21,1127.3,0.0,0.572,14,63.14,Moderate
2032,Colombia,South America,22.85,1102.0,0.0,0.607,19,54.51,Moderate
2033,Colombia,South America,23.03,1031.0,0.061,0.441,27,48.74,Moderate
2034,Colombia,South America,23.62,1099.6,0.0,0.579,19,53.85,Moderate
2035,Colombia,South America,23.66,1178.5,0.0,0.611,16,52.1,Moderate
2036,Colombia,South America,22.5,1079.8,0.0,0.525,7,56.46,Moderate
2037,Colombia,South America,24.12,1167.2,0.0,0.509,8,57.57,Moderate
2038,Colombia,South America,20.6,966.1,0.083,0.531,14,42.1,Moderate
2039,Colombia,South America,22.86,1003.4,0.0,0.558,11,46.52,Moderate
2040,Colombia,South America,23.61,982.5,0.034,0.5,24,41.08,Moderate
2041,Colombia,South America,23.03,1009.6,0.053,0.419,10,46.98,Low
2042,Colombia,South America,21.27,1305.9,0.0,0.611,2,63.86,Moderate
2043,Colombia,South America,24.39,1216.2,0.0,0.603,20,58.21,Moderate
2044,Colombia,South America,22.0,927.7,0.123,0.519,9,44.26,Moderate
2045,Colombia,South America,23.43,1170.0,0.0,0.458,4,58.03,Low
2046,Colombia,South America,23.71,1037.5,0.0,0.474,29,53.26,Low
2047,Colombia,South America,23.57,990.8,0.0,0.463,9,55.2,Low
2048,Colombia,South America,24.97,862.3,0.137,0.424,26,43.94,Moderate
2049,Colombia,South America,23.52,1255.5,0.072,0.524,21,67.07,Moderate
2050,Colombia,South America,24.11,881.8,0.224,0.423,6,34.53,Moderate
1961,Paraguay,South America,21.39,1113.8,0.0,0.384,17,44.27,Low
1962,Paraguay,South America,22.8,1042.4,0.0,0.555,2,61.2,Moderate
1963,Paraguay,South America,22.84,1336.7,0.001,0.682,16,68.08,Moderate
1964,Paraguay,South America,21.24,1218.6,0.0,0.577,11,56.81,Moderate
1965,Paraguay,South America,22.81,997.5,0.137,0.488,4,48.46,Moderate
1966,Paraguay,South America,20.96,1168.2,0.0,0.579,10,53.39,Moderate
1967,Paraguay,South America,22.69,1302.7,0.0,0.637,14,49.11,Moderate
1968,Paraguay,South America,22.09,877.0,0.108,0.606,8,59.43,Moderate
1969,Paraguay,South America,20.48,936.4,0.0,0.439,12,47.96,Low
1970,Paraguay,South America,21.64,1098.2,0.0,0.563,4,51.38,Moderate
1971,Paraguay,South America,24.8,1105.7,0.0,0.521,20,43.68,Moderate
1972,Paraguay,South America,22.44,1091.6,0.0,0.608,10,45.62,Moderate
1973,Paraguay,South America,24.98,1050.3,0.065,0.539,14,61.15,Moderate
1974,Paraguay,South America,20.5,1047.8,0.028,0.502,9,60.84,Moderate
1975,Paraguay,South America,23.15,1161.5,0.0,0.427,11,62.59,Low
1976,Paraguay,South America,19.23,1281.4,0.0,0.66,0,57.38,Moderate
1977,Paraguay,South America,22.29,1023.0,0.0,0.487,0,60.21,Low
1978,Paraguay,South America,23.06,1490.1,0.0,0.74,19,77.21,Moderate
1979,Paraguay,South America,23.33,1413.7,0.0,0.612,4,74.62,Moderate
1980,Paraguay,South America,21.38,1312.7,0.0,0.771,10,68.31,Moderate
1981,Paraguay,South America,23.61,1199.6,0.0,0.668,15,50.94,Moderate
1982,Paraguay,South America,21.74,1421.3,0.0,0.825,6,63.87,Moderate
1983,Paraguay,South America,22.2,1053.6,0.093,0.619,26,47.76,Moderate
1984,Paraguay,South America,21.89,966.8,0.0,0.531,11,52.2,Moderate
1985,Paraguay,South America,21.07,1015.8,0.0,0.417,13,42.51,Low
1986,Paraguay,South America,24.33,939.5,0.126,0.617,19,43.41,Moderate
1987,Paraguay,South America,22.53,1119.5,0.056,0.486,9,53.79,Moderate
1988,Paraguay,South America,23.79,1148.0,0.038,0.553,15,61.4,Moderate
1989,Paraguay,South America,23.76,1132.1,0.095,0.623,26,58.75,Moderate
1990,Paraguay,South America,21.36,1098.0,0.0,0.61,16,48.84,Moderate
1991,Paraguay,South America,24.0,1121.3,0.002,0.606,31,64.7,Moderate
1992,Paraguay,South America,23.16,1377.8,0.0,0.657,15,61.91,Moderate
1993,Paraguay,South America,21.33,1199.2,0.0,0.551,0,66.51,Moderate
1994,Paraguay,South America,23.13,1247.6,0.0,0.827,9,59.08,Moderate
1995,Paraguay,South America,21.38,1130.5,0.0,0.562,0,57.51,Moderate
1996,Paraguay,South America,24.56,841.5,0.256,0.408,23,38.31,Moderate
1997,Paraguay,South America,23.62,809.8,0.01,0.348,10,41.47,Low
1998,Paraguay,South America,22.58,1433.2,0.0,0.736,0,75.71,Moderate
1999,Paraguay,South America,24.2,1014.9,0.0,0.523,36,53.09,Moderate
2000,Paraguay,South America,20.8,1001.3,0.0,0.499,1,54.77,Low
2001,Paraguay,South America,21.82,1139.3,0.0,0.6,4,59.75,Moderate
2002,Paraguay,South America,22.44,1188.1,0.0,0.735,24,51.82,Moderate
2003,Paraguay,South America,25.44,1208.3,0.052,0.557,10,60.99,Moderate
2004,Paraguay,South America,21.49,1383.9,0.0,0.695,17,65.81,Moderate
2005,Paraguay,South America,20.74,1340.1,0.0,0.618,1,60.35,Moderate
2006,Paraguay,South America,21.08,970.3,0.024,0.509,0,46.29,Moderate
2007,Paraguay,South America,23.92,1255.0,0.0,0.582,29,63.85,Moderate
2008,Paraguay,South America,22.13,1038.5,0.106,0.477,17,51.31,Moderate
2009,Paraguay,South America,22.67,1078.0,0.0,0.422,19,60.24,Low
2010,Paraguay,South America,23.8,925.0,0.162,0.47,18,50.85,Moderate
2011,Paraguay,South America,22.71,829.1,0.066,0.449,16,42.15,Moderate
2012,Paraguay,South America,23.16,1095.0,0.0,0.696,3,57.85,Moderate
2013,Paraguay,South America,23.58,947.0,0.131,0.511,15,45.3,Moderate
2014,Paraguay,South America,22.44,1248.5,0.0,0.588,3,67.03,Moderate
2015,Paraguay,South America,22.77,1055.0,0.077,0.419,1,54.14,Low
2016,Paraguay,South America,23.28,1149.4,0.0,0.477,17,57.14,Low
2017,Paraguay,South America,24.05,1318.8,0.0,0.556,25,78.85,Moderate
2018,Paraguay,South America,22.08,862.4,0.105,0.581,7,37.75,Moderate
2019,Paraguay,South America,19.42,984.1,0.0,0.515,0,57.93,Moderate
2020,Paraguay,South America,23.88,1128.9,0.0,0.518,6,48.32,Moderate
2021,Paraguay,South America,24.19,1150.0,0.078,0.498,16,60.83,Moderate
2022,Paraguay,South America,23.34,1276.6,0.0,0.57,20,72.45,Moderate
2023,Paraguay,South America,23.44,1238.7,0.0,0.571,20,50.49,Moderate
2024,Paraguay,South America,22.46,1115.5,0.0,0.663,15,56.61,Moderate
2025,Paraguay,South America,23.75,1148.5,0.0,0.572,10,61.72,Moderate
2026,Paraguay,South America,24.19,1153.0,0.029,0.461,11,58.59,Low
2027,Paraguay,South America,23.26,864.8,0.187,0.617,20,41.77,Moderate
2028,Paraguay,South America,26.2,1075.0,0.176,0.446,29,51.05,Moderate
2029,Paraguay,South America,21.35,1139.8,0.0,0.523,6,50.42,Moderate
2030,Paraguay,South America,23.44,1173.4,0.0,0.691,10,72.88,Moderate
2031,Paraguay,South America,21.85,952.1,0.12,0.509,18,42.18,Moderate
2032,Paraguay,South America,24.33,897.0,0.168,0.411,14,44.1,Moderate
2033,Paraguay,South America,21.4,1062.5,0.0,0.433,14,49.24,Low
2034,Paraguay,South America,21.71,1414.8,0.0,0.63,8,57.08,Moderate
2035,Paraguay,South America,22.57,968.9,0.0,0.412,3,42.9,Low
2036,Paraguay,South America,23.67,1287.8,0.0,0.644,27,55.71,Moderate
2037,Paraguay,South America,22.65,1353.6,0.0,0.692,12,74.23,Moderate
2038,Paraguay,South America,22.68,1107.3,0.0,0.542,6,51.72,Moderate
2039,Paraguay,South America,23.19,991.2,0.0,0.492,2,46.48,Low
2040,Paraguay,South America,23.13,1182.1,0.0,0.507,3,52.72,Moderate
2041,Paraguay,South America,25.22,1131.2,0.044,0.589,16,56.24,Moderate
2042,Paraguay,South America,24.28,962.5,0.227,0.584,32,39.29,Moderate
2043,Paraguay,South America,23.09,994.6,0.0,0.484,8,55.68,Low
2044,Paraguay,South America,26.01,1172.6,0.0,0.572,33,60.44,Moderate
2045,Paraguay,South America,24.1,1249.4,0.0,0.631,15,59.04,Moderate
2046,Paraguay,South America,22.37,1048.4,0.118,0.614,1,55.16,Moderate
2047,Paraguay,South America,23.86,1088.9,0.057,0.473,11,53.35,Moderate
2048,Paraguay,South America,24.21,1207.0,0.206,0.72,6,56.37,Moderate
2049,Paraguay,South America,22.76,1072.4,0.0,0.57,5,44.84,Moderate
2050,Paraguay,South America,22.34,1052.1,0.0,0.528,3,52.18,Moderate
1961,Egypt,Africa,25.39,810.8,0.26,0.426,28,36.99,Moderate
1962,Egypt,Africa,26.62,689.1,0.432,0.231,30,21.25,Moderate
1963,Egypt,Africa,24.13,855.8,0.28,0.409,19,42.98,Moderate
1964,Egypt,Africa,27.79,659.1,0.592,0.376,32,27.06,Moderate
1965,Egypt,Africa,25.74,650.3,0.437,0.379,22,19.04,Moderate
1966,Egypt,Africa,23.27,751.6,0.322,0.227,16,34.34,Moderate
1967,Egypt,Africa,24.09,902.2,0.085,0.508,18,48.67,Moderate
1968,Egypt,Africa,26.83,891.9,0.391,0.426,24,33.96,Moderate
1969,Egypt,Africa,26.64,744.9,0.337,0.358,29,28.74,Moderate
1970,Egypt,Africa,25.18,732.7,0.435,0.177,22,31.14,Moderate
1971,Egypt,Africa,25.36,761.4,0.323,0.5,13,22.54,Moderate
1972,Egypt,Africa,23.8,807.7,0.053,0.418,19,32.79,Low
1973,Egypt,Africa,26.8,857.8,0.386,0.306,26,29.24,Moderate
1974,Egypt,Africa,24.05,612.1,0.43,0.336,21,11.23,Moderate
1975,Egypt,Africa,26.27,860.9,0.262,0.458,21,44.32,Moderate
1976,Egypt,Africa,26.89,704.9,0.411,0.45,31,15.09,Moderate
1977,Egypt,Africa,25.35,754.1,0.316,0.352,19,33.45,Moderate
1978,Egypt,Africa,26.47,871.1,0.147,0.437,29,45.48,Moderate
1979,Egypt,Africa,27.54,769.5,0.238,0.333,22,31.95,Moderate
1980,Egypt,Africa,25.66,796.6,0.418,0.446,17,27.45,Moderate
1981,Egypt,Africa,25.15,587.7,0.372,0.231,24,23.35,Moderate
1982,Egypt,Africa,25.3,889.7,0.378,0.373,17,36.94,Moderate
1983,Egypt,Africa,24.5,761.3,0.391,0.375,35,36.27,Moderate
1984,Egypt,Africa,24.5,670.2,0.471,0.237,22,8.31,Moderate
1985,Egypt,Africa,25.96,826.2,0.256,0.541,22,30.68,Moderate
1986,Egypt,Africa,25.25,1064.1,0.0,0.686,26,56.57,Moderate
1987,Egypt,Africa,25.86,463.0,0.475,0.195,17,13.94,Moderate
1988,Egypt,Africa,23.7,521.4,0.377,0.15,22,23.05,Moderate
1989,Egypt,Africa,25.39,1079.6,0.0,0.567,27,55.55,Moderate
1990,Egypt,Africa,26.76,718.3,0.387,0.321,34,27.37,Moderate
1991,Egypt,Africa,24.2,680.5,0.308,0.434,13,26.06,Moderate
1992,Egypt,Africa,25.58,631.5,0.324,0.253,10,39.04,Moderate
1993,Egypt,Africa,23.35,843.3,0.082,0.465,9,49.74,Moderate
1994,Egypt,Africa,24.03,1067.8,0.021,0.543,13,55.94,Moderate
1995,Egypt,Africa,26.58,543.6,0.569,0.218,37,16.26,Moderate
1996,Egypt,Africa,25.26,634.5,0.338,0.336,37,28.18,Moderate
1997,Egypt,Africa,27.83,593.9,0.591,0.367,30,22.84,Moderate
1998,Egypt,Africa,26.18,767.3,0.372,0.391,22,33.43,Moderate
1999,Egypt,Africa,26.32,845.6,0.316,0.431,20,31.45,Moderate
2000,Egypt,Africa,24.41,909.3,0.119,0.385,23,53.8,Moderate
2001,Egypt,Africa,25.26,772.7,0.204,0.478,37,36.02,Moderate
2002,Egypt,Africa,24.86,1053.1,0.226,0.61,32,60.21,Moderate
2003,Egypt,Africa,24.48,558.0,0.476,0.246,26,19.51,Moderate
2004,Egypt,Africa,26.57,516.5,0.64,0.248,32,11.55,Moderate
2005,Egypt,Africa,26.83,885.1,0.303,0.556,31,46.51,Moderate
2006,Egypt,Africa,26.29,669.7,0.423,0.244,22,26.83,Moderate
2007,Egypt,Africa,24.83,429.8,0.574,0.263,12,10.81,Moderate
2008,Egypt,Africa,26.24,599.4,0.337,0.255,22,16.03,Moderate
2009,Egypt,Africa,23.57,690.9,0.196,0.488,18,34.59,Moderate
2010,Egypt,Africa,27.47,546.6,0.519,0.278,14,13.99,Moderate
2011,Egypt,Africa,24.34,487.7,0.432,0.345,15,13.05,Moderate
2012,Egypt,Africa,24.57,616.8,0.318,0.247,11,21.54,Moderate
2013,Egypt,Africa,26.07,479.7,0.588,0.14,30,14.86,Moderate
2014,Egypt,Africa,26.2,751.6,0.38,0.357,18,20.78,Moderate
2015,Egypt,Africa,25.88,339.0,0.764,0.191,24,5.0,Moderate
2016,Egypt,Africa,24.66,664.5,0.556,0.291,12,27.98,Moderate
2017,Egypt,Africa,27.37,733.1,0.344,0.427,38,22.31,Moderate
2018,Egypt,Africa,24.0,635.5,0.358,0.301,2,25.65,Moderate
2019,Egypt,Africa,24.26,824.9,0.236,0.246,20,32.74,Low
2020,Egypt,Africa,25.93,430.7,0.588,0.26,11,7.36,Moderate
2021,Egypt,Africa,24.56,537.8,0.357,0.198,13,29.68,Moderate
2022,Egypt,Africa,27.57,597.2,0.478,0.27,28,10.39,Moderate
2023,Egypt,Africa,24.7,764.0,0.309,0.506,20,36.62,Moderate
2024,Egypt,Africa,28.0,685.0,0.435,0.484,29,22.68,Moderate
2025,Egypt,Africa,27.39,992.9,0.273,0.45,27,41.02,Moderate
2026,Egypt,Africa,27.65,521.1,0.591,0.307,21,7.57,Moderate
2027,Egypt,Africa,28.45,426.8,0.729,0.169,28,11.28,Moderate
2028,Egypt,Africa,26.3,936.3,0.17,0.445,23,42.26,Moderate
2029,Egypt,Africa,25.01,421.1,0.562,0.162,20,7.9,Moderate
2030,Egypt,Africa,26.12,759.3,0.293,0.242,21,32.76,Moderate
2031,Egypt,Africa,25.58,493.4,0.539,0.254,26,12.86,Moderate
2032,Egypt,Africa,25.43,318.9,0.751,0.183,21,5.0,Moderate
2033,Egypt,Africa,26.48,590.0,0.523,0.241,25,16.09,Moderate
2034,Egypt,Africa,25.94,793.9,0.356,0.484,18,37.96,Moderate
2035,Egypt,Africa,25.43,454.5,0.612,0.192,11,5.0,Moderate
2036,Egypt,Africa,26.06,742.2,0.26,0.32,23,25.36,Moderate
2037,Egypt,Africa,27.03,772.1,0.537,0.428,34,25.29,Moderate
2038,Egypt,Africa,27.53,446.5,0.573,0.1,30,6.51,Moderate
2039,Egypt,Africa,24.48,613.6,0.456,0.379,10,21.39,Moderate
2040,Egypt,Africa,26.06,902.3,0.318,0.419,28,32.2,Moderate
2041,Egypt,Africa,26.27,754.1,0.303,0.456,20,29.32,Moderate
2042,Egypt,Africa,25.04,608.2,0.498,0.407,24,20.15,Moderate
2043,Egypt,Africa,26.33,716.4,0.445,0.409,20,30.82,Moderate
2044,Egypt,Africa,26.67,540.4,0.699,0.205,26,20.51,Moderate
2045,Egypt,Africa,27.13,828.2,0.381,0.314,21,32.23,Moderate
2046,Egypt,Africa,26.62,828.1,0.331,0.299,19,46.12,Moderate
2047,Egypt,Africa,25.49,669.3,0.355,0.423,7,25.26,Moderate
2048,Egypt,Africa,28.98,686.9,0.419,0.333,35,30.94,Moderate
2049,Egypt,Africa,27.58,490.2,0.603,0.197,29,24.03,Moderate
2050,Egypt,Africa,27.27,433.7,0.631,0.206,29,9.89,Moderate
1961,Nigeria,Africa,23.35,647.4,0.377,0.345,11,32.14,Moderate
1962,Nigeria,Africa,25.13,701.3,0.37,0.357,10,19.56,Moderate
1963,Nigeria,Africa,24.3,410.5,0.692,0.278,9,5.0,Moderate
1964,Nigeria,Africa,24.72,677.9,0.443,0.327,23,23.16,Moderate
1965,Nigeria,Africa,27.45,380.2,0.74,0.166,22,23.16,Moderate
1966,Nigeria,Africa,23.62,665.6,0.231,0.314,5,27.1,Moderate
1967,Nigeria,Africa,25.47,545.6,0.472,0.199,23,17.11,Moderate
1968,Nigeria,Africa,24.07,511.5,0.477,0.371,25,19.75,Moderate
1969,Nigeria,Africa,24.77,783.6,0.213,0.483,22,40.78,Moderate
1970,Nigeria,Africa,26.06,612.3,0.569,0.209,2,20.26,Moderate
1971,Nigeria,Africa,25.56,725.8,0.282,0.427,11,37.64,Moderate
1972,Nigeria,Africa,24.93,731.1,0.273,0.218,19,23.93,Low
1973,Nigeria,Africa,24.44,853.2,0.167,0.505,15,34.72,Moderate
1974,Nigeria,Africa,25.61,456.7,0.614,0.173,18,17.53,Moderate
1975,Nigeria,Africa,27.3,797.0,0.331,0.427,18,33.29,Moderate
1976,Nigeria,Africa,24.19,652.6,0.199,0.172,5,21.07,Low
1977,Nigeria,Africa,27.58,589.5,0.645,0.199,42,8.64,Moderate
1978,Nigeria,Africa,26.75,466.1,0.569,0.271,24,7.06,Moderate
1979,Nigeria,Africa,26.97,747.1,0.329,0.317,30,30.78,Moderate
1980,Nigeria,Africa,25.71,502.4,0.466,0.184,21,18.6,Moderate
1981,Nigeria,Africa,26.77,732.8,0.552,0.478,24,23.63,High
1982,Nigeria,Africa,24.17,958.5,0.071,0.656,16,48.81,Moderate
1983,Nigeria,Africa,24.59,806.8,0.244,0.478,8,32.85,Moderate
1984,Nigeria,Africa,26.33,872.6,0.258,0.349,10,45.82,Moderate
1985,Nigeria,Africa,25.79,535.0,0.409,0.409,24,33.89,Moderate
1986,Nigeria,Africa,25.27,772.0,0.253,0.261,21,31.19,Moderate
1987,Nigeria,Africa,22.46,466.9,0.286,0.209,18,20.51,Low
1988,Nigeria,Africa,24.96,612.6,0.487,0.311,24,23.28,Moderate
1989,Nigeria,Africa,24.1,928.6,0.15,0.618,9,44.27,Moderate
1990,Nigeria,Africa,26.11,552.7,0.71,0.349,31,17.37,High
1991,Nigeria,Africa,25.31,827.8,0.218,0.377,26,39.91,Moderate
1992,Nigeria,Africa,24.8,812.5,0.191,0.331,23,33.98,Moderate
1993,Nigeria,Africa,28.75,822.0,0.573,0.491,48,37.54,High
1994,Nigeria,Africa,26.84,447.3,0.707,0.181,40,9.43,Moderate
1995,Nigeria,Africa,26.88,734.0,0.45,0.384,30,25.38,Moderate
1996,Nigeria,Africa,28.27,624.9,0.478,0.203,33,36.34,Moderate
1997,Nigeria,Africa,26.61,824.2,0.481,0.458,32,30.88,Moderate
1998,Nigeria,Africa,24.74,385.2,0.556,0.232,13,9.67,Moderate
1999,Nigeria,Africa,24.62,708.8,0.29,0.255,13,30.69,Moderate
2000,Nigeria,Africa,26.86,686.2,0.544,0.426,29,22.65,Moderate
2001,Nigeria,Africa,23.25,331.6,0.524,0.21,6,8.79,Moderate
2002,Nigeria,Africa,25.64,508.3,0.426,0.313,25,11.83,Moderate
2003,Nigeria,Africa,23.15,357.2,0.506,0.148,14,11.33,Moderate
2004,Nigeria,Africa,25.89,533.8,0.451,0.281,14,7.12,Moderate
2005,Nigeria,Africa,26.82,737.9,0.173,0.374,24,25.64,Moderate
2006,Nigeria,Africa,26.15,681.3,0.35,0.329,32,38.01,Moderate
2007,Nigeria,Africa,26.95,677.1,0.422,0.352,25,17.88,Moderate
2008,Nigeria,Africa,28.2,483.6,0.572,0.342,29,5.0,Moderate
2009,Nigeria,Africa,25.69,829.3,0.338,0.501,23,27.31,Moderate
2010,Nigeria,Africa,29.25,647.0,0.538,0.229,35,32.03,Moderate
2011,Nigeria,Africa,26.16,655.4,0.478,0.407,19,12.46,Moderate
2012,Nigeria,Africa,27.06,800.5,0.282,0.496,27,28.64,Moderate
2013,Nigeria,Africa,25.2,491.4,0.582,0.234,11,5.0,Moderate
2014,Nigeria,Africa,27.9,686.6,0.402,0.384,21,24.64,Moderate
2015,Nigeria,Africa,27.22,717.8,0.261,0.398,20,28.05,Moderate
2016,Nigeria,Africa,27.76,562.7,0.685,0.213,31,11.55,Moderate
2017,Nigeria,Africa,26.07,754.4,0.296,0.347,23,42.93,Moderate
2018,Nigeria,Africa,24.52,726.3,0.448,0.423,16,20.17,Moderate
2019,Nigeria,Africa,26.6,633.8,0.522,0.277,29,20.63,Moderate
2020,Nigeria,Africa,24.03,628.9,0.415,0.392,19,25.17,Moderate
2021,Nigeria,Africa,25.68,733.8,0.443,0.471,18,21.94,Moderate
2022,Nigeria,Africa,26.33,776.2,0.371,0.48,14,34.31,Moderate
2023,Nigeria,Africa,28.97,660.1,0.587,0.488,24,18.87,High
2024,Nigeria,Africa,26.52,829.2,0.436,0.407,11,34.99,Moderate
2025,Nigeria,Africa,26.32,755.4,0.385,0.392,24,29.41,Moderate
2026,Nigeria,Africa,26.09,363.8,0.587,0.208,15,5.0,Moderate
2027,Nigeria,Africa,24.58,425.2,0.572,0.208,13,17.66,Moderate
2028,Nigeria,Africa,26.31,839.2,0.147,0.463,21,51.44,Moderate
2029,Nigeria,Africa,26.35,610.5,0.587,0.168,31,17.73,Moderate
2030,Nigeria,Africa,25.08,676.3,0.478,0.355,26,18.86,Moderate
2031,Nigeria,Africa,24.84,832.3,0.343,0.306,18,43.79,Moderate
2032,Nigeria,Africa,25.7,649.0,0.514,0.247,31,33.51,Moderate
2033,Nigeria,Africa,26.37,656.0,0.443,0.387,7,22.92,Moderate
2034,Nigeria,Africa,25.76,511.0,0.515,0.24,36,13.94,Moderate
2035,Nigeria,Africa,25.07,709.2,0.249,0.41,24,30.01,Moderate
2036,Nigeria,Africa,26.7,743.8,0.543,0.354,24,16.28,Moderate
2037,Nigeria,Africa,27.01,557.5,0.514,0.367,17,15.86,Moderate
2038,Nigeria,Africa,26.53,502.5,0.595,0.232,20,23.52,Moderate
2039,Nigeria,Africa,25.73,1070.2,0.142,0.379,26,49.65,Moderate
2040,Nigeria,Africa,27.14,635.1,0.396,0.336,30,17.6,Moderate
2041,Nigeria,Africa,26.21,540.6,0.385,0.097,27,22.31,Low
2042,Nigeria,Africa,25.03,763.1,0.307,0.265,13,28.01,Moderate
2043,Nigeria,Africa,27.72,641.9,0.491,0.25,19,21.87,Moderate
2044,Nigeria,Africa,26.92,476.3,0.599,0.158,26,5.0,Moderate
2045,Nigeria,Africa,26.37,727.3,0.484,0.32,29,20.46,Moderate
2046,Nigeria,Africa,24.64,513.5,0.483,0.173,17,20.43,Moderate
2047,Nigeria,Africa,25.65,902.2,0.299,0.339,32,39.83,Moderate
2048,Nigeria,Africa,28.99,729.1,0.564,0.488,31,20.51,High
2049,Nigeria,Africa,24.77,605.7,0.381,0.249,18,23.39,Moderate
2050,Nigeria,Africa,26.3,667.5,0.358,0.155,28,22.57,Moderate
1961,Ethiopia,Africa,24.06,566.0,0.382,0.209,16,23.34,Moderate
1962,Ethiopia,Africa,26.41,802.8,0.316,0.525,22,21.7,Moderate
1963,Ethiopia,Africa,25.98,748.6,0.298,0.26,29,37.62,Moderate
1964,Ethiopia,Africa,25.03,815.8,0.139,0.59,22,53.4,Moderate
1965,Ethiopia,Africa,25.25,785.8,0.413,0.347,25,18.49,Moderate
1966,Ethiopia,Africa,25.08,595.4,0.389,0.424,8,20.26,Moderate
1967,Ethiopia,Africa,25.69,1001.9,0.159,0.476,22,46.29,Moderate
1968,Ethiopia,Africa,24.17,671.9,0.318,0.4,14,32.49,Moderate
1969,Ethiopia,Africa,26.18,161.1,0.882,0.192,34,5.0,High
1970,Ethiopia,Africa,25.59,604.8,0.602,0.414,22,20.5,High
1971,Ethiopia,Africa,24.86,574.9,0.445,0.241,13,32.69,Moderate
1972,Ethiopia,Africa,24.61,777.2,0.263,0.32,24,34.63,Moderate
1973,Ethiopia,Africa,26.23,577.8,0.409,0.282,27,23.43,Moderate
1974,Ethiopia,Africa,25.05,825.8,0.147,0.309,12,40.32,Low
1975,Ethiopia,Africa,24.41,739.3,0.151,0.389,14,41.27,Moderate
1976,Ethiopia,Africa,24.81,490.0,0.427,0.179,15,13.43,Moderate
1977,Ethiopia,Africa,26.21,627.5,0.295,0.4,32,30.39,Moderate
1978,Ethiopia,Africa,23.37,525.9,0.479,0.217,15,9.32,Moderate
1979,Ethiopia,Africa,24.9,679.6,0.393,0.2,24,24.4,Moderate
1980,Ethiopia,Africa,26.63,525.0,0.536,0.375,19,11.7,Moderate
1981,Ethiopia,Africa,25.16,661.9,0.474,0.346,22,24.15,Moderate
1982,Ethiopia,Africa,25.71,606.4,0.366,0.306,31,21.1,Moderate
1983,Ethiopia,Africa,26.7,625.6,0.423,0.4,21,29.62,Moderate
1984,Ethiopia,Africa,26.48,978.2,0.071,0.559,24,42.22,Moderate
1985,Ethiopia,Africa,24.9,592.3,0.484,0.235,7,9.55,Moderate
1986,Ethiopia,Africa,25.29,340.5,0.557,0.134,13,5.0,Moderate
1987,Ethiopia,Africa,26.55,812.5,0.349,0.317,20,39.62,Moderate
1988,Ethiopia,Africa,26.61,811.3,0.431,0.288,15,26.12,Moderate
1989,Ethiopia,Africa,25.4,333.4,0.741,0.213,30,5.0,Moderate
1990,Ethiopia,Africa,25.46,537.9,0.486,0.3,13,15.4,Moderate
1991,Ethiopia,Africa,25.86,719.7,0.41,0.421,27,32.74,Moderate
1992,Ethiopia,Africa,27.2,733.9,0.363,0.469,27,28.04,Moderate
1993,Ethiopia,Africa,26.86,649.2,0.614,0.387,24,36.77,High
1994,Ethiopia,Africa,26.43,652.9,0.442,0.396,35,35.2,Moderate
1995,Ethiopia,Africa,24.32,499.8,0.465,0.084,0,13.79,Moderate
1996,Ethiopia,Africa,25.3,266.0,0.642,0.108,18,5.0,Moderate
1997,Ethiopia,Africa,25.38,977.9,0.266,0.566,11,62.36,Moderate
1998,Ethiopia,Africa,27.37,495.0,0.631,0.154,10,5.66,Moderate
1999,Ethiopia,Africa,25.4,678.2,0.446,0.346,10,24.66,Moderate
2000,Ethiopia,Africa,27.21,624.6,0.542,0.354,25,20.51,Moderate
2001,Ethiopia,Africa,25.04,793.6,0.267,0.432,13,34.32,Moderate
2002,Ethiopia,Africa,25.15,668.4,0.454,0.364,26,13.9,Moderate
2003,Ethiopia,Africa,26.33,674.6,0.462,0.385,21,27.46,Moderate
2004,Ethiopia,Africa,27.66,228.5,0.743,0.129,24,5.0,Moderate
2005,Ethiopia,Africa,25.54,516.7,0.429,0.141,18,25.88,Moderate
2006,Ethiopia,Africa,22.73,769.1,0.199,0.425,11,25.74,Moderate
2007,Ethiopia,Africa,23.95,754.7,0.331,0.4,12,31.47,Moderate
2008,Ethiopia,Africa,26.2,497.7,0.686,0.133,15,5.0,Moderate
2009,Ethiopia,Africa,24.09,397.5,0.379,0.309,24,5.0,Moderate
2010,Ethiopia,Africa,24.84,670.3,0.365,0.378,13,21.17,Moderate
2011,Ethiopia,Africa,25.91,184.9,0.803,0.0,18,5.0,Moderate
2012,Ethiopia,Africa,22.98,466.2,0.44,0.168,16,23.31,Moderate
2013,Ethiopia,Africa,25.48,931.6,0.289,0.421,22,40.55,Moderate
2014,Ethiopia,Africa,24.56,881.2,0.251,0.395,10,46.8,Moderate
2015,Ethiopia,Africa,24.17,728.0,0.21,0.387,22,29.92,Moderate
2016,Ethiopia,Africa,25.03,699.2,0.271,0.271,23,33.18,Moderate
2017,Ethiopia,Africa,24.72,338.0,0.62,0.259,19,5.0,Moderate
2018,Ethiopia,Africa,26.59,531.5,0.629,0.349,20,9.23,Moderate
2019,Ethiopia,Africa,27.48,602.8,0.555,0.351,23,8.12,Moderate
2020,Ethiopia,Africa,25.62,534.9,0.373,0.271,19,21.3,Moderate
2021,Ethiopia,Africa,25.36,594.0,0.36,0.372,10,24.07,Moderate
2022,Ethiopia,Africa,25.6,857.9,0.323,0.407,20,41.11,Moderate
2023,Ethiopia,Africa,24.79,563.3,0.409,0.224,25,21.27,Moderate
2024,Ethiopia,Africa,24.59,595.4,0.413,0.393,24,33.66,Moderate
2025,Ethiopia,Africa,24.18,768.3,0.345,0.41,13,32.57,Moderate
2026,Ethiopia,Africa,24.57,422.9,0.43,0.157,26,18.49,Moderate
2027,Ethiopia,Africa,28.15,515.6,0.606,0.224,43,11.72,Moderate
2028,Ethiopia,Africa,25.38,532.0,0.447,0.207,17,12.21,Moderate
2029,Ethiopia,Africa,22.69,658.9,0.292,0.491,17,31.4,Moderate
2030,Ethiopia,Africa,25.54,594.8,0.514,0.298,2,18.93,Moderate
2031,Ethiopia,Africa,24.35,599.9,0.271,0.313,6,29.57,Moderate
2032,Ethiopia,Africa,26.35,543.6,0.529,0.33,23,18.72,Moderate
2033,Ethiopia,Africa,26.24,478.7,0.64,0.142,14,6.38,Moderate
2034,Ethiopia,Africa,26.38,747.5,0.237,0.461,39,39.08,Moderate
2035,Ethiopia,Africa,26.28,596.0,0.483,0.249,27,14.9,Moderate
2036,Ethiopia,Africa,25.9,749.0,0.263,0.521,29,35.95,Moderate
2037,Ethiopia,Africa,24.62,472.1,0.442,0.211,17,22.45,Moderate
2038,Ethiopia,Africa,26.3,543.6,0.326,0.355,14,18.35,Moderate
2039,Ethiopia,Africa,27.63,614.6,0.654,0.108,22,24.59,Moderate
2040,Ethiopia,Africa,28.6,629.5,0.552,0.221,31,22.83,Moderate
2041,Ethiopia,Africa,26.15,770.7,0.293,0.362,17,37.79,Moderate
2042,Ethiopia,Africa,26.3,581.1,0.526,0.128,28,13.51,Moderate
2043,Ethiopia,Africa,27.08,769.5,0.321,0.433,30,33.34,Moderate
2044,Ethiopia,Africa,28.29,710.0,0.416,0.38,28,18.73,Moderate
2045,Ethiopia,Africa,25.93,632.9,0.565,0.237,7,30.61,Moderate
2046,Ethiopia,Africa,27.36,497.8,0.757,0.248,39,5.0,High
2047,Ethiopia,Africa,25.56,771.1,0.28,0.45,18,30.83,Moderate
2048,Ethiopia,Africa,26.96,501.8,0.675,0.083,46,6.0,Moderate
2049,Ethiopia,Africa,27.75,646.6,0.554,0.221,32,25.3,Moderate
2050,Ethiopia,Africa,25.05,641.4,0.281,0.294,17,37.98,Moderate
1961,South Africa,Africa,25.79,804.9,0.257,0.302,27,38.23,Moderate
1962,South Africa,Africa,28.57,787.2,0.482,0.441,29,29.21,Moderate
1963,South Africa,Africa,23.38,738.2,0.227,0.465,19,33.49,Moderate
1964,South Africa,Africa,23.49,713.1,0.233,0.311,6,26.09,Moderate
1965,South Africa,Africa,24.0,638.3,0.211,0.36,17,28.42,Moderate
1966,South Africa,Africa,25.24,747.5,0.287,0.5,14,32.35,Moderate
1967,South Africa,Africa,23.88,472.0,0.368,0.263,5,9.16,Moderate
1968,South Africa,Africa,24.22,274.2,0.659,0.105,9,5.0,Moderate
1969,South Africa,Africa,25.89,835.9,0.377,0.501,17,24.06,Moderate
1970,South Africa,Africa,23.67,757.9,0.302,0.32,24,32.97,Moderate
1971,South Africa,Africa,23.82,629.7,0.369,0.211,10,34.71,Moderate
1972,South Africa,Africa,24.72,821.9,0.181,0.476,7,41.57,Moderate
1973,South Africa,Africa,24.85,533.0,0.478,0.234,19,21.13,Moderate
1974,South Africa,Africa,26.45,537.1,0.602,0.243,23,9.43,Moderate
1975,South Africa,Africa,24.17,514.9,0.394,0.207,12,28.48,Moderate
1976,South Africa,Africa,24.41,740.8,0.301,0.333,15,39.29,Moderate
1977,South Africa,Africa,25.99,396.7,0.604,0.311,29,5.0,Moderate
1978,South Africa,Africa,26.27,527.3,0.67,0.397,28,10.12,High
1979,South Africa,Africa,27.04,696.4,0.523,0.492,29,31.89,High
1980,South Africa,Africa,25.9,457.3,0.617,0.316,12,21.3,Moderate
1981,South Africa,Africa,25.52,544.4,0.35,0.309,43,12.64,Moderate
1982,South Africa,Africa,26.07,296.1,0.706,0.033,30,5.0,Moderate
1983,South Africa,Africa,25.08,746.9,0.308,0.358,23,30.33,Moderate
1984,South Africa,Africa,25.08,539.9,0.455,0.443,9,5.0,Moderate
1985,South Africa,Africa,23.3,474.1,0.301,0.202,21,17.79,Moderate
1986,South Africa,Africa,26.52,442.8,0.523,0.343,19,18.8,Moderate
1987,South Africa,Africa,25.72,583.1,0.464,0.296,19,11.24,Moderate
1988,South Africa,Africa,26.42,397.2,0.726,0.0,9,6.09,Moderate
1989,South Africa,Africa,22.13,960.8,0.0,0.532,0,44.55,Moderate
1990,South Africa,Africa,25.47,268.4,0.65,0.236,23,10.27,Moderate
1991,South Africa,Africa,24.51,577.9,0.555,0.285,25,14.37,Moderate
1992,South Africa,Africa,27.36,667.1,0.468,0.432,31,33.11,Moderate
1993,South Africa,Africa,26.31,525.9,0.53,0.13,28,12.12,Moderate
1994,South Africa,Africa,25.88,683.9,0.396,0.231,21,30.9,Moderate
1995,South Africa,Africa,25.09,522.1,0.374,0.277,16,20.13,Moderate
1996,South Africa,Africa,26.11,894.8,0.312,0.486,24,37.67,Moderate
1997,South Africa,Africa,24.53,471.0,0.438,0.344,24,10.04,Moderate
1998,South Africa,Africa,25.55,273.8,0.679,0.188,20,5.0,Moderate
1999,South Africa,Africa,24.99,442.2,0.569,0.126,28,8.09,Moderate
2000,South Africa,Africa,28.42,711.8,0.668,0.373,27,18.09,High
2001,South Africa,Africa,27.48,631.1,0.418,0.364,18,32.03,Moderate
2002,South Africa,Africa,27.01,770.3,0.47,0.235,24,32.41,Moderate
2003,South Africa,Africa,23.97,730.3,0.346,0.362,16,33.45,Moderate
2004,South Africa,Africa,26.81,548.2,0.498,0.247,23,15.1,Moderate
2005,South Africa,Africa,26.02,571.7,0.54,0.233,32,16.66,Moderate
2006,South Africa,Africa,27.28,588.3,0.675,0.334,32,14.42,High
2007,South Africa,Africa,26.21,951.5,0.17,0.384,11,46.2,Moderate
2008,South Africa,Africa,25.84,760.5,0.368,0.414,33,34.52,Moderate
2009,South Africa,Africa,26.14,952.7,0.259,0.521,0,42.27,Moderate
2010,South Africa,Africa,23.72,784.5,0.268,0.479,32,29.11,Moderate
2011,South Africa,Africa,24.98,639.8,0.453,0.23,16,27.49,Moderate
2012,South Africa,Africa,26.37,486.9,0.584,0.123,21,12.87,Moderate
2013,South Africa,Africa,27.3,682.2,0.519,0.363,25,15.09,Moderate
2014,South Africa,Africa,25.29,640.3,0.334,0.297,22,12.51,Moderate
2015,South Africa,Africa,25.92,635.0,0.456,0.55,21,24.42,High
2016,South Africa,Africa,24.07,616.5,0.325,0.345,15,19.35,Moderate
2017,South Africa,Africa,27.76,321.6,0.66,0.165,37,5.47,Moderate
2018,South Africa,Africa,27.36,851.7,0.319,0.412,30,31.55,Moderate
2019,South Africa,Africa,26.83,641.9,0.504,0.224,16,22.81,Moderate
2020,South Africa,Africa,26.55,423.7,0.66,0.257,29,5.72,Moderate
2021,South Africa,Africa,27.94,727.1,0.376,0.357,32,39.34,Moderate
2022,South Africa,Africa,25.13,513.1,0.415,0.25,15,23.05,Moderate
2023,South Africa,Africa,25.02,739.9,0.38,0.378,25,37.47,Moderate
2024,South Africa,Africa,27.41,791.1,0.446,0.413,24,30.78,Moderate
2025,South Africa,Africa,27.35,813.1,0.457,0.267,24,36.44,Moderate
2026,South Africa,Africa,24.74,624.3,0.5,0.379,16,21.75,Moderate
2027,South Africa,Africa,25.55,583.8,0.504,0.224,1,27.94,Moderate
2028,South Africa,Africa,28.23,549.9,0.586,0.264,24,15.35,Moderate
2029,South Africa,Africa,26.72,534.4,0.563,0.37,29,7.07,Moderate
2030,South Africa,Africa,27.19,647.2,0.63,0.466,25,7.77,High
2031,South Africa,Africa,24.87,616.5,0.624,0.172,8,28.35,Moderate
2032,South Africa,Africa,27.07,518.0,0.62,0.261,32,16.36,Moderate
2033,South Africa,Africa,24.59,467.0,0.539,0.255,15,15.84,Moderate
2034,South Africa,Africa,23.94,632.6,0.403,0.196,6,32.51,Moderate
2035,South Africa,Africa,27.2,580.5,0.547,0.354,43,8.17,Moderate
2036,South Africa,Africa,28.07,467.4,0.763,0.243,19,5.96,High
2037,South Africa,Africa,26.06,782.9,0.425,0.407,29,29.24,Moderate
2038,South Africa,Africa,25.73,933.5,0.248,0.393,15,46.17,Moderate
2039,South Africa,Africa,28.46,804.0,0.423,0.435,30,27.58,Moderate
2040,South Africa,Africa,26.19,534.8,0.406,0.334,15,11.41,Moderate
2041,South Africa,Africa,26.36,642.0,0.518,0.331,13,14.47,Moderate
2042,South Africa,Africa,28.49,896.5,0.401,0.407,33,43.7,Moderate
2043,South Africa,Africa,26.05,462.2,0.513,0.196,25,8.39,Moderate
2044,South Africa,Africa,25.71,775.2,0.241,0.405,30,30.62,Moderate
2045,South Africa,Africa,27.49,418.3,0.729,0.213,26,10.15,Moderate
2046,South Africa,Africa,25.68,919.4,0.099,0.532,38,39.8,Moderate
2047,South Africa,Africa,26.37,581.1,0.528,0.252,25,8.28,Moderate
2048,South Africa,Africa,24.98,1006.6,0.198,0.406,23,36.89,Moderate
2049,South Africa,Africa,26.81,926.5,0.323,0.492,13,39.53,Moderate
2050,South Africa,Africa,26.68,633.0,0.451,0.278,19,25.62,Moderate
1961,Kenya,Africa,24.76,796.6,0.155,0.369,11,40.78,Moderate
1962,Kenya,Africa,25.53,640.4,0.262,0.318,11,25.99,Moderate
1963,Kenya,Africa,23.1,728.7,0.341,0.539,6,23.9,Moderate
1964,Kenya,Africa,23.2,278.6,0.48,0.199,9,7.56,Moderate
1965,Kenya,Africa,27.78,588.4,0.511,0.22,25,23.22,Moderate
1966,Kenya,Africa,26.57,785.6,0.446,0.395,32,28.35,Moderate
1967,Kenya,Africa,26.03,696.2,0.38,0.375,22,27.58,Moderate
1968,Kenya,Africa,24.33,388.1,0.525,0.11,20,5.44,Moderate
1969,Kenya,Africa,24.86,659.8,0.355,0.391,19,19.31,Moderate
1970,Kenya,Africa,25.16,519.0,0.515,0.194,10,12.67,Moderate
1971,Kenya,Africa,26.76,505.1,0.559,0.132,24,14.52,Moderate
1972,Kenya,Africa,25.68,406.7,0.603,0.209,22,5.0,Moderate
1973,Kenya,Africa,25.85,749.0,0.317,0.368,27,28.56,Moderate
1974,Kenya,Africa,25.03,828.1,0.288,0.414,10,36.17,Moderate
1975,Kenya,Africa,26.2,989.2,0.229,0.433,6,52.06,Moderate
1976,Kenya,Africa,25.63,414.2,0.738,0.157,22,5.0,Moderate
1977,Kenya,Africa,25.34,772.8,0.285,0.477,22,25.47,Moderate
1978,Kenya,Africa,24.41,783.3,0.246,0.427,15,32.98,Moderate
1979,Kenya,Africa,25.19,557.1,0.481,0.202,19,14.85,Moderate
1980,Kenya,Africa,24.05,503.2,0.52,0.096,23,18.07,Moderate
1981,Kenya,Africa,25.31,476.3,0.438,0.165,16,13.03,Moderate
1982,Kenya,Africa,25.48,565.6,0.479,0.295,18,5.0,Moderate
1983,Kenya,Africa,22.51,682.4,0.037,0.291,12,55.52,Low
1984,Kenya,Africa,25.14,867.6,0.215,0.377,9,39.93,Moderate
1985,Kenya,Africa,24.02,826.9,0.296,0.366,14,35.95,Moderate
1986,Kenya,Africa,26.05,391.5,0.565,0.19,21,5.0,Moderate
1987,Kenya,Africa,26.23,523.8,0.552,0.325,35,6.37,Moderate
1988,Kenya,Africa,24.97,857.9,0.194,0.429,16,38.47,Moderate
1989,Kenya,Africa,26.16,533.0,0.459,0.271,24,19.5,Moderate
1990,Kenya,Africa,26.23,640.9,0.532,0.302,30,25.63,Moderate
1991,Kenya,Africa,25.26,377.2,0.51,0.149,13,10.08,Moderate
1992,Kenya,Africa,27.4,834.5,0.397,0.489,37,26.66,Moderate
1993,Kenya,Africa,24.71,344.0,0.614,0.231,32,5.0,Moderate
1994,Kenya,Africa,27.36,387.2,0.623,0.357,25,6.29,Moderate
1995,Kenya,Africa,25.34,818.1,0.295,0.458,15,31.8,Moderate
1996,Kenya,Africa,24.62,957.2,0.072,0.439,30,38.84,Moderate
1997,Kenya,Africa,25.23,603.5,0.472,0.229,26,25.7,Moderate
1998,Kenya,Africa,24.35,642.5,0.253,0.397,17,17.61,Moderate
1999,Kenya,Africa,26.63,795.3,0.336,0.332,35,36.75,Moderate
2000,Kenya,Africa,23.78,696.3,0.271,0.413,25,20.93,Moderate
2001,Kenya,Africa,27.39,590.3,0.637,0.234,23,17.58,Moderate
2002,Kenya,Africa,24.61,572.3,0.433,0.314,19,25.56,Moderate
2003,Kenya,Africa,26.76,399.3,0.729,0.115,28,5.0,Moderate
2004,Kenya,Africa,25.8,687.3,0.444,0.406,21,35.63,Moderate
2005,Kenya,Africa,26.12,635.3,0.496,0.219,11,33.35,Moderate
2006,Kenya,Africa,25.1,579.9,0.414,0.312,11,22.13,Moderate
2007,Kenya,Africa,26.25,489.7,0.644,0.229,11,14.84,Moderate
2008,Kenya,Africa,26.01,505.9,0.511,0.261,25,21.45,Moderate
2009,Kenya,Africa,24.11,748.9,0.132,0.343,6,38.07,Low
2010,Kenya,Africa,24.73,791.1,0.254,0.362,19,37.09,Moderate
2011,Kenya,Africa,25.25,597.7,0.472,0.311,34,17.3,Moderate
2012,Kenya,Africa,25.01,580.8,0.307,0.21,30,12.77,Moderate
2013,Kenya,Africa,27.44,513.4,0.534,0.176,11,6.64,Moderate
2014,Kenya,Africa,25.96,799.9,0.228,0.371,11,49.72,Moderate
2015,Kenya,Africa,25.04,655.0,0.447,0.296,12,25.74,Moderate
2016,Kenya,Africa,25.4,708.9,0.498,0.274,10,24.02,Moderate
2017,Kenya,Africa,25.4,707.4,0.348,0.428,6,35.99,Moderate
2018,Kenya,Africa,25.68,600.8,0.497,0.274,20,15.59,Moderate
2019,Kenya,Africa,24.75,463.5,0.547,0.214,23,15.74,Moderate
2020,Kenya,Africa,25.09,490.6,0.628,0.139,26,12.43,Moderate
2021,Kenya,Africa,27.0,830.5,0.305,0.581,21,38.19,Moderate
2022,Kenya,Africa,26.32,533.9,0.517,0.461,20,14.33,Moderate
2023,Kenya,Africa,25.93,584.3,0.452,0.23,24,14.39,Moderate
2024,Kenya,Africa,26.14,468.5,0.578,0.332,21,6.92,Moderate
2025,Kenya,Africa,26.1,455.4,0.78,0.22,28,5.0,Moderate
2026,Kenya,Africa,25.92,526.9,0.522,0.392,25,15.89,Moderate
2027,Kenya,Africa,26.81,920.1,0.215,0.487,21,32.37,Moderate
2028,Kenya,Africa,26.74,755.3,0.305,0.386,9,24.18,Moderate
2029,Kenya,Africa,24.34,565.7,0.513,0.083,29,18.84,Moderate
2030,Kenya,Africa,26.08,823.3,0.247,0.341,16,35.45,Moderate
2031,Kenya,Africa,24.45,625.6,0.429,0.314,20,23.85,Moderate
2032,Kenya,Africa,27.04,866.7,0.279,0.449,9,37.49,Moderate
2033,Kenya,Africa,27.22,1003.9,0.142,0.405,25,62.46,Moderate
2034,Kenya,Africa,25.58,814.5,0.346,0.349,21,34.57,Moderate
2035,Kenya,Africa,26.19,665.1,0.384,0.377,23,23.3,Moderate
2036,Kenya,Africa,23.82,761.9,0.281,0.27,39,33.09,Moderate
2037,Kenya,Africa,27.54,652.4,0.551,0.337,21,27.73,Moderate
2038,Kenya,Africa,27.24,356.2,0.751,0.277,32,5.0,High
2039,Kenya,Africa,27.78,545.3,0.578,0.303,31,19.81,Moderate
2040,Kenya,Africa,28.21,497.7,0.71,0.276,23,13.07,Moderate
2041,Kenya,Africa,24.97,541.7,0.388,0.109,25,17.59,Low
2042,Kenya,Africa,27.52,937.0,0.111,0.403,25,45.3,Moderate
2043,Kenya,Africa,28.25,829.5,0.477,0.579,35,41.54,High
2044,Kenya,Africa,24.7,720.5,0.334,0.312,33,30.81,Moderate
2045,Kenya,Africa,26.31,780.0,0.309,0.491,24,26.89,Moderate
2046,Kenya,Africa,26.09,347.3,0.539,0.125,20,5.0,Moderate
2047,Kenya,Africa,27.57,766.5,0.268,0.361,35,20.27,Moderate
2048,Kenya,Africa,23.69,800.3,0.217,0.441,26,36.5,Moderate
2049,Kenya,Africa,28.76,291.6,0.962,0.154,23,5.0,High
2050,Kenya,Africa,26.47,772.4,0.361,0.417,19,23.36,Moderate
1961,Morocco,Africa,25.18,882.3,0.132,0.437,9,42.76,Moderate
1962,Morocco,Africa,26.2,613.1,0.386,0.17,21,19.5,Moderate
1963,Morocco,Africa,26.35,584.3,0.53,0.289,18,28.14,Moderate
1964,Morocco,Africa,26.59,592.0,0.591,0.347,13,14.28,Moderate
1965,Morocco,Africa,22.83,497.6,0.469,0.101,18,8.68,Moderate
1966,Morocco,Africa,25.7,927.4,0.142,0.421,27,47.71,Moderate
1967,Morocco,Africa,23.3,489.0,0.495,0.119,6,17.3,Moderate
1968,Morocco,Africa,23.93,788.9,0.091,0.361,14,34.38,Low
1969,Morocco,Africa,26.13,760.5,0.347,0.308,22,31.69,Moderate
1970,Morocco,Africa,25.35,601.2,0.477,0.331,5,23.17,Moderate
1971,Morocco,Africa,26.05,939.6,0.065,0.483,10,46.9,Moderate
1972,Morocco,Africa,24.08,400.5,0.685,0.304,26,9.07,Moderate
1973,Morocco,Africa,26.98,637.2,0.6,0.314,16,16.82,Moderate
1974,Morocco,Africa,26.06,571.8,0.546,0.313,32,20.82,Moderate
1975,Morocco,Africa,26.32,803.7,0.265,0.357,12,35.0,Moderate
1976,Morocco,Africa,23.97,706.6,0.289,0.265,21,26.73,Moderate
1977,Morocco,Africa,26.69,373.6,0.731,0.254,21,5.0,Moderate
1978,Morocco,Africa,24.93,848.3,0.151,0.524,17,38.82,Moderate
1979,Morocco,Africa,24.59,727.7,0.295,0.42,32,21.8,Moderate
1980,Morocco,Africa,26.09,484.3,0.632,0.253,12,7.77,Moderate
1981,Morocco,Africa,26.06,594.1,0.359,0.219,26,22.91,Moderate
1982,Morocco,Africa,24.36,442.0,0.529,0.312,21,5.0,Moderate
1983,Morocco,Africa,27.86,622.7,0.408,0.358,54,19.25,Moderate
1984,Morocco,Africa,27.59,674.0,0.423,0.499,18,39.56,Moderate
1985,Morocco,Africa,26.16,596.5,0.441,0.206,17,14.22,Moderate
1986,Morocco,Africa,25.97,577.9,0.527,0.358,28,16.06,Moderate
1987,Morocco,Africa,25.86,392.0,0.557,0.24,19,5.0,Moderate
1988,Morocco,Africa,23.63,704.0,0.289,0.325,11,28.73,Moderate
1989,Morocco,Africa,25.64,342.1,0.583,0.28,28,5.0,Moderate
1990,Morocco,Africa,25.64,655.0,0.372,0.36,18,23.85,Moderate
1991,Morocco,Africa,24.85,362.1,0.684,0.106,11,5.0,Moderate
1992,Morocco,Africa,25.19,658.1,0.297,0.32,25,33.29,Moderate
1993,Morocco,Africa,22.72,649.0,0.333,0.249,15,26.28,Moderate
1994,Morocco,Africa,24.28,714.5,0.303,0.32,14,23.64,Moderate
1995,Morocco,Africa,26.72,788.0,0.327,0.45,21,37.9,Moderate
1996,Morocco,Africa,27.71,817.6,0.304,0.488,19,29.05,Moderate
1997,Morocco,Africa,24.52,392.4,0.454,0.214,23,5.0,Moderate
1998,Morocco,Africa,25.89,640.7,0.378,0.26,18,24.47,Moderate
1999,Morocco,Africa,27.0,971.8,0.244,0.516,18,55.15,Moderate
2000,Morocco,Africa,25.08,669.1,0.424,0.392,8,14.0,Moderate
2001,Morocco,Africa,26.53,517.0,0.533,0.101,26,7.2,Moderate
2002,Morocco,Africa,25.7,637.2,0.411,0.328,17,28.16,Moderate
2003,Morocco,Africa,27.18,588.6,0.532,0.279,9,14.94,Moderate
2004,Morocco,Africa,24.24,461.8,0.52,0.307,7,16.36,Moderate
2005,Morocco,Africa,24.47,789.1,0.311,0.425,15,28.2,Moderate
2006,Morocco,Africa,26.15,743.5,0.265,0.41,20,32.72,Moderate
2007,Morocco,Africa,25.94,436.5,0.563,0.18,19,21.03,Moderate
2008,Morocco,Africa,25.78,635.1,0.533,0.318,18,13.92,Moderate
2009,Morocco,Africa,26.56,559.4,0.423,0.355,11,25.65,Moderate
2010,Morocco,Africa,24.77,393.7,0.563,0.192,11,12.51,Moderate
2011,Morocco,Africa,24.26,423.6,0.497,0.226,26,5.0,Moderate
2012,Morocco,Africa,25.32,447.4,0.501,0.101,28,15.71,Moderate
2013,Morocco,Africa,25.47,640.7,0.543,0.315,25,21.61,Moderate
2014,Morocco,Africa,25.61,576.7,0.472,0.127,24,19.95,Moderate
2015,Morocco,Africa,27.49,496.5,0.741,0.207,33,12.03,Moderate
2016,Morocco,Africa,26.91,587.3,0.527,0.299,15,16.73,Moderate
2017,Morocco,Africa,26.65,769.6,0.419,0.446,24,30.51,Moderate
2018,Morocco,Africa,26.29,707.1,0.363,0.274,13,29.53,Moderate
2019,Morocco,Africa,25.52,810.3,0.252,0.435,11,39.95,Moderate
2020,Morocco,Africa,25.04,613.5,0.446,0.424,22,12.58,Moderate
2021,Morocco,Africa,24.64,906.4,0.219,0.402,25,48.69,Moderate
2022,Morocco,Africa,25.26,705.7,0.407,0.229,18,20.21,Moderate
2023,Morocco,Africa,26.06,571.8,0.525,0.309,35,22.66,Moderate
2024,Morocco,Africa,24.75,664.9,0.256,0.237,19,28.61,Low
2025,Morocco,Africa,26.36,450.3,0.532,0.16,16,5.0,Moderate
2026,Morocco,Africa,25.94,601.0,0.536,0.374,13,22.51,Moderate
2027,Morocco,Africa,25.71,718.8,0.215,0.51,29,25.96,Moderate
2028,Morocco,Africa,27.6,747.9,0.469,0.294,27,34.42,Moderate
2029,Morocco,Africa,23.27,584.4,0.337,0.233,19,18.21,Moderate
2030,Morocco,Africa,25.78,1087.4,0.18,0.509,0,41.79,Moderate
2031,Morocco,Africa,23.44,622.4,0.361,0.267,16,33.11,Moderate
2032,Morocco,Africa,26.56,381.5,0.603,0.345,19,8.11,Moderate
2033,Morocco,Africa,27.21,844.1,0.301,0.38,14,41.39,Moderate
2034,Morocco,Africa,24.69,747.1,0.259,0.343,17,27.07,Moderate
2035,Morocco,Africa,24.86,687.1,0.399,0.473,27,15.03,Moderate
2036,Morocco,Africa,24.31,575.6,0.22,0.334,35,34.43,Moderate
2037,Morocco,Africa,26.44,712.9,0.426,0.435,25,27.1,Moderate
2038,Morocco,Africa,25.98,909.0,0.179,0.382,16,44.82,Moderate
2039,Morocco,Africa,26.07,682.3,0.431,0.299,16,29.42,Moderate
2040,Morocco,Africa,25.98,414.8,0.63,0.124,29,6.12,Moderate
2041,Morocco,Africa,25.27,97.5,0.661,0.113,11,5.0,Moderate
2042,Morocco,Africa,27.82,711.5,0.464,0.454,32,35.85,Moderate
2043,Morocco,Africa,26.8,492.3,0.601,0.198,26,12.4,Moderate
2044,Morocco,Africa,25.07,634.0,0.408,0.288,20,29.2,Moderate
2045,Morocco,Africa,25.67,520.5,0.502,0.235,8,5.0,Moderate
2046,Morocco,Africa,25.48,509.1,0.413,0.131,17,23.94,Moderate
2047,Morocco,Africa,28.24,527.6,0.549,0.21,17,6.26,Moderate
2048,Morocco,Africa,27.42,542.0,0.474,0.333,21,23.69,Moderate
2049,Morocco,Africa,26.43,774.2,0.413,0.317,30,32.79,Moderate
2050,Morocco,Africa,28.65,741.8,0.493,0.378,39,26.64,Moderate
1961,Sudan,Africa,24.88,706.2,0.348,0.219,0,40.54,Moderate
1962,Sudan,Africa,24.71,841.3,0.186,0.564,12,39.02,Moderate
1963,Sudan,Africa,24.05,648.6,0.277,0.233,7,22.37,Moderate
1964,Sudan,Africa,24.81,811.3,0.173,0.421,16,30.37,Moderate
1965,Sudan,Africa,27.72,732.7,0.403,0.236,8,34.13,Moderate
1966,Sudan,Africa,26.65,830.7,0.429,0.307,25,29.08,Moderate
1967,Sudan,Africa,24.06,908.3,0.211,0.526,23,43.48,Moderate
1968,Sudan,Africa,25.45,742.3,0.243,0.453,19,25.35,Moderate
1969,Sudan,Africa,25.26,666.6,0.247,0.352,23,28.81,Moderate
1970,Sudan,Africa,24.99,665.6,0.285,0.392,14,23.76,Moderate
1971,Sudan,Africa,23.98,574.8,0.326,0.371,3,20.32,Moderate
1972,Sudan,Africa,25.73,569.4,0.456,0.23,21,14.58,Moderate
1973,Sudan,Africa,26.23,794.3,0.438,0.285,28,37.11,Moderate
1974,Sudan,Africa,24.23,495.8,0.414,0.247,6,13.57,Moderate
1975,Sudan,Africa,27.6,908.4,0.466,0.408,23,35.25,Moderate
1976,Sudan,Africa,27.1,625.7,0.373,0.344,23,23.25,Moderate
1977,Sudan,Africa,25.95,1107.9,0.078,0.598,44,63.51,Moderate
1978,Sudan,Africa,23.83,539.1,0.469,0.215,17,22.91,Moderate
1979,Sudan,Africa,25.81,690.0,0.465,0.401,6,29.94,Moderate
1980,Sudan,Africa,25.68,593.7,0.433,0.349,3,11.56,Moderate
1981,Sudan,Africa,25.98,523.1,0.605,0.319,27,10.11,Moderate
1982,Sudan,Africa,27.29,820.2,0.443,0.377,45,39.27,Moderate
1983,Sudan,Africa,25.18,473.1,0.467,0.299,17,7.3,Moderate
1984,Sudan,Africa,27.87,541.8,0.632,0.313,24,14.96,Moderate
1985,Sudan,Africa,25.92,743.8,0.421,0.423,25,22.38,Moderate
1986,Sudan,Africa,25.1,769.2,0.257,0.519,12,27.53,Moderate
1987,Sudan,Africa,28.35,427.3,0.848,0.24,8,14.5,High
1988,Sudan,Africa,26.48,743.1,0.327,0.323,31,34.94,Moderate
1989,Sudan,Africa,24.96,670.6,0.38,0.246,13,31.82,Moderate
1990,Sudan,Africa,25.62,503.2,0.422,0.342,29,21.43,Moderate
1991,Sudan,Africa,26.3,523.8,0.549,0.29,16,14.37,Moderate
1992,Sudan,Africa,25.38,324.6,0.552,0.296,21,5.0,Moderate
1993,Sudan,Africa,25.74,924.8,0.203,0.3,28,39.77,Moderate
1994,Sudan,Africa,24.61,812.5,0.123,0.479,26,37.0,Moderate
1995,Sudan,Africa,23.59,443.7,0.527,0.201,16,22.31,Moderate
1996,Sudan,Africa,25.76,777.8,0.361,0.361,22,23.66,Moderate
1997,Sudan,Africa,25.82,558.2,0.579,0.218,26,13.0,Moderate
1998,Sudan,Africa,26.3,796.4,0.318,0.47,26,27.98,Moderate
1999,Sudan,Africa,24.99,570.6,0.533,0.334,8,24.22,Moderate
2000,Sudan,Africa,24.09,591.9,0.385,0.205,6,33.01,Moderate
2001,Sudan,Africa,24.56,603.9,0.406,0.315,0,23.93,Moderate
2002,Sudan,Africa,27.0,544.8,0.73,0.329,31,14.98,High
2003,Sudan,Africa,24.96,873.9,0.185,0.451,15,40.55,Moderate
2004,Sudan,Africa,25.24,793.8,0.393,0.486,26,34.45,Moderate
2005,Sudan,Africa,25.42,667.6,0.432,0.311,23,29.37,Moderate
2006,Sudan,Africa,25.07,813.9,0.226,0.227,11,38.73,Low
2007,Sudan,Africa,25.0,389.7,0.466,0.21,18,13.15,Moderate
2008,Sudan,Africa,24.8,453.4,0.433,0.241,14,18.65,Moderate
2009,Sudan,Africa,27.54,725.9,0.549,0.388,21,14.64,Moderate
2010,Sudan,Africa,26.7,767.7,0.525,0.472,31,27.89,Moderate
2011,Sudan,Africa,27.4,694.7,0.481,0.191,46,26.95,Moderate
2012,Sudan,Africa,27.66,348.8,0.745,0.155,35,5.03,Moderate
2013,Sudan,Africa,23.12,480.0,0.475,0.166,13,13.48,Moderate
2014,Sudan,Africa,26.37,716.7,0.412,0.262,33,28.55,Moderate
2015,Sudan,Africa,25.27,1038.2,0.21,0.513,33,43.4,Moderate
2016,Sudan,Africa,27.33,844.9,0.386,0.479,14,23.87,Moderate
2017,Sudan,Africa,25.12,902.4,0.222,0.475,29,46.57,Moderate
2018,Sudan,Africa,24.76,704.4,0.279,0.297,24,22.83,Moderate
2019,Sudan,Africa,24.32,703.2,0.238,0.34,26,29.43,Moderate
2020,Sudan,Africa,25.7,484.6,0.286,0.317,27,14.02,Moderate
2021,Sudan,Africa,27.18,802.3,0.485,0.456,23,39.95,Moderate
2022,Sudan,Africa,26.41,638.3,0.453,0.275,39,22.38,Moderate
2023,Sudan,Africa,24.67,760.8,0.258,0.331,20,31.02,Moderate
2024,Sudan,Africa,28.72,654.9,0.412,0.19,26,28.99,Moderate
2025,Sudan,Africa,26.93,694.7,0.399,0.313,28,39.69,Moderate
2026,Sudan,Africa,27.1,636.0,0.439,0.179,33,25.45,Moderate
2027,Sudan,Africa,27.73,685.9,0.433,0.508,27,23.37,Moderate
2028,Sudan,Africa,24.24,810.0,0.26,0.337,19,39.48,Moderate
2029,Sudan,Africa,25.13,447.4,0.547,0.312,20,5.0,Moderate
2030,Sudan,Africa,27.23,411.1,0.559,0.351,20,9.66,Moderate
2031,Sudan,Africa,25.29,718.1,0.248,0.376,13,42.92,Moderate
2032,Sudan,Africa,25.95,880.5,0.165,0.432,10,41.68,Moderate
2033,Sudan,Africa,26.2,920.8,0.397,0.355,34,38.74,Moderate
2034,Sudan,Africa,24.78,454.1,0.634,0.187,16,10.15,Moderate
2035,Sudan,Africa,25.9,585.5,0.409,0.421,0,18.73,Moderate
2036,Sudan,Africa,27.45,413.3,0.519,0.235,29,12.17,Moderate
2037,Sudan,Africa,27.24,561.9,0.571,0.283,28,21.33,Moderate
2038,Sudan,Africa,27.72,829.7,0.397,0.52,12,31.55,Moderate
2039,Sudan,Africa,27.62,647.9,0.543,0.38,20,6.59,Moderate
2040,Sudan,Africa,26.91,590.2,0.583,0.283,17,20.64,Moderate
2041,Sudan,Africa,26.83,737.2,0.451,0.386,18,40.64,Moderate
2042,Sudan,Africa,26.76,522.8,0.475,0.2,33,14.37,Moderate
2043,Sudan,Africa,25.72,904.9,0.263,0.408,19,31.15,Moderate
2044,Sudan,Africa,25.26,651.2,0.466,0.309,16,27.3,Moderate
2045,Sudan,Africa,25.68,585.7,0.408,0.337,30,31.59,Moderate
2046,Sudan,Africa,26.14,743.9,0.4,0.272,26,32.38,Moderate
2047,Sudan,Africa,25.76,800.3,0.272,0.406,7,44.92,Moderate
2048,Sudan,Africa,27.06,905.4,0.466,0.421,20,40.71,Moderate
2049,Sudan,Africa,26.83,616.4,0.395,0.236,27,27.16,Moderate
2050,Sudan,Africa,26.97,823.8,0.453,0.381,17,29.03,Moderate
1961,Ghana,Africa,25.34,611.1,0.545,0.359,22,19.58,Moderate
1962,Ghana,Africa,24.98,562.6,0.479,0.316,26,20.28,Moderate
1963,Ghana,Africa,24.96,812.1,0.371,0.482,20,24.36,Moderate
1964,Ghana,Africa,24.75,675.3,0.352,0.45,23,34.64,Moderate
1965,Ghana,Africa,25.34,914.1,0.246,0.307,23,41.99,Moderate
1966,Ghana,Africa,23.53,562.3,0.325,0.094,16,28.44,Low
1967,Ghana,Africa,26.08,727.9,0.371,0.501,31,36.3,Moderate
1968,Ghana,Africa,24.07,609.6,0.403,0.198,17,30.43,Moderate
1969,Ghana,Africa,24.84,871.1,0.164,0.349,36,36.38,Moderate
1970,Ghana,Africa,25.56,617.4,0.419,0.286,28,21.24,Moderate
1971,Ghana,Africa,24.07,786.7,0.302,0.261,7,29.62,Moderate
1972,Ghana,Africa,22.84,477.6,0.565,0.208,11,17.95,Moderate
1973,Ghana,Africa,24.76,583.6,0.257,0.216,21,26.04,Low
1974,Ghana,Africa,23.52,636.6,0.479,0.3,14,28.66,Moderate
1975,Ghana,Africa,26.11,852.1,0.276,0.448,27,43.77,Moderate
1976,Ghana,Africa,23.89,298.5,0.658,0.122,22,5.0,Moderate
1977,Ghana,Africa,27.07,596.8,0.62,0.267,14,25.54,Moderate
1978,Ghana,Africa,25.3,591.4,0.568,0.316,30,23.92,Moderate
1979,Ghana,Africa,25.4,317.7,0.585,0.242,16,5.0,Moderate
1980,Ghana,Africa,22.97,575.8,0.319,0.416,8,24.51,Moderate
1981,Ghana,Africa,25.53,403.5,0.584,0.184,15,7.75,Moderate
1982,Ghana,Africa,25.28,277.1,0.638,0.285,26,5.0,Moderate
1983,Ghana,Africa,23.84,608.0,0.463,0.374,13,18.91,Moderate
1984,Ghana,Africa,25.52,602.6,0.439,0.203,15,24.22,Moderate
1985,Ghana,Africa,24.95,610.8,0.282,0.205,15,25.31,Low
1986,Ghana,Africa,25.19,690.5,0.316,0.299,5,25.62,Moderate
1987,Ghana,Africa,25.5,509.3,0.385,0.37,13,18.91,Moderate
1988,Ghana,Africa,24.92,936.5,0.159,0.428,8,59.89,Moderate
1989,Ghana,Africa,25.8,644.7,0.483,0.171,19,18.45,Moderate
1990,Ghana,Africa,25.42,855.8,0.207,0.41,25,37.15,Moderate
1991,Ghana,Africa,26.11,381.2,0.601,0.032,26,5.0,Moderate
1992,Ghana,Africa,24.92,516.5,0.455,0.174,28,13.34,Moderate
1993,Ghana,Africa,24.3,759.8,0.283,0.333,25,37.22,Moderate
1994,Ghana,Africa,24.74,613.7,0.44,0.319,14,26.18,Moderate
1995,Ghana,Africa,27.34,478.3,0.69,0.321,26,10.08,High
1996,Ghana,Africa,26.78,355.8,0.865,0.233,24,6.65,High
1997,Ghana,Africa,27.1,767.3,0.417,0.289,8,34.79,Moderate
1998,Ghana,Africa,27.21,754.3,0.48,0.347,15,27.13,Moderate
1999,Ghana,Africa,25.12,688.9,0.237,0.351,18,20.5,Moderate
2000,Ghana,Africa,26.06,570.7,0.465,0.264,20,24.21,Moderate
2001,Ghana,Africa,25.81,471.9,0.532,0.214,25,13.98,Moderate
2002,Ghana,Africa,26.53,641.5,0.387,0.183,27,24.47,Moderate
2003,Ghana,Africa,25.41,439.5,0.514,0.128,6,8.91,Moderate
2004,Ghana,Africa,25.89,529.7,0.507,0.233,25,20.81,Moderate
2005,Ghana,Africa,25.88,851.8,0.245,0.178,23,39.78,Low
2006,Ghana,Africa,26.45,353.9,0.878,0.228,28,5.0,High
2007,Ghana,Africa,26.61,758.4,0.43,0.269,32,21.97,Moderate
2008,Ghana,Africa,25.96,889.1,0.423,0.499,20,42.4,Moderate
2009,Ghana,Africa,26.01,780.6,0.462,0.438,32,33.41,Moderate
2010,Ghana,Africa,26.15,713.7,0.347,0.313,15,30.28,Moderate
2011,Ghana,Africa,27.88,575.8,0.585,0.368,20,5.0,Moderate
2012,Ghana,Africa,23.84,546.7,0.367,0.333,18,19.77,Moderate
2013,Ghana,Africa,24.77,290.3,0.618,0.12,15,5.0,Moderate
2014,Ghana,Africa,26.76,655.9,0.391,0.294,26,21.26,Moderate
2015,Ghana,Africa,26.3,585.6,0.461,0.381,38,24.58,Moderate
2016,Ghana,Africa,26.31,538.3,0.56,0.288,26,20.01,Moderate
2017,Ghana,Africa,26.81,646.8,0.505,0.407,26,24.86,Moderate
2018,Ghana,Africa,26.28,660.0,0.463,0.139,15,29.97,Moderate
2019,Ghana,Africa,25.37,548.3,0.472,0.282,6,11.84,Moderate
2020,Ghana,Africa,26.82,908.1,0.361,0.328,23,35.46,Moderate
2021,Ghana,Africa,26.11,766.9,0.337,0.381,30,32.06,Moderate
2022,Ghana,Africa,25.56,793.4,0.423,0.454,18,27.49,Moderate
2023,Ghana,Africa,26.94,633.5,0.347,0.456,28,29.1,Moderate
2024,Ghana,Africa,26.92,731.8,0.476,0.291,36,23.94,Moderate
2025,Ghana,Africa,26.41,506.7,0.598,0.211,34,21.17,Moderate
2026,Ghana,Africa,28.23,756.6,0.417,0.371,32,23.9,Moderate
2027,Ghana,Africa,27.78,617.3,0.52,0.231,28,33.26,Moderate
2028,Ghana,Africa,27.41,486.5,0.66,0.322,14,23.3,Moderate
2029,Ghana,Africa,29.3,646.4,0.677,0.318,26,18.21,Moderate
2030,Ghana,Africa,26.07,603.3,0.332,0.311,19,30.39,Moderate
2031,Ghana,Africa,25.7,1021.7,0.206,0.56,14,44.57,Moderate
2032,Ghana,Africa,27.31,719.7,0.415,0.354,27,33.77,Moderate
2033,Ghana,Africa,25.99,902.8,0.345,0.386,37,37.19,Moderate
2034,Ghana,Africa,26.33,831.0,0.176,0.41,35,30.32,Moderate
2035,Ghana,Africa,25.15,656.0,0.584,0.26,21,5.0,Moderate
2036,Ghana,Africa,27.08,579.0,0.469,0.298,31,17.95,Moderate
2037,Ghana,Africa,24.6,371.6,0.679,0.266,11,6.67,Moderate
2038,Ghana,Africa,26.27,510.6,0.543,0.161,34,22.65,Moderate
2039,Ghana,Africa,26.39,756.0,0.314,0.255,10,31.75,Moderate
2040,Ghana,Africa,25.9,601.7,0.486,0.305,28,26.37,Moderate
2041,Ghana,Africa,24.33,710.1,0.392,0.294,20,24.95,Moderate
2042,Ghana,Africa,24.34,325.2,0.461,0.165,10,5.02,Moderate
2043,Ghana,Africa,25.58,722.6,0.419,0.387,19,34.07,Moderate
2044,Ghana,Africa,27.14,825.4,0.366,0.241,16,19.15,Moderate
2045,Ghana,Africa,26.86,365.9,0.728,0.238,15,5.0,Moderate
2046,Ghana,Africa,26.51,709.5,0.42,0.261,10,24.68,Moderate
2047,Ghana,Africa,25.49,865.0,0.211,0.431,26,47.2,Moderate
2048,Ghana,Africa,26.98,918.8,0.203,0.407,34,38.7,Moderate
2049,Ghana,Africa,24.43,569.4,0.468,0.241,0,22.2,Moderate
2050,Ghana,Africa,23.73,774.8,0.286,0.523,29,38.54,Moderate
